lead_id,business_name,city,state_province,country,website,domain,phone,email,specialty,niche,quality_tier,confidence,source,source_wave,enrichment_method,enrichment_confidence
B-W100-MS-0011,NY Skin Clinic,Aberdeen,,UK,https://nyskinclinic.co.uk,nyskinclinic.co.uk,01224 593777,info@nyskinclinic.co.uk,injectables,MedSpa,A,88,WebSearch,W100-LaneB,manual-search,88
MS-1544,Skin Rejuvenation Clinic Adelaide,Adelaide,,Australia,https://www.skinrejuvenationclinic.com.au,,+61 8 8332 3222,info@skinrejuvenationclinic.com.au,skin,MedSpa,A,,,W97-INTL,,
MS-1545,Cosmetix Clinic Adelaide,Adelaide,,Australia,https://www.cosmetixclinic.com.au,,+61 8 8221 9888,,facial-aesthetics,MedSpa,A,,,W97-INTL,,
B-W99-MS-0011,Jennifer Carly Aesthetic Medicine,Adelaide,SA,Australia,https://jennifercarlyaestheticmedicine.com.au,jennifercarlyaestheticmedicine.com.au,+61415823112,jennifercarlycosmetics@gmail.com,facial-aesthetics,MedSpa,A,90,websearch,W99-LaneB,websearch,90
MS-1398,Revive and Bloom Aesthetics,Albany,,USA,https://www.reviveandbloomaesthetics.com,,(518) 308-8111,reviveandbloomaesthetics@gmail.com,,MedSpa,A,,,W96,,
MS-1399,518 Medspa Albany,Albany,,USA,https://518medspa.com,,(518) 290-8062,info@518medspa.com,,MedSpa,A,,,W96,,
B-W104-MS-0008,Simply You Med Spa,Albany,GA,USA,https://simplyyoumedspa.com,simplyyoumedspa.com,(229) 883-8080,,injectables,MedSpa,A,,WebSearch,W104-LaneB,website_scrape,
MS-0064,ABQ Medical Spa,Albuquerque,NM,USA,https://medspaalbuquerque.com,medspaalbuquerque.com,(505) 433-3072,info@medspaalbuquerque.com,general,MedSpa,A,HIGH,WebSearch,W3,pattern_inferred_domain,65
MS-0065,Reform ABQ,Albuquerque,NM,USA,https://www.reformabq.com,reformabq.com,(505) 420-6979,office@reformabq.com,general,MedSpa,A,HIGH,WebSearch,W3,websearch_snippet,68
MS-0066,Royal Medical Health,Albuquerque,NM,USA,https://royalmedicalhealth.com,royalmedicalhealth.com,(505) 916-2457,info@royalmedicalhealth.com,general,MedSpa,A,HIGH,WebSearch,W3,websearch_mailto,90
MS-0067,AlluraDerm MD Med Spa,Albuquerque,NM,USA,https://alluraderm.com,alluraderm.com,(505) 821-9630,info@alluraderm.com,general,MedSpa,A,HIGH,WebSearch,W3,websearch_snippet,82
MS-0068,Blush Medical Spa Albuquerque,Albuquerque,NM,USA,https://www.theblushmedspa.com,theblushmedspa.com,(505) 420-8344,contact@theblushmedspa.com,general,MedSpa,A,HIGH,WebSearch,W3,websearch_snippet,85
MS-0069,Diversions Med Spa,Albuquerque,NM,USA,https://diversionsmedspa.com,diversionsmedspa.com,(505) 821-1960,brooklyn@diversionsmedspa.com,general,MedSpa,A,HIGH,WebSearch,W3,websearch_mailto,88
MS-0070,Silhouette Medical Spa,Albuquerque,NM,USA,https://www.silhouette-medspa.com,silhouette-medspa.com,(505) 508-0376,,general,MedSpa,A,HIGH,WebSearch,W3,no_email_found,0
MS-1210,Freya's Lair Medical Spa,Albuquerque,,USA,https://www.freyaslair.com,freyaslaircom,505-503-7381,,,MS,A,HIGH,websearch,W12,no_email_found,0
MS-1211,NuYu Med Spa,Albuquerque,,USA,https://nuyumedspanm.com,nuyumedspanmcom,(505) 681-6657,info@nuyumedspanm.com,,MS,A,HIGH,websearch,W12,websearch_snippet,80
MS-1212,Flawless Med Spa Albuquerque,Albuquerque,,USA,https://www.stayflawless.com,stayflawlesscom,(505) 888-1185,info@stayflawless.com,,MS,A,HIGH,websearch,W12,websearch_snippet,80
MS-0071,Fox River MedSpa,Algonquin,IL,USA,https://foxriverspa.com,foxriverspa.com,(224) 241-8489,info@foxriverspa.com,concierge,MedSpa,A,HIGH,WebSearch,W4,websearch_mailto,90
MS-1421,Beauti-Fill and Wellness,Amarillo,,USA,https://beauti-fill.com,,(806) 584-6184,,,MedSpa,A,,,W96,,
MS-1422,Awaken Medical Aesthetics,Amarillo,,USA,https://awakenmedicalaesthetics.com,,(806) 354-8600,,,MedSpa,A,,,W96,,
MS-1423,Skin and Vitality Society,Amarillo,,USA,https://skinvsociety.com,,(806) 350-5326,,,MedSpa,A,,,W96,,
MS-1213,New Age Medspa Anchorage,Anchorage,,USA,https://anchoragemedspa.com,anchoragemedspacom,(907) 921-4281,hello@newagemedspa.com,,MS,A,HIGH,websearch,W12,websearch_snippet,82
MS-1214,AK Beautiful You,Anchorage,,USA,https://akbeautifulyou.com,akbeautifulyoucom,(907) 313-6987,info@akbeautifulyou.com,,MS,A,HIGH,websearch,W12,websearch_snippet,80
MS-1215,Skinlife Medspa,Anchorage,,USA,https://theskinlifemedspa.com,theskinlifemedspacom,(907) 242-7546,info@theskinlifemedspa.com,,MS,A,HIGH,websearch,W12,websearch_snippet,82
MS-1216,Alyeska Aesthetics,Anchorage,,USA,https://www.alyeskaaesthetics.com,alyeskaaestheticscom,(907) 561-1436,,,MS,A,HIGH,websearch,W12,no_email_found,0
MS-1217,You Beauty Lounge Medspa,Anchorage,,USA,https://www.youbeautylounge.com,youbeautyloungecom,(907) 349-7744,reception@youluxuryconcepts.com,,MS,A,HIGH,websearch,W12,websearch_snippet,80
B-W101-MS-0025,WishLane Aesthetics & Wellness,Appleton,WI,USA,https://wishlaneaesthetics.com,wishlaneaesthetics.com,(920) 512-8822,Contact@wishlanemedical.com,injectables,MedSpa,A,high,web-search,W101-LaneB,direct-search,high
MS-0072,Premier Cosmetic Surgery & MedSpa,Arcadia,CA,USA,https://premiercosmeticla.com,premiercosmeticla.com,(626) 285-0508,info@premiercosmeticla.com,vaginal-rejuv,MedSpa,A,HIGH,WebSearch,W4,websearch_mailto,90
B-W99-MS-0001,West Asheville Aesthetics & Wellness,Asheville,NC,USA,https://westashevilleaesthetics.com,westashevilleaesthetics.com,+18284230645,,injectables,MedSpa,A,75,websearch,W99-LaneB,websearch,75
B-W99-MS-0002,SkinOvation Advanced Aesthetics,Asheville,NC,USA,https://skinovationnc.com,skinovationnc.com,+18285512442,info@skinovationnc.com,injectables,MedSpa,A,88,websearch,W99-LaneB,websearch,88
B-W99-MS-0034,Asheville Beauty Co,Asheville,NC,USA,https://ashevillebeauty.com,ashevillebeauty.com,+18285051197,,injectables,MedSpa,A,76,websearch,W99-LaneB,websearch,76
B-W104-MS-0036,Mountain Radiance Medical Spa,Asheville,NC,USA,https://mountainradiance.com,mountainradiance.com,(828) 627-2711,info@mountainradiance.com,injectables,MedSpa,A,,WebSearch,W104-LaneB,website_scrape,
MS-0073,WestEnd MedSpa Aspen,Aspen,CO,USA,https://www.westendmedspa.com/,westendmedspa.com,(970) 841-1478,info@westendmedspa.com,general,MedSpa,A,MEDIUM,Google Search,W4,pattern_inferred_domain,65
MS-0074,NeuroSpa Aspen,Aspen,CO,USA,https://www.theneurospa.com/,theneurospa.com,(970) 429-8909,info@theneurospa.com,general,MedSpa,A,MEDIUM,Google Search,W4,pattern_inferred_domain,65
MS-0075,Aspen Vida Medi Spa,Aspen,CO,USA,https://aspenvidamedispa.com/,aspenvidamedispa.com,(970) 429-8350,info@aspenvidamedispa.com,general,MedSpa,A,MEDIUM,Google Search,W4,websearch_mailto,90
MS-1365,Aspen Luxe Med Spa,Aspen,,USA,https://aspenluxemedspa.com,,(970) 632-2211,info@aspenluxemedspa.com,,MedSpa,A,,,W96,,
B-W103-MS-0005,The Renewal Method,Athens,GA,USA,https://www.therenewalmethod.com,,,athens@therenewalmethod.com,,,A,,,W103-LaneB,,
MS-0076,Atlanta MediSpa,Atlanta,GA,USA,https://www.atlantamedispa.com/,atlantamedispa.com,(678) 213-2220,info@atlantamedispa.com,general,MedSpa,A,HIGH,websearch,W1,websearch_email,HIGH
MS-0077,Balanced Aesthetics + Wellness,Atlanta,GA,USA,https://balancedaestheticsmedspa.com/,balancedaestheticsmedspa.com,(470) 226-2390,,general,MedSpa,A,HIGH,websearch,W1,websearch_phone,MEDIUM
MS-0078,The AgeLess Center,Atlanta,GA,USA,https://www.theagelesscenter.com/,theagelesscenter.com,(404) 233-5255,info@theagelesscenter.com,general,MedSpa,A,HIGH,websearch,W1,websearch_email,HIGH
MS-0079,Conqr Aesthetics Wellness,Atlanta,GA,USA,https://www.conqraesthetics.com/,conqraesthetics.com,(404) 446-9566,info@conqraesthetics.com,general,MedSpa,A,HIGH,websearch,W1,websearch_email,HIGH
MS-0080,Ecobel Med Spa,Atlanta,GA,USA,https://ecobelmedspa.com/,ecobelmedspa.com,(404) 960-0812,info@ecobelmedspa.com,general,MedSpa,A,HIGH,websearch,W1,websearch_email,85
MS-0081,Viva MD Atlanta,Atlanta,GA,USA,https://www.vivamd.org/,vivamd.org,(404) 618-4142,info@vivamd.org,general,MedSpa,A,HIGH,websearch,W1,websearch_email,80
MS-0082,Atlanta Medical Aesthetics,Atlanta,GA,USA,https://www.atlantamedicalaesthetics.com/,atlantamedicalaesthetics.com,(770) 653-5173,info@atlantamedicalaesthetics.com,general,MedSpa,A,HIGH,websearch,W1,websearch_email,80
MS-0083,Derm Clinic M.D.,Atlanta,GA,USA,https://www.dermclinicmd.com/,dermclinicmd.com,(404) 937-3760,info@dermclinicmd.com,general,MedSpa,A,HIGH,websearch,W1,websearch_email,70
MS-0084,Revolution by MKA,Atlanta,GA,USA,https://revolutionbymka.com/,revolutionbymka.com,(404) 689-1223,revolution@revolutionbymka.com,general,MedSpa,A,HIGH,websearch,W1,websearch_email,75
MS-0085,Truffles Aesthetics,Atlanta,GA,USA,https://www.trufflesaesthetics.com/,trufflesaesthetics.com,(770) 460-2000,info@trufflesaesthetics.com,general,MedSpa,A,HIGH,websearch,W1,websearch_email,82
MS-0086,Innovative Surgical Arts Medspa,Atlanta,GA,USA,https://www.innovativesurgicalarts.com/,innovativesurgicalarts.com,(678) 505-0029,booking@iwhcs.com,general,MedSpa,A,HIGH,websearch,W1,websearch_email,75
MS-0087,The Drip Lounge,Atlanta,GA,USA,https://thedriplounge.com,thedriplounge.com,(843) 990-4700,info@thedriplounge.com,iv-lounge,MedSpa,A,HIGH,web,W2,websearch_email,70
MS-0088,Hydrate IV Bar,Atlanta,GA,USA,https://hydrateivbar.com,hydrateivbar.com,,info@hydrateivbar.com,iv-lounge,MedSpa,A,HIGH,web,W2,websearch_email,72
MS-0089,Rejuvaa Wellness Bar,Atlanta,GA,USA,https://rejuvaawellnessbar.com,rejuvaawellnessbar.com,,info@rejuvaawellnessbar.com,iv-lounge,MedSpa,A,HIGH,web,W2,domain_pattern,65
MS-0090,Atlanta PRP Hair Growth,Atlanta,GA,USA,https://atlantaprphairgrowth.com,atlantaprphairgrowth.com,,info@atlantaprphairgrowth.com,hair-restoration,MedSpa,A,HIGH,web,W2,domain_pattern,65
MS-0091,Premier Image Cosmetic,Atlanta,GA,USA,https://picosmeticsurgery.com,picosmeticsurgery.com,(770) 457-6303,info@premierimage.com,hair-restoration,MedSpa,A,HIGH,web,W2,websearch_email,78
MS-0092,Atlanta Trichology,Atlanta,GA,USA,https://atlantatrichology.com,atlantatrichology.com,(678) 561-4522,info@atlantatrichology.com,hair-restoration,MedSpa,A,HIGH,web,W2,domain_pattern,65
MS-0093,Vital Living Healthcare,Atlanta,GA,USA,https://vitallivinghealthcare.com,vitallivinghealthcare.com,(404) 843-3636,info@vlhmd.com,hair-restoration,MedSpa,A,HIGH,web,W2,websearch_email,85
MS-0094,Atlanta Innovative Medicine,Atlanta,GA,USA,https://atlantamedicine.com,atlantamedicine.com,(770) 232-6243,hello@atlantamedicine.com,hair-restoration,MedSpa,A,HIGH,web,W2,websearch_email,85
MS-0095,Hair Restoration Specialists ATL,Atlanta,GA,USA,https://hrsatl.com,hrsatl.com,(404) 231-3100,info@hrsatl.com,hair-restoration,MedSpa,A,HIGH,web,W2,websearch_email,88
MS-0096,Kalos Hair Transplant,Atlanta,GA,USA,https://kaloshairtransplant.com,kaloshairtransplant.com,(404) 963-0871,info@kaloshairtransplant.com,hair-restoration,MedSpa,A,HIGH,web,W2,domain_pattern,65
MS-0097,Atlanta Functional Medicine,Atlanta,GA,USA,https://atlantafunctionalmedicine.com,atlantafunctionalmedicine.com,(770) 667-3006,ContactUs@AtlantaFunctionalMedicine.com,hrt,MedSpa,A,HIGH,web,W2,websearch_email,85
MS-0098,Atlanta Medical Institute,Atlanta,GA,USA,https://atlantamedicalinstitute.com,atlantamedicalinstitute.com,(404) 264-9553,info@atlantamedicalinstitute.com,hrt,MedSpa,A,HIGH,web,W2,websearch_email,88
MS-0099,Revelle Pelvic Floor PT,Atlanta,GA,USA,https://www.therevelle.com,therevelle.com,(770) 800-2377,info@therevelle.com,pelvic-floor,MedSpa,A,HIGH,WebSearch,W4,websearch_email,85
MS-1136,Regenerative MedSpa of Buckhead,Atlanta,,USA,https://regenmedspabuckhead.com,regenmedspabuckheadcom,(404) 816-8557,,vitamin-iv,MedSpa,A,HIGH,websearch,W9,,
MS-1126,Radiance Medspa Atlanta,Atlanta,,USA,https://radiancemedspaatlanta.com,radiancemedspaatlantacom,(770) 435-7700,info@radiancemedspaatlanta.com,tattoo-removal,MedSpa,A,MEDIUM,websearch,W9,websearch_generic,67
MS-1181,Elite IV Hydration Atlanta,Atlanta,,USA,https://eliteivhydrationandwellness.com,eliteivhydrationandwellnesscom,469-333-1298,admin@integrativewellnessfx.com,vitamin-iv,MedSpa,A,MEDIUM,websearch,W9,websearch_direct,80
MS-1161,Atlanta Permanent Makeup Lab,Atlanta,,USA,https://www.atlantapermanentmakeuplab.com,atlantapermanentmakeuplabcom,(404) 474-7879,info@atlantapermanentmakeuplab.com,microblading,MedSpa,A,MEDIUM,websearch,W9,pattern_inferred_domain,65
B-W104-MS-0006,Absolute Med Spa,Aubrey,TX,USA,https://absolutemspa.com,absolutemspa.com,(940) 286-3001,info@absolutemedspa.com,skin,MedSpa,A,,WebSearch,W104-LaneB,website_scrape,
B-W103-MS-0009,Auburn Med Spa,Auburn,AL,USA,https://auburnmedspa.com,,(334) 501-2221,,,,A,,,W103-LaneB,,
MS-0100,Ultra Cryo & Recovery,Auburndale,FL,USA,https://www.ultracryorecovery.com,ultracryorecovery.com,(863) 221-4337,info@ultracryorecovery.com,cryo,MedSpa,A,HIGH,WebSearch,W4,pattern_inferred_domain,65
B-W101-MS-0026,Augusta Facial Aesthetics,Augusta,GA,USA,https://augustafa.com,augustafa.com,(706) 514-2442,,facial-aesthetics,MedSpa,A,high,web-search,W101-LaneB,direct-search,high
MS-0101,Rejuvenate Austin,Austin,TX,USA,https://www.rejuvenateaustin.com/,rejuvenateaustin.com,512-923-1071,hello@rejuvenateaustin.com,general,MedSpa,A,HIGH,websearch,W1,websearch_email,HIGH
MS-0102,Innate Beauty,Austin,TX,USA,https://innatebeauty.com/,innatebeauty.com,(512) 656-5464,info@innatebeauty.com,general,MedSpa,A,HIGH,websearch,W1,websearch_email,HIGH
MS-0103,Maui MedSpa,Austin,TX,USA,https://www.mauimedspa.com/,mauimedspa.com,(737) 240-2212,manager@mauimedspa.com,general,MedSpa,A,HIGH,websearch,W1,websearch_email,HIGH
MS-0104,Austin Med Spa,Austin,TX,USA,https://www.austinmedspa.com/,austinmedspa.com,(512) 479-9997,suzette@austinmedspa.com,general,MedSpa,A,HIGH,websearch,W1,websearch_email,HIGH
MS-0105,Aesthetica Med Spa Austin,Austin,TX,USA,https://amedspa.com/,amedspa.com,(737) 260-5766,info@amedspa.com,general,MedSpa,A,HIGH,websearch,W1,pattern_inferred_domain,65
MS-0106,TOC Medical Spa,Austin,TX,USA,https://www.tocmedicalspa.com/,tocmedicalspa.com,(512) 533-7317,info@tocmedicalspa.com,general,MedSpa,A,HIGH,websearch,W1,pattern_inferred_domain,65
MS-0107,Auveau Medspa,Austin,TX,USA,https://www.auveau.com/,auveau.com,(512) 840-0607,info@auveau.com,general,MedSpa,A,HIGH,websearch,W1,websearch_mailto,90
MS-0108,Refine Aesthetics Austin,Austin,TX,USA,https://refineaesthetics.com/,refineaesthetics.com,(512) 572-1240,Info@RefineAesthetics.com,general,MedSpa,A,HIGH,websearch,W1,websearch_snippet,82
MS-0109,vIVe Hydration Therapy,Austin,TX,USA,https://viveiv.com,viveiv.com,(737) 980-8483,admin@viveiv.com,iv-lounge,MedSpa,A,HIGH,web,W2,websearch_snippet,80
MS-0110,Alive and Well,Austin,TX,USA,https://aliveandwell.health,aliveandwell.health,(512) 992-1016,shop@aliveandwell.health,iv-lounge,MedSpa,A,HIGH,web,W2,websearch_snippet,75
MS-0111,Alpha Hormones,Austin,TX,USA,https://alphahormones.com,alphahormones.com,(213) 334-4111,support@alphahormones.com,hrt,MedSpa,A,HIGH,web,W2,websearch_snippet,72
MS-0112,Saving Face Austin,Austin,TX,USA,https://savingfaceaustin.com,savingfaceaustin.com,(512) 572-1280,hello@savingfaceaustin.com,hrt,MedSpa,A,HIGH,web,W2,websearch_snippet,80
MS-0113,RENEW Hormone Health,Austin,TX,USA,https://renew-hormone-health.com,renew-hormone-health.com,(512) 730-0997,,hrt,MedSpa,A,HIGH,web,W2,no_email_found,0
MS-0114,Austin MD Aesthetics & Wellness,Austin,TX,USA,https://austinmdclinic.com,austinmdclinic.com,(512) 593-5605,info@austinmdclinic.com,hrt,MedSpa,A,HIGH,web,W2,websearch_snippet,82
MS-0115,Hormones by Design,Austin,TX,USA,https://hormonesbydesign.com,hormonesbydesign.com,(737) 258-4900,davis@hormonesbydesign.com,hrt,MedSpa,A,HIGH,web,W2,websearch_snippet,80
MS-0116,Gonstead ATX,Austin,TX,USA,https://gonstead-atx.com,gonstead-atx.com,(512) 542-9031,Frontdesk@gonstead-atx.com,hrt,MedSpa,A,HIGH,web,W2,websearch_snippet,80
MS-0117,Austin Hormone Doctor,Austin,TX,USA,https://austinhormonedoctor.com,austinhormonedoctor.com,(512) 459-4405,info@austinhormonedoctor.com,hrt,MedSpa,A,HIGH,web,W2,websearch_snippet,82
MS-0118,L-Aesthetics & Longevity MedSpa,Austin,TX,USA,https://lalongevity.com,lalongevity.com,(512) 505-8645,info@lalongevity.com,longevity,MedSpa,A,HIGH,WebSearch,W4,websearch_snippet,80
MS-0119,BEAUX MedSpa,Austin,TX,USA,https://beauxmedspa.com,beauxmedspa.com,(512) 428-5438,,longevity,MedSpa,A,HIGH,WebSearch,W4,no_email_found,0
B-W100-MS-0019,Bloom Medical Aesthetics and Wellness,Bakersfield,CA,US,https://www.bloommedicalaestheticswellness.com,bloommedicalaestheticswellness.com,(805) 975-5456,bloom.medical.aesthetic@gmail.com,injectables,MedSpa,A,82,WebSearch,W100-LaneB,manual-search,80
MS-0120,Revive Medical Spa Barrie,Barrie,ON,Canada,https://revivemedspa.ca/,revivemedspa.ca,(705) 712-3737,info@revivemedspa.ca,general,MedSpa,A,HIGH,WebSearch,W3,websearch_mailto,90
MS-0121,413 Medical Aesthetics,Barrie,ON,Canada,https://www.413medicalaesthetics.ca/,413medicalaesthetics.ca,(705) 726-6259,info@413medicalaesthetics.ca,general,MedSpa,A,HIGH,WebSearch,W3,websearch_snippet,68
MS-0122,Spa Lumina,Barrie,ON,Canada,https://spalumina.com/,spalumina.com,(705) 721-7775,contact@spalumina.com,general,MedSpa,A,HIGH,WebSearch,W3,websearch_mailto,90
MS-0123,North Valley Medical Aesthetics,Barrie,ON,Canada,https://www.northvalleybarrie.com/,northvalleybarrie.com,(705) 623-5529,info@northvalleybarrie.com,general,MedSpa,A,HIGH,WebSearch,W3,websearch_snippet,85
MS-0124,Skin Med Spa Barrie,Barrie,ON,Canada,https://www.skinmedspa.ca/,skinmedspa.ca,,info@skinmedspa.ca,general,MedSpa,A,HIGH,WebSearch,W3,websearch_snippet,82
B-W104-MS-0007,Thrive Med Spa,Basking Ridge,NJ,USA,https://thrivemedspa.org,thrivemedspa.org,(908) 895-5680,info@thrivemedspa.org,injectables,MedSpa,A,,WebSearch,W104-LaneB,website_scrape,
B-W100-MS-0010,Enhance Medispa,Bath,,UK,https://www.enhancemedispa.co.uk,enhancemedispa.co.uk,01225 422851,info@enhancemedispa.co.uk,skin,MedSpa,A,88,WebSearch,W100-LaneB,manual-search,90
B-W102-MS-0035,Macquarie Medi Spa,Bathurst,NSW,Australia,https://macquariemedispa.online,,(02) 6332-2062,,skin; facial-aesthetics; injectables; laser; wellness,,A,,,W102-LaneB,,
B-W104-MS-0023,Wylah Medical & Aesthetics,Bathurst / Orange,NSW,Australia,https://wylahsa.com.au,wylahsa.com.au,0477 926 918,reception@wylahsa.com.au,injectables,MedSpa,A,,WebSearch,W104-LaneB,website_scrape,
B-W102-MS-0010,Dharma Wellness MedSpa,Beaumont,TX,US,https://www.dharmawellnessmedspa.com,,(409) 333-1335,dharmawellnessmedspa@gmail.com,IV-therapy; injectables; hair-restoration; weight-loss; wellness,,A,,,W102-LaneB,,
B-W99-MS-0023,Aspire Aesthetics NI,Belfast,,UK,https://aspire-aesthetics.com,aspire-aesthetics.com,+447452949448,info@aspire-aesthetics.com,injectables,MedSpa,A,90,websearch,W99-LaneB,websearch,90
B-W102-MS-0007,Aesthetics By The Bay,Belleville,ON,Canada,https://www.aestheticsbythebay.ca,,(289) 455-0271,info@aestheticsbythebay.ca,injectables; laser; skin,,A,,,W102-LaneB,,
B-W102-MS-0040,MedAesthetics Sarnia (GSM),Belleville,ON,Canada,https://gsmmedspa.com,,(905) 999-7737,,injectables; laser; skin; weight-loss,,A,,,W102-LaneB,,
MS-0125,Glowlight Med Spa,Bellevue,WA,USA,https://glowlightmedspa.com/,glowlightmedspa.com,(425) 940-4569,contacts@glowlightmedspa.com,general,MedSpa,A,MEDIUM,WebSearch,W1,websearch_email,85
MS-0126,AMARA Medical Aesthetics,Bellevue,WA,USA,https://www.amaraaestheticsbellevue.com/,amaraaestheticsbellevue.com,(425) 455-2131,info@amaraaestheticsbellevue.com,general,MedSpa,A,MEDIUM,WebSearch,W1,pattern_inferred,72
MS-0127,Muse Medspa,Bellevue,WA,USA,https://www.muse-medspa.com/,muse-medspa.com,(425) 698-7352,jiangwenting253@gmail.com,general,MedSpa,A,MEDIUM,WebSearch,W1,websearch_email,70
MS-0130,Flawless Medispa,Bellevue,WA,USA,https://www.flawlessmedispa.com/,flawlessmedispa.com,(360) 545-3375,LMaragh551@gmail.com,general,MedSpa,A,MEDIUM,WebSearch,W1,websearch_email,75
MS-0128,Eastside Body and Skin,Bellevue,WA,USA,https://www.eastsidebodyandskin.com/,eastsidebodyandskin.com,(425) 643-5772,info@eastsidebodyandskin.com,general,MedSpa,A,MEDIUM,WebSearch,W1,pattern_inferred_domain,65
MS-0129,NewSkin Med Spa,Bellevue,WA,USA,https://www.newskin.com/,newskin.com,(425) 998-3935,info@newskin.com,general,MedSpa,A,MEDIUM,WebSearch,W1,pattern_inferred_domain,65
MS-0131,Viktorya Wellness and Skincare,Bellevue,WA,USA,https://www.viktoryawellness.com/,viktoryawellness.com,(425) 417-1269,info@viktoryawellness.com,general,MedSpa,A,MEDIUM,WebSearch,W1,pattern_inferred_domain,65
MS-0132,The Glow Clinic,Bellevue,WA,USA,https://www.theglowclinic.org/,theglowclinic.org,(425) 341-3650,,general,MedSpa,A,MEDIUM,WebSearch,W1,no_email_found,0
MS-0133,Sevid Beauty and Aesthetics,Bellevue,WA,USA,https://sevidbeauty.com/,sevidbeauty.com,(425) 900-5800,customerservice@sevidbeauty.com,general,MedSpa,A,MEDIUM,WebSearch,W1,websearch_snippet,85
MS-0134,Annemarie Aesthetics,Bellevue,WA,USA,https://www.annemarieaesthetics.com/,annemarieaesthetics.com,(509) 824-6978,Hello@annemarieaesthetics.com,general,MedSpa,A,MEDIUM,WebSearch,W1,websearch_snippet,80
MS-0135,The Clinic Medspa Bellevue,Bellevue,WA,USA,https://theclinicmedspa.com,theclinicmedspa.com,(206) 350-7202,info@theclinicmedspa.com,general,MedSpa,A,MEDIUM,WebSearch,W1,websearch_snippet,75
MS-0136,Natural Rejuvenation Med Spa,Bellevue,WA,USA,https://naturalrejuvenationmedspa.com/,naturalrejuvenationmedspa.com,(425) 281-4325,info@naturalrejuvenationmedspa.com,general,MedSpa,A,MEDIUM,WebSearch,W1,websearch_snippet,85
MS-0137,Bellaboxx Aesthetics,Bellevue,WA,USA,https://www.bellaboxx.com/,bellaboxx.com,(425) 247-3501,info@bellaboxx.com,general,MedSpa,A,MEDIUM,WebSearch,W1,websearch_snippet,75
MS-0138,Templum Aesthetics,Bellevue,WA,USA,https://templumaw.com/,templumaw.com,(425) 270-1447,info@templumaw.com,general,MedSpa,A,MEDIUM,WebSearch,W1,websearch_snippet,82
MS-0139,Mahal Aesthetics,Bellevue,WA,USA,https://www.mahalaesthetics.com/,mahalaesthetics.com,(425) 800-7882,hello@mahalaesthetics.com,general,MedSpa,A,MEDIUM,WebSearch,W1,websearch_snippet,85
MS-0140,Skintegrity Med Spa,Bellevue,WA,USA,https://www.skintegritymedspa.com/,skintegritymedspa.com,(425) 803-3000,info@skintegritymedspa.com,general,MedSpa,A,MEDIUM,WebSearch,W1,websearch_snippet,75
B-W101-MS-0042,Boheme Aesthetics & Wellness,Bellingham,WA,USA,https://www.bohemeaestheticsandwellness.com,bohemeaestheticsandwellness.com,(360) 788-4112,,injectables,MedSpa,A,high,web-search,W101-LaneB,direct-search,high
MS-0141,W Aesthetics and Wellness,Bend,OR,USA,https://waestheticsandwellness.com,waestheticsandwellness.com,(541) 241-4011,marissa@waestheticsandwellness.com,general,MedSpa,A,HIGH,WebSearch,W3,websearch_mailto,85
MS-0142,EsthetixMD,Bend,OR,USA,https://www.esthetixmd.com,esthetixmd.com,(541) 330-5551,exhale@esthetixmd.com,general,MedSpa,A,HIGH,WebSearch,W3,websearch_mailto,85
MS-0143,Evexia Medspa Bethesda,Bethesda,MD,USA,https://evexiamedspa.com/,evexiamedspa.com,(571) 774-0965,evexia@evexiamedspa.com,general,MedSpa,A,HIGH,websearch,W1,websearch_mailto,90
MS-0144,NoBe Aesthetics & Wellness,Bethesda,MD,USA,https://www.nobeinjectables.com/,nobeinjectables.com,(240) 221-7002,info@nobeinjectables.com,general,MedSpa,A,HIGH,websearch,W1,pattern_inferred_domain,65
MS-0145,Fresh Face Bethesda,Bethesda,MD,USA,https://freshfacebethesda.com/,freshfacebethesda.com,(240) 630-1952,info@freshfacebethesda.com,general,MedSpa,A,HIGH,websearch,W1,pattern_inferred_domain,65
MS-0146,Estar Medspa,Bethesda,MD,USA,https://estarmedspa.com/,estarmedspa.com,(301) 917-3870,info@estarmedspa.com,general,MedSpa,A,HIGH,websearch,W1,websearch_snippet,85
MS-0147,Rejuvenate MedSpa Maryland,Bethesda,MD,USA,https://rejuvenatemaryland.com/,rejuvenatemaryland.com,(301) 241-0030,,general,MedSpa,A,HIGH,websearch,W1,no_email_found,0
MS-0148,Cosmetic Dermatology Center,Bethesda,MD,USA,https://cosmetic-dermatology-center.com/,cosmetic-dermatology-center.com,(703) 827-8600,,general,MedSpa,A,HIGH,websearch,W1,no_email_found,0
B-W103-MS-0018,Glow By Laser,Bethlehem,PA,USA,https://glowbylaser.com,,(484) 995-5098,contact@glowbylaser.com,,,A,,,W103-LaneB,,
MS-0001,Beverly Hills Aesthetic Medics,Beverly Hills,CA,USA,https://www.bhaestheticmedics.com/,bhaestheticmedics.com,(310) 273-4247,,general,MedSpa,A,HIGH,WebSearch,W1,,
MS-0002,Beverly Wilshire Aesthetics,Beverly Hills,CA,USA,https://www.clinicalmedspabeverlyhills.com/,clinicalmedspabeverlyhills.com,(424) 453-5340,,general,MedSpa,A,HIGH,WebSearch,W1,,
MS-0003,iGlow Med Spa,Beverly Hills,CA,USA,https://iglowmedspa.com/,iglowmedspa.com,(310) 652-0544,,general,MedSpa,A,HIGH,WebSearch,W1,,
MS-0004,Smooth Skin Lounge,Beverly Hills,CA,USA,https://www.smoothskinlounge.com/,smoothskinlounge.com,(818) 308-7703,,general,MedSpa,A,HIGH,WebSearch,W1,,
MS-0005,Beverly Hills Botox Consultants,Beverly Hills,CA,USA,https://www.beverlyhillsbotoxconsultants.com/,beverlyhillsbotoxconsultants.com,(310) 550-7661,contact@bhderm.com,general,MedSpa,A,HIGH,WebSearch,W1,,
MS-0149,Skin Verse Medical Spa,Beverly Hills,CA,USA,https://skinversemedspa.com/,skinversemedspa.com,(424) 255-9289,info@skinversemedspa.com,general,MedSpa,A,MEDIUM,WebSearch,W1,websearch_email,HIGH
MS-0150,Youthfill MD,Beverly Hills,CA,USA,https://www.youthfillmd.com/,youthfillmd.com,833-522-6869,,general,MedSpa,A,MEDIUM,WebSearch,W1,websearch_phone,MEDIUM
MS-0151,BW Aesthetics,Beverly Hills,CA,USA,https://www.bwaesthetics.com/,bwaesthetics.com,(866) 221-7030,info@bwaesthetics.com,general,MedSpa,A,MEDIUM,WebSearch,W1,websearch_email,HIGH
MS-0152,AsandraMD Anti-Aging,Beverly Hills,CA,USA,https://asandramd.com,asandramd.com,(424) 542-8881,drchris@asandramd.com,weight-loss,MedSpa,A,HIGH,web,W2,websearch_email,HIGH
MS-0153,Dr. Jonathan Sykes,Beverly Hills,CA,USA,https://drjonathansykes.com,drjonathansykes.com,(424) 274-2363,info@drjonathansykes.com,weight-loss,MedSpa,A,HIGH,web,W2,pattern_inferred_domain,65
MS-0154,Dr. Vallecillos,Beverly Hills,CA,USA,https://drvallecillos.com,drvallecillos.com,(310) 273-3007,info@drvallecillos.com,weight-loss,MedSpa,A,HIGH,web,W2,websearch_mailto,90
MS-0155,Beverly Hills Rejuvenation Center,Beverly Hills,CA,USA,https://bhrcenter.com,bhrcenter.com,(949) 430-0789,info@bhrcenter.com,weight-loss,MedSpa,A,HIGH,web,W2,websearch_pattern_confirmed,70
MS-0156,Physique26,Beverly Hills,CA,USA,https://physique26.com,physique26.com,(310) 659-0500,info@physique26.com,weight-loss,MedSpa,A,HIGH,web,W2,websearch_snippet,80
MS-0157,Done by Dorfman,Beverly Hills,CA,USA,https://donebydorfman.com,donebydorfman.com,(312) 420-2575,Office@donebydorfman.com,weight-loss,MedSpa,A,HIGH,web,W2,websearch_snippet,82
MS-0158,Dr. Monika Kiripolsky,Beverly Hills,CA,USA,https://drkiripolsky.com,drkiripolsky.com,(424) 652-6563,Assistant@drkiripolsky.com,weight-loss,MedSpa,A,HIGH,web,W2,websearch_snippet,80
MS-0161,NassifMD MedSpa,Beverly Hills,CA,USA,https://nassifmdmedspa.com,nassifmdmedspa.com,(310) 275-2467,concierge@drpaulnassif.com,hair-restoration,MedSpa,A,HIGH,web,W2,websearch_snippet,82
MS-0165,My Concierge MD,Beverly Hills,CA,USA,https://myconciergemd.com,myconciergemd.com,(310) 299-8959,info@myconciergemd.com,hrt,MedSpa,A,HIGH,web,W2,websearch_snippet,85
MS-0168,Volure MedSpa,Beverly Hills,CA,USA,https://www.voluremedspa.com,voluremedspa.com,(310) 907-7794,,vaginal-rejuv,MedSpa,A,HIGH,WebSearch,W4,no_email_found,0
MS-0159,Beverly Hills Hair Group,Beverly Hills,CA,USA,https://beverlyhillshairgroup.com,beverlyhillshairgroup.com,(424) 343-3343,VIP@BeverlyHillsHairGroup.com,hair-restoration,MedSpa,A,HIGH,web,W2,websearch_snippet,80
MS-0160,Dr. Torkian Facial Plastic Surgery,Beverly Hills,CA,USA,https://drtorkian.com,drtorkian.com,(310) 652-6673,,hair-restoration,MedSpa,A,HIGH,web,W2,websearch_phone_only,0
MS-0162,Dr. Jimmy Firouz,Beverly Hills,CA,USA,https://drfirouz.com,drfirouz.com,(310) 274-4321,,hair-restoration,MedSpa,A,HIGH,web,W2,websearch_phone_only,0
MS-0163,Beverly Hills Hair Restoration,Beverly Hills,CA,USA,https://beverlyhillshr.com,beverlyhillshr.com,(310) 289-0901,info@beverlyhillshr.com,hair-restoration,MedSpa,A,HIGH,web,W2,websearch_snippet,85
MS-0164,Nazarian Plastic Surgery,Beverly Hills,CA,USA,https://nazarianplasticsurgery.com,nazarianplasticsurgery.com,(310) 773-3039,info@nazarianplasticsurgery.com,hair-restoration,MedSpa,A,HIGH,web,W2,websearch_snippet,85
MS-0166,Beverly Hills Concierge Doctor,Beverly Hills,CA,USA,https://beverlyhillsconciergedoctor.com,beverlyhillsconciergedoctor.com,(310) 683-0180,help@BeverlyHillsConciergeDoctor.com,hrt,MedSpa,A,HIGH,web,W2,websearch_snippet,85
MS-0167,RWA Center,Beverly Hills,CA,USA,https://rwacenter.com,rwacenter.com,(310) 407-0542,,hrt,MedSpa,A,HIGH,web,W2,websearch_phone_only,0
MS-0169,Berman Sexual Health,Beverly Hills,CA,USA,https://bermansexualhealth.com,bermansexualhealth.com,(310) 772-0072,,vaginal-rejuv,MedSpa,A,HIGH,WebSearch,W4,websearch_phone_only,0
MS-0170,R3 Anti Aging & Medspa,Beverly Hills,CA,USA,https://r3antiaging.com,r3antiaging.com,(424) 382-1074,beverlyhills@r3antiaging.com,longevity,MedSpa,A,HIGH,WebSearch,W4,websearch_snippet,90
MS-0006,Amor Aesthetics MT,Billings,MT,USA,https://www.amoraestheticsmt.com/,amoraestheticsmt.com,(406) 500-8172,hello@amoraestheticsmt.com,general,MedSpa,A,HIGH,Google Search,W4,,
MS-0171,Montana Medical Aesthetics,Billings,MT,USA,https://montanamedicalaesthetics.com/,montanamedicalaesthetics.com,(406) 969-6622,info@montanamedicalaesthetics.com,general,MedSpa,A,MEDIUM,Google Search,W4,pattern_inferred_domain,65
MS-0172,Premier Aesthetics MT,Billings,MT,USA,https://premieraestheticsmt.com/,premieraestheticsmt.com,(406) 794-0003,hollyb@premieraestheticsmt.com,general,MedSpa,A,MEDIUM,Google Search,W4,websearch_mailto,85
MS-0173,B.Leaf Aesthetic Clinic,Billings,MT,USA,https://ourbleaf.com/,ourbleaf.com,(406) 201-1970,contact@ourbleaf.com,general,MedSpa,A,MEDIUM,Google Search,W4,websearch_mailto,90
MS-0174,BEAU Aesthetics Wellness,Billings,MT,USA,https://www.beaumontana.com/,beaumontana.com,(406) 298-9007,info@beaumontana.com,general,MedSpa,A,MEDIUM,Google Search,W4,websearch_snippet,85
MS-0175,Top Deck Medical Aesthetics,Billings,MT,USA,https://www.topdeckmt.com/,topdeckmt.com,406-302-2808,topdeckmontana@gmail.com,general,MedSpa,A,MEDIUM,Google Search,W4,websearch_snippet,78
MS-0007,Birmingham Skin & Hair Aesthetics,Birmingham,MI,USA,https://birminghamsha.com/,birminghamsha.com,(248) 593-1000,,general,MedSpa,A,HIGH,websearch,W1,,
MS-0181,Smart Skin Med Spa,Birmingham,AL,USA,https://smartskinmedspa.com,smartskinmedspa.com,(205) 968-1301,info@smartskinmedspa.com,general,MedSpa,A,HIGH,WebSearch,W3,websearch_email,90
MS-0182,Azia Medical Spa,Birmingham,AL,USA,https://aziamedispa.com,aziamedispa.com,(205) 980-7772,Theaziaexperience@gmail.com,general,MedSpa,A,HIGH,WebSearch,W3,websearch_email,85
MS-0183,Infinity Med-I-Spa,Birmingham,AL,USA,https://med-i-spa.com,med-i-spa.com,(205) 991-3200,infinitymedispa.al@gmail.com,general,MedSpa,A,HIGH,WebSearch,W3,websearch_email,85
MS-0176,Skin House,Birmingham,MI,USA,https://skin-house.com/,skin-house.com,(248) 839-5698,hello@skin-house.com,general,MedSpa,A,HIGH,websearch,W1,websearch_mailto,90
MS-0177,Modern Aesthetics + Skin,Birmingham,MI,USA,https://www.modernaestheticsskin.com/,modernaestheticsskin.com,(248) 574-5600,info@modernaestheticsskin.com,general,MedSpa,A,HIGH,websearch,W1,pattern_inferred_domain,65
MS-0178,Glam Jail Med Spa,Birmingham,MI,USA,https://glamjail.com/,glamjail.com,(248) 839-5130,help@glamjail.com,general,MedSpa,A,HIGH,websearch,W1,websearch_mailto,90
MS-0179,AMAE Med Spa,Birmingham,MI,USA,https://birminghammedspa.com/,birminghammedspa.com,(248) 335-7200,info@drali.com,general,MedSpa,A,HIGH,websearch,W1,websearch_snippet,80
MS-0180,Elizabeth Face + Body Med Spa,Birmingham,MI,USA,https://www.elizabethmedspa.com/,elizabethmedspa.com,(248) 268-1655,elizabeth@elizabethmedspa.com,general,MedSpa,A,HIGH,websearch,W1,websearch_snippet,82
MS-1516,Therapie Clinic Birmingham,Birmingham,,UK,https://www.therapieclinic.com,,+44 121 643 1212,,laser,MedSpa,A,,,W97-INTL,,
MS-1517,Cosmetic Courses Birmingham,Birmingham,,UK,https://www.cosmeticcourses.co.uk,,+44 1844 390110,,injectables,MedSpa,A,,,W97-INTL,,
MS-1518,The Private Clinic Birmingham,Birmingham,,UK,https://www.theprivateclinic.co.uk/birmingham,,+44 330 058 1598,,surgery-adjacent,MedSpa,A,,,W97-INTL,,
MS-1519,Define Clinic Birmingham,Birmingham,,UK,https://www.defineclinic.com,,+44 121 285 5440,info@defineclinic.com,facial-aesthetics,MedSpa,A,,,W97-INTL,,
B-W103-MS-0001,Avery's Health & Wellness,Bismarck,ND,USA,https://www.averysmedspa.org,,(701) 426-6765,averysmedspa@hotmail.com,,,A,,,W103-LaneB,,
B-W103-MS-0002,Bare Medispa,Bismarck,ND,USA,https://baremedispa.com,,(701) 751-6363,,,,A,,,W103-LaneB,,
B-W104-MS-0042,InnerBeauty Med Spa & Laser,Blaine,MN,USA,https://www.ibmedspa.com,ibmedspa.com,(763) 307-2600,ibmedspa@ibmedspa.com,injectables,MedSpa,A,,WebSearch,W104-LaneB,website_scrape,
MS-0184,FLAUNT Med Spa,Boca Raton,FL,USA,https://www.flaunt-medspa.com/,flaunt-medspa.com,(561) 216-0741,info@flaunt-medspa.com,general,MedSpa,A,HIGH,websearch,W1,pattern_inferred_domain,65
MS-0185,Boca Laser & Medical Spa,Boca Raton,FL,USA,https://bocalasermedicalspa.com/,bocalasermedicalspa.com,(561) 674-9222,info@bocalasermedicalspa.com,general,MedSpa,A,HIGH,websearch,W1,pattern_inferred_domain,65
MS-0186,Prestige Aesthetics Clinic,Boca Raton,FL,USA,https://pacboca.com/,pacboca.com,(561) 235-7300,support@pacboca.com,general,MedSpa,A,HIGH,websearch,W1,websearch_mailto,90
MS-0187,Horn Plastic Surgery Med Spa,Boca Raton,FL,USA,https://www.hornplasticsurgery.com/,hornplasticsurgery.com,(561) 288-0708,,general,MedSpa,A,HIGH,websearch,W1,no_email_found,0
MS-0188,Elite Medical SPA Boca,Boca Raton,FL,USA,https://drhegedosh.com/,drhegedosh.com,(954) 456-4777,,general,MedSpa,A,HIGH,websearch,W1,websearch_phone_only,0
MS-0189,AuraMed Aesthetics,Boca Raton,FL,USA,https://auramedboca.com/,auramedboca.com,(561) 923-9050,auramedboca@outlook.com,general,MedSpa,A,HIGH,websearch,W1,websearch_snippet,72
MS-0190,Dr. G Med Spa,Boca Raton,FL,USA,https://www.drgmedspa.com/,drgmedspa.com,(561) 717-0400,dr.gmedspa@gmail.com,general,MedSpa,A,HIGH,websearch,W1,websearch_snippet,80
MS-0191,All About Aesthetics Med Spa,Boca Raton,FL,USA,https://allaboutaestheticsfl.com/,allaboutaestheticsfl.com,(561) 757-3775,,general,MedSpa,A,HIGH,websearch,W1,websearch_phone_only,0
MS-0192,ZenTox Aesthetics,Boca Raton,FL,USA,https://www.zentoxaesthetics.com/,zentoxaesthetics.com,(561) 430-3530,,general,MedSpa,A,HIGH,websearch,W1,websearch_phone_only,0
MS-0193,OM Med Spa Boise,Boise,ID,USA,https://ommedspa.com,ommedspa.com,208-917-2782,info@ommedspa.com,general,MedSpa,A,HIGH,WebSearch,W3,websearch_email,90
MS-0194,Spa 35 Boise,Boise,ID,USA,https://spa35.com,spa35.com,(208) 367-0700,betterskin@spa35.com,general,MedSpa,A,HIGH,WebSearch,W3,websearch_email,90
MS-0198,Mindful Med Spa Boise,Boise,ID,USA,https://www.mindful-medspa.com,mindful-medspa.com,(208) 986-2727,info@mindful-medspa.com,general,MedSpa,A,HIGH,WebSearch,W3,websearch_email,90
MS-0199,Skin Aesthetics Boise,Boise,ID,USA,https://www.skinaestheticsboise.com,skinaestheticsboise.com,(208) 608-8945,valerie@skinaestheticsboise.com,general,MedSpa,A,HIGH,WebSearch,W3,websearch_email,90
MS-0196,Bobbi Bullock Medical Esthetics,Boise,ID,USA,https://www.bobbibullock.com,bobbibullock.com,(208) 575-5789,hello@bobbibullock.com,general,MedSpa,A,HIGH,WebSearch,W3,domain_pattern,72
MS-0195,Refined Beauty Idaho,Boise,ID,USA,https://refinedbeautyidaho.com,refinedbeautyidaho.com,(208) 296-5477,info@refinedbeautyidaho.com,general,MedSpa,A,HIGH,WebSearch,W3,pattern_inferred_domain,65
MS-0197,The Spa Boise,Boise,ID,USA,https://thespaboise.com,thespaboise.com,(208) 590-7721,info@thespaboise.com,general,MedSpa,A,HIGH,WebSearch,W3,pattern_inferred_domain,65
MS-0200,Boise Image Enhancement Centre,Boise,ID,USA,https://boiseimage.com,boiseimage.com,(208) 375-1221,info@boiseimage.com,general,MedSpa,A,HIGH,WebSearch,W3,pattern_inferred_domain,65
B-W99-MS-0003,Foothills Med Spa,Boise,ID,USA,https://foothillsmedspa.com,foothillsmedspa.com,+12082862327,,injectables,MedSpa,A,80,websearch,W99-LaneB,websearch,80
MS-0201,IGH Wellness,Bolingbrook,IL,USA,https://www.askdrreese.com,askdrreese.com,(630) 864-6486,info@askdrreese.com,concierge,MedSpa,A,HIGH,WebSearch,W4,pattern_inferred_domain,65
MS-0202,Boston Medical Aesthetics,Boston,MA,USA,https://www.bostonmedicalaesthetics.net/,bostonmedicalaesthetics.net,(617) 973-9700,info@bostonmedicalaesthetics.net,general,MedSpa,A,HIGH,websearch,W1,websearch_mailto,90
MS-0203,Seaport Medspa,Boston,MA,USA,https://www.seaportmedspa.com/,seaportmedspa.com,(617) 681-8244,hello@seaportmedspa.com,general,MedSpa,A,HIGH,websearch,W1,websearch_mailto,90
MS-0204,KDR Medspa + Wellness,Boston,MA,USA,https://kathrynrussoaesthetics.com/,kathrynrussoaesthetics.com,(617) 834-1812,info@kathrynrussoaesthetics.com,general,MedSpa,A,HIGH,websearch,W1,websearch_snippet,70
MS-0205,Vega Vitality,Boston,MA,USA,https://vegavitality.com/,vegavitality.com,(617) 658-3421,info@vegavitality.com,general,MedSpa,A,HIGH,websearch,W1,websearch_snippet,85
MS-0206,Medical Aesthetics on Tremont,Boston,MA,USA,https://medicalaestheticsontremont.com/,medicalaestheticsontremont.com,(857) 239-8067,,general,MedSpa,A,HIGH,websearch,W1,websearch_phone_only,0
MS-0207,Laser MD Medspa,Boston,MA,USA,https://lasermdmedspa.com/,lasermdmedspa.com,(617) 421-0900,,general,MedSpa,A,HIGH,websearch,W1,websearch_phone_only,0
MS-0208,Boston Beautox,Boston,MA,USA,https://www.bostonbeautox.com/,bostonbeautox.com,(857) 496-0423,info@bostonbeautox.com,general,MedSpa,A,HIGH,websearch,W1,websearch_snippet,88
MS-1137,Recharge Medspa Boston,Boston,,USA,https://rechargemedspa.com,rechargemedspacom,(617) 249-3970,recharge@rechargemedspa.com,vitamin-iv,MedSpa,A,MEDIUM,websearch,W9,websearch_snippet,85
MS-0209,Mōv Aesthetics,Boulder,CO,USA,https://www.movaesthetics.com/,movaesthetics.com,(720) 810-8014,hello@movaesthetics.com,general,MedSpa,A,HIGH,websearch,W1,websearch_mailto,90
MS-0210,Skin Deep MD,Boulder,CO,USA,https://www.skindeepmd.com/,skindeepmd.com,(303) 586-2964,info@skindeepmd.com,general,MedSpa,A,HIGH,websearch,W1,pattern_inferred_domain,65
MS-0211,The Luxe Room Cosmetic,Boulder,CO,USA,https://www.luxeroomcosmetic.com/,luxeroomcosmetic.com,(303) 222-9546,boulder@luxeroomcosmetic.com,general,MedSpa,A,HIGH,websearch,W1,websearch_mailto,85
MS-0212,Boulder Bliss Medical Spa,Boulder,CO,USA,https://www.boulderblissmedicalspa.com/,boulderblissmedicalspa.com,(303) 530-1284,jennifer@boulderblissmedicalspa.com,general,MedSpa,A,HIGH,websearch,W1,websearch_snippet,82
MS-0213,Boulder Aesthetics & Intimate Wellness,Boulder,CO,USA,https://www.boulderaesthetics.com/,boulderaesthetics.com,(303) 995-6368,info@boulderaesthetics.com,general,MedSpa,A,HIGH,websearch,W1,websearch_snippet,82
MS-0214,Youthbar,Boulder,CO,USA,https://www.youthbar.com/,youthbar.com,(303) 952-9906,info@youthbar.com,general,MedSpa,A,HIGH,websearch,W1,websearch_snippet,85
MS-0215,Leah Nickie Advanced Aesthetics,Boulder,CO,USA,https://www.leahnickie.com/,leahnickie.com,303-527-0101,leah@leahnickie.com,general,MedSpa,A,HIGH,websearch,W1,websearch_snippet,88
MS-0216,Happy Clinic Boulder,Boulder,CO,USA,https://www.happyclinicboulder.com/,happyclinicboulder.com,720-538-8888,info@happyclinicboulder.com,general,MedSpa,A,MEDIUM,Google Search,W4,websearch_snippet,87
MS-0217,Rinnova Skin and Body,Boulder,CO,USA,https://www.rinnovaskinandbody.com/,rinnovaskinandbody.com,303-900-4904,,general,MedSpa,A,MEDIUM,Google Search,W4,websearch_phone_only,0
MS-0218,Highline Aesthetics Boulder,Boulder,CO,USA,https://highlineaesthetics.com/,highlineaesthetics.com,(720) 707-0152,info@highlineaesthetics.com,general,MedSpa,A,MEDIUM,Google Search,W4,pattern_inferred_domain,65
MS-0008,Juniper Face and Figure,Bozeman,MT,USA,https://juniperfaceandfigure.com/,juniperfaceandfigure.com,(406) 600-9733,,general,MedSpa,A,HIGH,Google Search,W4,,
MS-0009,Instinct Holistic Medical Spa,Bozeman,MT,USA,https://instinctbozeman.com/,instinctbozeman.com,406-624-6295,frontdesk@instinctbozeman.com,general,MedSpa,A,HIGH,Google Search,W4,,
MS-0219,Renew Skin Care MT,Bozeman,MT,USA,https://www.renewskincaremt.com/,renewskincaremt.com,(406) 585-3770,info@renewskincaremt.com,general,MedSpa,A,MEDIUM,Google Search,W4,pattern_inferred_domain,65
MS-0220,The Aesthetic Firm Bozeman,Bozeman,MT,USA,https://www.theaestheticfirm.com/,theaestheticfirm.com,(406) 624-2300,office@theaestheticfirm.com,general,MedSpa,A,MEDIUM,Google Search,W4,websearch_mailto,90
MS-0221,SkinCare MT,Bozeman,MT,USA,https://skincaremt.com/,skincaremt.com,(406) 587-4432,info@skincaremt.com,general,MedSpa,A,MEDIUM,Google Search,W4,pattern_inferred_domain,65
MS-0222,BAM Wellness Bozeman,Bozeman,MT,USA,https://www.bamwellness.com/,bamwellness.com,406-404-1350,info@bam-wellness.com,general,MedSpa,A,MEDIUM,Google Search,W4,websearch_snippet,85
MS-0223,Magic Mirror MedSpa,Bozeman,MT,USA,https://magicmirrormed.com/,magicmirrormed.com,(406) 587-2878,info@magicmirrormed.com,general,MedSpa,A,MEDIUM,Google Search,W4,websearch_snippet,87
MS-0224,Brampton Cosmetic Medical Spa,Brampton,ON,Canada,https://www.bramptoncosmeticmd.com/,bramptoncosmeticmd.com,(647) 804-7546,info@bramptoncosmeticmd.com,general,MedSpa,A,HIGH,WebSearch,W3,websearch_mailto,90
MS-0225,AK Care Medispa,Brampton,ON,Canada,https://ak.care/,ak.care,647-622-7325,info@ak.care,general,MedSpa,A,HIGH,WebSearch,W3,websearch_snippet,85
MS-0226,Heart Lake Aesthetic Clinic,Brampton,ON,Canada,https://heartlakeaesthetics.com/,heartlakeaesthetics.com,647-324-9255,info@heartlakeaesthetics.com,general,MedSpa,A,HIGH,WebSearch,W3,websearch_snippet,88
MS-0227,Astra Medicare Medical Aesthetics,Brampton,ON,Canada,https://www.astramedicare.ca/,astramedicare.ca,(905) 497-7744,info@astramedicare.ca,general,MedSpa,A,HIGH,WebSearch,W3,websearch_snippet,72
B-W100-MS-0005,Skin and Tonic Brighton,Brighton,MI,US,https://skinandtonicbrighton.com,skinandtonicbrighton.com,(810) 522-4799,skinandtonic.online@gmail.com,injectables,MedSpa,A,85,WebSearch,W100-LaneB,manual-search,80
MS-1546,Cosmedics Skin Clinics Brisbane,Brisbane,,Australia,https://www.cosmedics.com.au,,+61 7 3831 0225,brisbane@cosmedics.com.au,skin,MedSpa,A,,,W97-INTL,,
MS-1547,Shire Cosmetic Clinic Brisbane,Brisbane,,Australia,https://www.shirecosmetic.com.au,,+61 7 3394 3388,info@shirecosmetic.com.au,injectables,MedSpa,A,,,W97-INTL,,
MS-1548,Luminare Clinic Brisbane,Brisbane,,Australia,https://www.luminareclinic.com.au,,+61 7 3062 8888,info@luminareclinic.com.au,anti-aging,MedSpa,A,,,W97-INTL,,
B-W104-MS-0031,Angel Aesthetics Clinic,Brisbane,QLD,Australia,https://angelaestheticsclinic.com.au,angelaestheticsclinic.com.au,0435 64 703,info@angelaestheticsclinic.com.au,injectables,MedSpa,A,,WebSearch,W104-LaneB,website_scrape,
B-W104-MS-0032,Aesthetics on Point (SCinjectables),Brisbane (Kangaroo Point),QLD,Australia,https://www.aestheticsonpoint.com.au,aestheticsonpoint.com.au,0490 810 943,scinjectables@gmail.com,injectables,MedSpa,A,,WebSearch,W104-LaneB,website_scrape,
MS-1520,Clearskin Bristol,Bristol,,UK,https://www.clearskinworld.com,,+44 1179 420 907,bristol@clearskinworld.com,skin,MedSpa,A,,,W97-INTL,,
MS-1521,Clifton Aesthetics,Bristol,,UK,https://www.cliftonaesthetics.co.uk,,+44 1173 324 010,info@cliftonaesthetics.co.uk,facial-aesthetics,MedSpa,A,,,W97-INTL,,
MS-0228,Eastchester Medical Associates,Bronx,NY,USA,https://eastchestermedicalassociates.com,eastchestermedicalassociates.com,(718) 708-5650,info@eastchestermedical.com,weight-loss,MedSpa,A,HIGH,web,W2,websearch_snippet,80
MS-0010,New York Aesthetics Brooklyn,Brooklyn,NY,USA,https://brooklynmedicalspa.com/,brooklynmedicalspa.com,347-673-7070,,general,MedSpa,A,HIGH,websearch,W1,,
MS-0229,Lola Aesthetics & Medical Spa,Brooklyn,NY,USA,https://lolaaestheticsmedispa.com/,lolaaestheticsmedispa.com,(347) 228-2309,flolangenp@gmail.com,general,MedSpa,A,HIGH,websearch,W1,websearch_email,78
MS-0230,PBK Medspa,Brooklyn,NY,USA,https://pbkmedspa.com/,pbkmedspa.com,(718) 444-4468,pbkmedspa@gmail.com,general,MedSpa,A,HIGH,websearch,W1,websearch_email,82
MS-0231,N4 Esthetic Clinic,Brooklyn,NY,USA,https://n4estheticclinic.com/,n4estheticclinic.com,(718) 246-4772,info@N4MedSpa.com,general,MedSpa,A,HIGH,websearch,W1,websearch_email,88
MS-0232,L'Elite MediSpa Brooklyn,Brooklyn,NY,USA,https://lelitemedispa.com/,lelitemedispa.com,(347) 627-3374,info@lelitemedispa.com,general,MedSpa,A,HIGH,websearch,W1,websearch_email,88
MS-0233,Aesthetic Island NYC,Brooklyn,NY,USA,https://www.aestheticislandnyc.com/,aestheticislandnyc.com,(917) 809-0570,info@aestheticislandnyc.com,general,MedSpa,A,HIGH,websearch,W1,websearch_email,90
MS-0234,Dolce Aesthetics NY,Brooklyn,NY,USA,https://dolceaestheticsny.com/,dolceaestheticsny.com,(718) 365-2369,contact@dolceaestheticsny.com,general,MedSpa,A,HIGH,websearch,W1,websearch_email,75
MS-0235,LY Aesthetics,Brooklyn,NY,USA,https://www.lyaesthetics.com/,lyaesthetics.com,(929) 341-3224,info@lyaesthetics.com,general,MedSpa,A,HIGH,websearch,W1,websearch_email,88
MS-0236,Purely Natural Medical Spa,Brooklyn,NY,USA,https://purelynaturalspa.com/,purelynaturalspa.com,(347) 599-1364,info@purelynaturalspa.com,general,MedSpa,A,HIGH,websearch,W1,websearch_email,85
MS-0237,Bloom Facial Plastic Surgery,Bryn Mawr,PA,USA,https://www.bloomfacialplastics.com/,bloomfacialplastics.com,(610) 762-5666,,general,MedSpa,A,HIGH,websearch,W1,websearch_phone_only,0
MS-0238,La-Mone Aesthetics,Bryn Mawr,PA,USA,https://www.lamoneaesthetics.com/,lamoneaesthetics.com,(484) 344-1261,info@lamoneaesthetics.com,general,MedSpa,A,HIGH,websearch,W1,websearch_snippet,88
MS-0240,Dr. John Lee Surgery / Lux Medspa,Bryn Mawr,PA,USA,https://www.drjohnleesurgery.com/,drjohnleesurgery.com,(610) 789-6701,,general,MedSpa,A,HIGH,websearch,W1,websearch_phone_only,0
MS-0241,Skincredible,Bryn Mawr,PA,USA,https://skincredible.com/,skincredible.com,(610) 525-3677,frontdesk@skincredible.com,general,MedSpa,A,HIGH,websearch,W1,websearch_snippet,88
MS-0242,Allure Aesthetics LLC,Bryn Mawr,PA,USA,https://allureaestheticsllc.com/,allureaestheticsllc.com,(610) 393-1253,info@allureaestheticsllc.com,general,MedSpa,A,HIGH,websearch,W1,websearch_snippet,85
MS-0239,Dr. Kelli Yacono Medical and Aesthetics,Bryn Mawr,PA,USA,https://www.drkelliyacono.com/,drkelliyacono.com,(610) 525-7505,,general,MedSpa,A,HIGH,websearch,W1,websearch_contact_page,55
MS-0243,AYA Medical Spa Buckhead,Buckhead,GA,USA,https://ayaskin.com/,ayaskin.com,(404) 596-4670,aya@ayamedspa.com,general,MedSpa,A,HIGH,websearch,W1,websearch_snippet,82
MS-0244,Be Flawless Atlanta,Buckhead,GA,USA,https://beflawlessatlanta.com/,beflawlessatlanta.com,(404) 731-1744,be.flawless@salonlofts.com,general,MedSpa,A,HIGH,websearch,W1,websearch_snippet,75
MS-0245,LUX Med Spa Buckhead,Buckhead,GA,USA,https://buckheadplasticsurgery.com/lux-med-spa/,buckheadplasticsurgery.com,404-465-1234,,general,MedSpa,A,HIGH,websearch,W1,websearch_phone_only,0
MS-0246,Buffalo Aesthetics,Buffalo,NY,USA,https://buffaloaesthetics.com,buffaloaesthetics.com,(716) 428-3998,,general,MedSpa,A,HIGH,WebSearch,W3,websearch_phone_only,0
MS-0247,Monroe MedSpa Buffalo,Buffalo,NY,USA,https://buffalo.monroemedspa.com,buffalo.monroemedspa.com,(716) 503-9707,info@monroemedspa.com,general,MedSpa,A,HIGH,WebSearch,W3,websearch_snippet,88
MS-0248,Dr Buffalo MedSpa,Buffalo,NY,USA,https://doctorbuffalo.com,doctorbuffalo.com,716-320-5000,,general,MedSpa,A,HIGH,WebSearch,W3,websearch_phone_only,0
MS-0249,Luminescence Aesthetics Buffalo,Buffalo,NY,USA,https://luminescence-aesthetics.com,luminescence-aesthetics.com,(716) 800-1916,,general,MedSpa,A,HIGH,WebSearch,W3,websearch_phone_only,0
MS-1249,Medical Spa Buffalo,Buffalo,,USA,https://medicalspabuffalo.com,medicalspabuffalocom,(716) 617-8487,email@medicalspabuffalo.com,,MS,A,HIGH,websearch,W12,websearch_snippet,82
MS-1250,Finesse Beauty and Wellness,Buffalo,,USA,https://finessebeautyandwellness.com,finessebeautyandwellnesscom,(716) 878-9161,info@finessebeautyandwellness.com,,MS,A,HIGH,websearch,W12,websearch_snippet,85
MS-1251,The Revival Collective Aesthetics,Buffalo,,USA,https://www.revivalaestheticsmedspa.com,revivalaestheticsmedspacom,763-363-4954,RevivalAestheticsMedSpa@gmail.com,,MS,A,HIGH,websearch,W12,websearch_snippet,75
B-W103-MS-0038,Embrace Cosmetic Clinic,Bundaberg,QLD,AUS,https://www.embracecosmeticclinic.com/,,0429 182 123,,,,A,,,W103-LaneB,,
MS-0250,Burlington Medical Aesthetics,Burlington,ON,Canada,https://www.burlingtonmedicalaesthetics.com/,burlingtonmedicalaesthetics.com,+1 289-337-2761,info@burlingtonmedicalaesthetics.com,general,MedSpa,A,HIGH,WebSearch,W3,websearch_snippet,85
MS-0251,Modern You Medical Aesthetics,Burlington,ON,Canada,https://www.modernyou.ca/,modernyou.ca,(905) 541-0474,info@modernyou.ca,general,MedSpa,A,HIGH,WebSearch,W3,websearch_snippet,87
MS-1274,Glow Aesthetics Medical Spa Burlington VT,Burlington,,USA,https://glowmedspavt.com,glowmedspavtcom,(802) 338-9599,info@glowmedspavt.com,,MS,A,HIGH,websearch,W12,websearch_snippet,87
MS-1275,Bare Medical Spa Burlington VT,Burlington,,USA,https://www.spaindex.com/listings/bare-medical-spa-burlington,spaindexcom,(802) 662-1796,info@barevt.com,,MS,A,MEDIUM,websearch,W12,websearch_snippet,82
B-W102-MS-0026,Bare Medical Spa + Laser Center,Burlington,VT,US,https://barevt.com,,(802) 372-2407,info@barevt.com,laser; injectables; body-contouring; skin; hormones,,A,,,W102-LaneB,,
B-W100-MS-0018,Ageless Cosmetic Bar,Cairns,QLD,AU,https://agelesscosmeticbar.com,agelesscosmeticbar.com,+61 438 405 215,terry@agelesscosmeticbar.com,injectables,MedSpa,A,85,WebSearch,W100-LaneB,manual-search,82
MS-0252,Vive Med Spa,Calgary,AB,Canada,https://vivemedspa.ca/,vivemedspa.ca,(403) 237-8428,info@vivemedspa.ca,general,MedSpa,A,HIGH,websearch,W1,websearch_email,85
MS-0257,Juvea Aesthetics,Calgary,AB,Canada,https://juveaaesthetics.ca/,juveaaesthetics.ca,(403) 975-7523,hello@juveaaesthetics.ca,general,MedSpa,A,HIGH,websearch,W1,websearch_email,85
MS-0259,XMEDISPA,Calgary,AB,Canada,https://www.xmedispa.ca/,xmedispa.ca,(403) 826-3396,xmedispa@gmail.com,general,MedSpa,A,HIGH,websearch,W1,websearch_email,72
MS-0253,Calgary MediSpa,Calgary,AB,Canada,https://www.calgarymedispa.com/,calgarymedispa.com,(403) 879-1257,info@calgarymedispa.com,general,MedSpa,A,HIGH,websearch,W1,websearch_email,85
MS-0254,Xthetics Face & Body Sculpt,Calgary,AB,Canada,https://xthetics.ca/,xthetics.ca,(587) 772-6449,info@xthetics.ca,general,MedSpa,A,HIGH,websearch,W1,websearch_inferred,72
MS-0255,Elegance Medispa Calgary,Calgary,AB,Canada,https://elegancecalgary.com/,elegancecalgary.com,403-452-9959,info@elegancecalgary.com,general,MedSpa,A,HIGH,websearch,W1,websearch_email,85
MS-0258,New Skin YYC,Calgary,AB,Canada,https://newskinyyc.ca/,newskinyyc.ca,587-857-5407,info@newskinyyc.ca,general,MedSpa,A,HIGH,websearch,W1,websearch_email,85
MS-0256,Cavabien Spa,Calgary,AB,Canada,https://cavabienspa.com/,cavabienspa.com,(403) 287-7009,info@cavabienspa.com,general,MedSpa,A,MEDIUM,websearch,W1,websearch_email,88
MS-1135,Bardot Beauty Boutique,Calgary,,Canada,https://bardotbeauty.ca,bardotbeautyca,(403) 475-4025,,luxury,MedSpa,A,HIGH,websearch,W9,,
MS-1152,The Skinny Spa Calgary Edmonton,Calgary,,Canada,https://theskinnyspa.ca,theskinnyspaca,(833) 378-5626,contact@theskinnyspa.ca,body-sculpting,MedSpa,A,MEDIUM,websearch,W9,websearch_snippet,80
MS-1170,Ewa Medical Aesthetics Calgary,Calgary,,Canada,https://www.ewamedicalaesthetics.ca,ewamedicalaestheticsca,(403) 873-8999,info@ewamedicalaesthetics.ca,luxury,MedSpa,A,MEDIUM,websearch,W9,websearch_snippet,85
MS-1171,D and M Treatments Calgary,Calgary,,Canada,https://dmtreatments.com,dmtreatmentscom,(403) 680-7968,frontdesk@dmtreatments.com,luxury,MedSpa,A,MEDIUM,websearch,W9,websearch_snippet,85
MS-1172,Viso Medi Spa Calgary,Calgary,,Canada,https://visoboutique.com,visoboutiquecom,(403) 265-0330,info@visoboutique.com,luxury,MedSpa,A,MEDIUM,websearch,W9,websearch_snippet,82
MS-1174,Beauty Phi Calgary,Calgary,,Canada,https://www.beautyphi.com,beautyphicom,587-333-0834,info@beautyphi.com,lip-filler,MedSpa,A,MEDIUM,websearch,W9,websearch_snippet,82
MS-1175,CBAM Clinic Calgary,Calgary,,Canada,https://cbamclinic.com,cbamcliniccom,866-366-2226,info@cbamclinic.com,lip-filler,MedSpa,A,MEDIUM,websearch,W9,websearch_snippet,78
B-W99-MS-0028,Aesthetic Harmony,Canberra,ACT,Australia,https://aestheticharmony.com.au,aestheticharmony.com.au,+61262396388,info@aestheticharmony.com.au,skin,MedSpa,A,91,websearch,W99-LaneB,websearch,91
B-W102-MS-0001,Refresh MedSpa,Cape Coral,FL,US,https://refreshmedspafl.com,,(239) 321-5050,,injectables; laser; body-contouring,,A,,,W102-LaneB,,
MS-1522,Skin Science Cardiff,Cardiff,,UK,https://www.skinscience.co.uk,,+44 29 2022 1828,,skin,MedSpa,A,,,W97-INTL,,
MS-1523,Face the Future Cardiff,Cardiff,,UK,https://www.facethefuture.co.uk/cardiff,,+44 29 2113 6222,,anti-aging,MedSpa,A,,,W97-INTL,,
MS-1524,Amara Cardiff,Cardiff,,UK,https://www.amaraclinic.ie/cardiff,,+44 29 2022 5060,cardiff@amaraclinic.ie,injectables,MedSpa,A,,,W97-INTL,,
B-W99-MS-0018,The Face Aesthetics Clinic,Cardiff,,UK,https://face-clinic.co.uk,face-clinic.co.uk,+447470386169,hello@face-clinic.co.uk,injectables,MedSpa,A,89,websearch,W99-LaneB,websearch,89
B-W102-MS-0005,Aeterna Medspa,Cary,NC,US,https://www.aeternamedspa.com,,(919) 873-3216,aeternamedspa@gmail.com,injectables; laser; weight-loss,,A,,,W102-LaneB,,
B-W102-MS-0011,Oasis Medaesthetics,Cary,NC,US,https://oasismedaesthetics.com,,(919) 899-0765,,injectables; laser; anti-aging,,A,,,W102-LaneB,,
B-W103-MS-0017,Sapphire Health & Wellness,Casper,WY,USA,https://sapphirewellnesswyo.com,,(307) 251-3083,sapphirehealthwellness@gmail.com,,,A,,,W103-LaneB,,
MS-1106,Orenda Med Spa,Castle Rock,,USA,https://orendamedspa.com,orendamedspacom,(720) 519-0223,,acne,MedSpa,A,HIGH,websearch,W9,,
MS-0011,Kalen Co Aesthetics,Cedar Rapids,IA,USA,https://kalencoaesthetics.com/,kalencoaesthetics.com,(202) 420-8071,,general,MedSpa,A,HIGH,Google Search,W4,,
MS-0260,Captivate Medspa CR,Cedar Rapids,IA,USA,https://captivatemedspa.com/,captivatemedspa.com,(319) 981-6188,,general,MedSpa,A,MEDIUM,Google Search,W4,websearch_contact_page,50
MS-0261,Nourish Med Spa CR,Cedar Rapids,IA,USA,https://nourishmedspa.com/,nourishmedspa.com,(319) 455-6458,info@nourishmedspa.com,general,MedSpa,A,MEDIUM,Google Search,W4,websearch_snippet,85
B-W100-MS-0023,Revive Aesthetics,Cedar Rapids,IA,US,https://reviveaestheticsiowa.com,reviveaestheticsiowa.com,(319) 200-2555,revivewellbeing@outlook.com,injectables,MedSpa,A,88,WebSearch,W100-LaneB,manual-search,88
B-W100-MS-0030,Innovative Aesthetics Medical Spa,Cedar Rapids,IA,US,https://iamedicalspa.com,iamedicalspa.com,(319) 365-7721,info@iamedicalspa.com,laser,MedSpa,A,85,WebSearch,W100-LaneB,manual-search,85
B-W104-MS-0028,Medical Day Spa of Chapel Hill,Chapel Hill,NC,USA,https://chapelhilldayspa.com,chapelhilldayspa.com,(919) 904-7111,spacoordinator@chapelhilldayspa.com,injectables,MedSpa,A,,WebSearch,W104-LaneB,website_scrape,
MS-0262,Well Labs Plus Medspa Charleston,Charleston,SC,USA,https://charleston.wellabsplus.com,charleston.wellabsplus.com,(843) 874-5037,charleston@wellabsplus.com,general,MedSpa,A,HIGH,WebSearch,W3,websearch_snippet,90
MS-1252,Charleston Medical Spa,Charleston,,USA,https://charlestonmedicalspa.com,charlestonmedicalspacom,(843) 225-3223,Info@charlestonmedicalspa.com,,MS,A,HIGH,websearch,W12,websearch_snippet,85
MS-1253,Magnolia Med Spa Charleston,Charleston,,USA,https://magnolia-medspa.com,magnoliamedspacom,843-789-4668,contactus@magnolia-medspa.com,,MS,A,HIGH,websearch,W12,websearch_snippet,88
MS-1254,Shine MedSpa SC,Charleston,,USA,https://www.shinemedspasc.com,shinemedspasccom,(843) 793-8799,,,MS,A,HIGH,websearch,W12,websearch_contact_page,50
MS-1255,Soulshine Aesthetics,Charleston,,USA,https://soulshineaesthetics.com,soulshineaestheticscom,+1 843-310-2020,soulshineaesthetics.chs@gmail.com,,MS,A,HIGH,websearch,W12,websearch_snippet,78
MS-1256,Ageless Medical Spa Charleston,Charleston,,USA,https://agelessrxsc.com,agelessrxsccom,(843) 410-0597,info@agelessrxsc.com,,MS,A,HIGH,websearch,W12,websearch_snippet,80
B-W100-MS-0001,Reagan Aesthetics,Charleston,SC,US,https://reaganaesthetics.com,reaganaesthetics.com,(843) 896-3407,info@reaganaesthetics.com,injectables,MedSpa,A,90,WebSearch,W100-LaneB,manual-search,88
MS-0263,The Modern Aesthetic,Charlotte,NC,USA,https://www.themodernaesthetic.co/,themodernaesthetic.co,(704) 291-1568,info@themodernaesthetic.co,general,MedSpa,A,HIGH,websearch,W1,websearch_email,90
MS-0264,Ageless Remedies SouthPark,Charlotte,NC,USA,https://agelessremediessouthpark.com/,agelessremediessouthpark.com,704-326-1375,Spa@AgelessRemediesSouthPark.com,general,MedSpa,A,HIGH,websearch,W1,websearch_email,90
MS-0265,Infinity MedSpa and Wellness,Charlotte,NC,USA,https://infinitymedspaandwellness.com/,infinitymedspaandwellness.com,(704) 733-9202,info@infinitymedspaandwellness.com,general,MedSpa,A,HIGH,websearch,W1,websearch_email,90
MS-0266,Aesthetica Med Spa Charlotte,Charlotte,NC,USA,https://aestheticamspa.com/,aestheticamspa.com,(980) 378-1855,jodirn@aestheticamspa.com,general,MedSpa,A,HIGH,websearch,W1,websearch_email,85
MS-0267,Voci MedSpa,Charlotte,NC,USA,https://vocimedspa.com/,vocimedspa.com,704-752-8030,info@vocimedspa.com,general,MedSpa,A,HIGH,websearch,W1,websearch_email,90
MS-0269,Evolve Medical Associates,Charlotte,NC,USA,https://www.evolvemetoday.com/,evolvemetoday.com,(704) 643-2205,evolvemed@gmail.com,general,MedSpa,A,HIGH,websearch,W1,websearch_email,85
MS-0270,Fanous MedSpa,Charlotte,NC,USA,https://www.fanousmedspa.com/,fanousmedspa.com,(980) 414-0591,info@fanousmedspa.com,general,MedSpa,A,HIGH,websearch,W1,websearch_email,90
MS-0271,IV Liquid Lounge,Charlotte,NC,USA,https://ivliquidlounge.com,ivliquidlounge.com,(704) 247-7281,Infuse@IVLiquidLounge.com,iv-lounge,MedSpa,A,HIGH,web,W2,websearch_email,90
MS-0268,Miramae Studio,Charlotte,NC,USA,https://miramaestudio.com/,miramaestudio.com,(980) 221-6487,info@miramaestudio.com,general,MedSpa,A,HIGH,websearch,W1,websearch_email,88
MS-0272,Elite Mobile IV,Charlotte,NC,USA,https://elitemobileiv.com,elitemobileiv.com,(615) 552-0636,hello@elitemobileiv.com,iv-lounge,MedSpa,A,HIGH,web,W2,websearch_email,85
MS-0273,Criswell & Criswell Plastic Surgery & Medspa,Charlotte,NC,USA,https://www.criswellandcriswell.com,criswellandcriswell.com,(704) 930-0428,info@criswellandcriswell.com,duo,MedSpa,A,HIGH,WebSearch,W4,domain_pattern,65
MS-1381,Beauty Mark Medaesthetics,Charlottetown,,Canada,https://www.beautymarkmedaesthetics.com,,(902) 566-3000,info@beautymarkmedaesthetics.com,,MedSpa,A,,,W96,,
MS-1382,Laser Esthetics Botox MediSpa,Charlottetown,,Canada,https://www.laseresthetics.ca,,(902) 894-5443,,,MedSpa,A,,,W96,,
B-W103-MS-0022,Skin Redefined,Cheltenham,England,UK,https://www.skinredefined.co.uk,,07584924108,info@skinredefined.co.uk,,,A,,,W103-LaneB,,
B-W103-MS-0033,CNL Aesthetics,Cheltenham,England,UK,https://cnlaesthetics.co.uk/,,07368 402738,cheryl@cnlaesthetics.co.uk,,,A,,,W103-LaneB,,
MS-0274,Natura Med Spa IV Bar,Cherry Creek,CO,USA,https://naturamedspaivbar.com/,naturamedspaivbar.com,(303) 276-2273,,general,MedSpa,A,MEDIUM,Google Search,W4,websearch_contact_page,50
MS-0275,Revive Medical Spa Denver,Cherry Creek,CO,USA,https://www.revivedripmedspa.com/,revivedripmedspa.com,(720) 248-7355,Info@revivedripmedspa.com,general,MedSpa,A,MEDIUM,Google Search,W4,websearch_snippet,85
MS-0276,Rejuvenate Colorado,Cherry Creek,CO,USA,https://www.rejuvenatecolorado.com/,rejuvenatecolorado.com,(303) 279-6100,info@thecenterforskincare.net,general,MedSpa,A,MEDIUM,Google Search,W4,websearch_snippet,75
MS-0012,Wyoming Medical Aesthetics,Cheyenne,WY,USA,https://www.wyomingmedicalaesthetics.com/,wyomingmedicalaesthetics.com,307-221-8015,aubriesalazar@yahoo.com,general,MedSpa,A,HIGH,Google Search,W4,,
MS-1111,VITAHL Medical Aesthetics Chicago,Chicago,,USA,https://vitahlchicago.com,vitahlchicagocom,(312) 634-6100,chicago@vitahl.com,prp,MedSpa,A,HIGH,websearch,W9,,
MS-1112,Refine by Tulsi,Chicago,,USA,https://refinebytulsi.com,refinebytulsicom,(618) 298-8574,contact@refinebytulsi.com,prp,MedSpa,A,HIGH,websearch,W9,,
MS-0277,Old Town Med Spa,Chicago,IL,USA,https://www.oldtownmedspa.com/,oldtownmedspa.com,(312) 643-1689,,general,MedSpa,A,HIGH,websearch,W1,websearch_contact_page,50
MS-0278,Innovative MedSpa Chicago,Chicago,IL,USA,https://www.innovative-medspa.com/,innovative-medspa.com,(773) 420-8571,,general,MedSpa,A,HIGH,websearch,W1,websearch_contact_page,50
MS-0279,Better Med Spa,Chicago,IL,USA,https://www.bettermedspa.com/,bettermedspa.com,(312) 285-2618,hello@bettermedspa.com,general,MedSpa,A,HIGH,websearch,W1,websearch_snippet,88
MS-0280,ImageLab Med Spa,Chicago,IL,USA,https://www.imagelabmedspa.com/,imagelabmedspa.com,(872) 285-6769,info@imagelabmedspa.com,general,MedSpa,A,HIGH,websearch,W1,websearch_snippet,85
MS-0281,Elite Chicago Spa,Chicago,IL,USA,https://elitechicagospa.com/,elitechicagospa.com,(312) 841-9750,,general,MedSpa,A,HIGH,websearch,W1,websearch_contact_page,50
MS-0282,Chicago Skin Clinic,Chicago,IL,USA,https://chicagoskinclinic.com,chicagoskinclinic.com,(773) 286-8111,appointment@chicagoskinclinic.com,mens,MedSpa,A,HIGH,web,W2,websearch_snippet,85
MS-0283,Chicago Aesthetics,Chicago,IL,USA,https://chicagoaesthetics.com,chicagoaesthetics.com,(312) 846-1629,,mens,MedSpa,A,HIGH,web,W2,websearch_contact_page,50
MS-0284,Elysium Chicago,Chicago,IL,USA,https://elysiumchicago.com,elysiumchicago.com,(312) 888-9361,,mens,MedSpa,A,HIGH,web,W2,websearch_contact_page,50
MS-0285,Whole Beauty Institute,Chicago,IL,USA,https://johnqcookmd.com,johnqcookmd.com,312-751-2112,info@wholebeautyinstitute.com,mens,MedSpa,A,HIGH,web,W2,websearch_snippet,88
MS-0286,XSculpt,Chicago,IL,USA,https://xsculpt.com,xsculpt.com,833-972-8578,info@xsculpt.com,weight-loss,MedSpa,A,HIGH,web,W2,websearch_snippet,85
MS-0287,Esthetic Haus,Chicago,IL,USA,https://esthetichaus.com,esthetichaus.com,(773) 799-8834,bookings@esthetichaus.com,minority-owned,MedSpa,A,HIGH,WebSearch,W4,websearch_snippet,85
MS-0288,Concierge Aesthetics & Plastic Surgery,Chicago,IL,USA,https://www.conciergemedspa.com,conciergemedspa.com,(312) 255-1495,,concierge,MedSpa,A,HIGH,WebSearch,W4,websearch_contact_page,50
MS-1143,House 22 Med Spa,Chicago,,USA,https://house22.com,house22com,312-337-0777,,prp,MedSpa,A,MEDIUM,websearch,W9,websearch_contact_page,50
MS-1144,Essence Med Spa and Wellness,Chicago,,USA,https://essence-medspa.com,essencemedspacom,(773) 763-1212,keepcalm@essence-medspa.com,prp,MedSpa,A,MEDIUM,websearch,W9,websearch_snippet,85
MS-1166,AW Medspa Chicago,Chicago,,USA,https://www.awmedspa.com,awmedspacom,847.466.5933,awmedspa1@gmail.com,prp,MedSpa,A,MEDIUM,websearch,W9,websearch_snippet,75
MS-1167,Solve Clinics Chicago,Chicago,,USA,https://solveclinics.com,solveclinicscom,(708) 575-9880,Andrew@SolveClinics.com,prp,MedSpa,A,MEDIUM,websearch,W9,websearch_snippet,78
MS-1184,Cadella Aesthetics Chicago,Chicago,,USA,https://cadellaaesthetics.com,cadellaaestheticscom,312-915-0195,info@cadellamedspa.com,lip-filler,MedSpa,A,MEDIUM,websearch,W9,websearch_snippet,85
MS-1185,Ellehomme Holistic Med Spa,Chicago,,USA,https://ellehommespa.com,ellehommespacom,(312) 929-2016,info@ellehommemedspa.com,lip-filler,MedSpa,A,MEDIUM,websearch,W9,websearch_snippet,85
MS-1186,The Confidence Bar Chicago,Chicago,,USA,https://www.theconfidencebar.com,theconfidencebarcom,(312) 624-9971,info@theconfidencebar.com,lip-filler,MedSpa,A,MEDIUM,websearch,W9,websearch_snippet,85
MS-1190,Sky Balance Medical Spa Chicago,Chicago,,USA,https://www.skybalancemedspa.com,skybalancemedspacom,847.895.8180,D@skybalancemedspa.com,prp,MedSpa,A,MEDIUM,websearch,W9,websearch_snippet,70
MS-1191,Wrinkle Fairy Chicago,Chicago,,USA,https://www.wrinklefairy.com,wrinklefairycom,708-797-2573,,threading,MedSpa,A,MEDIUM,websearch,W9,websearch_contact_page,50
MS-1192,Trio Med Spa Chicago,Chicago,,USA,https://triomedspa.com,triomedspacom,(224) 255-6404,,threading,MedSpa,A,MEDIUM,websearch,W9,websearch_contact_page,50
B-W104-MS-0012,Viva La MedSpa,Chicago / Buffalo Grove,IL,USA,https://vivalamedspa.com,vivalamedspa.com,(312) 971-5915,info@vivalamedspa.com,injectables,MedSpa,A,,WebSearch,W104-LaneB,website_scrape,
B-W101-MS-0061,Amour Medical Aesthetics,Chico,CA,USA,https://amourmedicalaesthetics.com,amourmedicalaesthetics.com,(530) 862-6000,,injectables,MedSpa,A,high,web-search,W101-LaneB,direct-search,high
MS-0289,Amy Brenner MD & Associates,Cincinnati,OH,USA,https://dramybrenner.com,dramybrenner.com,(513) 770-0787,info@dramybrenner.com,sexual-wellness,MedSpa,A,HIGH,WebSearch,W4,pattern_inferred_domain,70
MS-0290,KÜR Modern Medical Aesthetics,Cleveland,OH,USA,https://chooseyourkur.com/,chooseyourkur.com,(216) 634-9088,Booking@chooseyourkur.com,general,MedSpa,A,HIGH,websearch,W1,websearch_email,85
MS-0291,NUIQ Wellness Lounge & Med Spa,Cleveland,OH,USA,https://www.nuiqwellness.com/,nuiqwellness.com,(216) 377-1778,info@nuiqwellness.com,general,MedSpa,A,HIGH,websearch,W1,websearch_email,88
MS-0292,Confidence Med Spa,Cleveland,OH,USA,https://confidencemedspa.com/,confidencemedspa.com,(216) 633-8280,confidencemedspa@gmail.com,general,MedSpa,A,HIGH,websearch,W1,websearch_email,82
MS-0293,BodyTonic Medspa,Cleveland,OH,USA,https://bodytonicmedspas.com/,bodytonicmedspas.com,(216) 307-6926,info@bodytonicmedspas.com,general,MedSpa,A,HIGH,websearch,W1,websearch_email,85
MS-0294,Wellness Center of Cleveland,Cleveland,OH,USA,https://wellnesscentercleveland.com/,wellnesscentercleveland.com,(440) 471-7707,wellnesscentercleveland@gmail.com,general,MedSpa,A,HIGH,websearch,W1,websearch_email,82
B-W103-MS-0028,LYFT Medical Aesthetics,Collingwood,ON,CAN,https://www.lyftmedicalaesthetics.ca/,,705-443-8501,,,,A,,,W103-LaneB,,
MS-0013,Timeless Aesthetics LLC,Colorado Springs,CO,USA,https://www.timelessaestheticsllc.com/,timelessaestheticsllc.com,719-425-9336,,general,MedSpa,A,HIGH,Google Search,W4,,
MS-0295,Blush and Grey Med Spa,Colorado Springs,CO,USA,https://www.blushandgreymedspa.com/,blushandgreymedspa.com,(719) 728-2878,,general,MedSpa,A,MEDIUM,Google Search,W4,websearch_contact_page,50
MS-0296,Monumental Med Spa,Colorado Springs,CO,USA,https://monumentalmedspa.com/,monumentalmedspa.com,719-271-0999,monumentalmicroderm@msn.com,general,MedSpa,A,MEDIUM,Google Search,W4,websearch_snippet,80
MS-0297,Robert Andrews Medical,Colorado Springs,CO,USA,https://www.robertandrewsmedical.com/,robertandrewsmedical.com,719-434-3075,robertandrews@robertandrewsmedical.com,general,MedSpa,A,MEDIUM,Google Search,W4,websearch_snippet,88
MS-0298,Venus Medi Spa,Colorado Springs,CO,USA,https://www.venusmedispa.com/,venusmedispa.com,719-394-4463,,general,MedSpa,A,MEDIUM,Google Search,W4,websearch_contact_page,50
MS-0299,Aspen Aesthetics Wellness CS,Colorado Springs,CO,USA,https://www.aspen-elevated.com/,aspen-elevated.com,719.256.0272,info@aspen-elevated.com,general,MedSpa,A,MEDIUM,Google Search,W4,websearch_snippet,88
MS-1257,The Art of Aesthetics Med Spa,Columbia,,USA,https://www.artofaestheticsmedspa.com,artofaestheticsmedspacom,(803) 888-7780,artofaestheticsmedspa@gmail.com,,MS,A,HIGH,websearch,W12,websearch_snippet,82
B-W104-MS-0005,Longevity Medical Spa,Columbia,MD,USA,https://www.lmsmedspa.com,lmsmedspa.com,(410) 290-0012,lmsmedspa@verizon.net,longevity,MedSpa,A,,WebSearch,W104-LaneB,website_scrape,
MS-0300,The Luxe MedSpa Columbus,Columbus,OH,USA,https://theluxemedicalspa.com/,theluxemedicalspa.com,(614) 453-2056,info@theluxemedspaua.com,general,MedSpa,A,HIGH,websearch,W1,websearch_email,85
MS-0301,BB Aesthetic MedSpa & Wellness Center,Columbus,OH,USA,https://bbaesthetic.com,bbaesthetic.com,(614) 934-5000,info@bbaesthetic.com,duo,MedSpa,A,HIGH,WebSearch,W4,websearch_email,85
B-W102-MS-0027,The Olive Branch MedSpa,Concord,NH,US,https://theolivebranchmedspa.com,,(267) 603-3015,,injectables; skin; facial-aesthetics,,A,,,W102-LaneB,,
B-W104-MS-0022,Conway Med Spa,Conway,AR,USA,https://www.conwaymedspa.com,conwaymedspa.com,(501) 932-0936,medspa@conwaymedspa.com,injectables,MedSpa,A,,WebSearch,W104-LaneB,website_scrape,
MS-0302,Z'Chiro Med Spa,Conyers,GA,USA,https://zchiromedspa.com,zchiromedspa.com,(678) 754-6877,info@zchiromedspa.com,concierge,MedSpa,A,HIGH,WebSearch,W4,websearch_snippet,85
MS-0303,The Aesthetics MD and Wellness,Coral Gables,FL,USA,https://www.theaestheticsmd.com/,theaestheticsmd.com,(305) 586-3242,,general,MedSpa,A,HIGH,websearch,W1,websearch_contact_page,50
MS-0304,Azala Skin Clinic,Coral Gables,FL,USA,https://www.azalaskinclinic.com/,azalaskinclinic.com,(786) 558-0566,info@azalaskinclinic.com,general,MedSpa,A,HIGH,websearch,W1,websearch_mailto,75
MS-0305,Facial Mania Med Spa,Coral Gables,FL,USA,https://facialmaniamedspamiami.com/,facialmaniamedspamiami.com,(305) 376-7261,Coralgables@facialmaniamedspa.com,general,MedSpa,A,HIGH,websearch,W1,websearch_snippet,80
MS-0306,The Plump Room,Coral Gables,FL,USA,https://theplumproommiami.com/,theplumproommiami.com,786-416-6514,info@theplumproommiami.com,general,MedSpa,A,HIGH,websearch,W1,websearch_snippet,82
MS-0307,Gables Medical Aesthetics & Wellness,Coral Gables,FL,USA,https://www.gablesaesthetics.com/,gablesaesthetics.com,(305) 419-0759,info@gablesaesthetics.com,general,MedSpa,A,HIGH,websearch,W1,websearch_snippet,80
MS-0308,Khrom MedSpa,Coral Springs,FL,USA,https://khrommedspaflorida.com,khrommedspaflorida.com,(954) 738-5886,,weight-loss,MedSpa,A,HIGH,web,W2,websearch_phone_only,0
B-W101-MS-0015,Oceana Luxe Medspa,Corpus Christi,TX,USA,https://oceanaluxemedspa.com,oceanaluxemedspa.com,(361) 994-7500,office@oceanaluxemedspa.com,anti-aging,MedSpa,A,high,web-search,W101-LaneB,direct-search,high
B-W101-MS-0016,Coastal Glo Med Spa,Corpus Christi,TX,USA,https://www.coastalglo.com,coastalglo.com,(361) 273-5005,sammi@coastal-glo.com,injectables,MedSpa,A,high,web-search,W101-LaneB,direct-search,high
B-W101-MS-0017,Halcyon Med Spa,Corpus Christi,TX,USA,https://www.halcyonmedspa.com,halcyonmedspa.com,(361) 452-2637,,injectables,MedSpa,A,high,web-search,W101-LaneB,direct-search,high
B-W102-MS-0033,Willow Medical Aesthetics,Courtenay,BC,Canada,https://www.willowmedical.ca,,(250) 871-8333,info@willowmedical.ca,injectables; laser; body-contouring; skin; hormones,,A,,,W102-LaneB,,
B-W100-MS-0029,Astounding Skin Aesthetics,Coventry,,UK,https://www.astoundingskinaesthetics.co.uk,astoundingskinaesthetics.co.uk,07404430685,astoundingskinaesthetics@gmail.com,injectables,MedSpa,A,85,WebSearch,W100-LaneB,manual-search,85
B-W102-MS-0034,Blush MediSpa,Cranbrook,BC,Canada,https://blushmedispa.com,,(250) 417-3417,info@blushmedispa.com,injectables; laser; weight-loss; skin; hair-restoration,,A,,,W102-LaneB,,
B-W102-MS-0039,Skin Dynamics,Cranbrook,BC,Canada,https://www.skin-dynamics.ca,,(250) 919-0197,info@skindynamics.ca,laser; injectables; skin; anti-aging,,A,,,W102-LaneB,,
MS-0309,Shameless Aesthetics MedSpa,Cumming,GA,USA,https://shamelessga.com,shamelessga.com,(470) 315-1366,Hello@shamelessga.com,minority-owned,MedSpa,A,MEDIUM,WebSearch,W4,websearch_snippet,75
B-W103-MS-0030,Glam + Glo Medical Aesthetics Lounge,D'Iberville,MS,USA,https://ms.theglamandglo.com/,,228.819.9558,,,,A,,,W103-LaneB,,
MS-0014,Mysa Medical & Wellness Spa,Dallas,TX,USA,https://www.mysamedspa.com,mysamedspa.com,(945) 243-8101,,minority-owned,MedSpa,A,HIGH,WebSearch,W4,,
MS-0310,The Derm Lounge,Dallas,TX,USA,https://thedermlounge.com/,thedermlounge.com,214-308-2570,,general,MedSpa,A,HIGH,websearch,W1,websearch_phone,MEDIUM
MS-0311,Renew Beauty Med Spa,Dallas,TX,USA,https://renewbeautymedspa.com/,renewbeautymedspa.com,(214) 369-1600,contact@renewbeautymedspa.com,general,MedSpa,A,HIGH,websearch,W1,websearch_email,HIGH
MS-0312,Lily Med Spa,Dallas,TX,USA,https://lilymedspa.com/,lilymedspa.com,(972) 503-5459,info@lilymedspa.com,general,MedSpa,A,HIGH,websearch,W1,websearch_email,HIGH
MS-0313,MD Aesthetics Dallas,Dallas,TX,USA,https://www.mdaestheticsdallas.com/,mdaestheticsdallas.com,(972) 325-8151,info@mdaetheticsmedspa.com,general,MedSpa,A,HIGH,websearch,W1,websearch_email,MEDIUM
MS-0314,The Lab Medspa,Dallas,TX,USA,https://www.thelabmedspa.com/,thelabmedspa.com,(817) 251-1000,info@thelabmedspa.com,general,MedSpa,A,HIGH,websearch,W1,domain_pattern,65
MS-0315,Fabutopia Medspa & Aesthetics,Dallas,TX,USA,https://www.fabutopiamedspa.com/,fabutopiamedspa.com,(214) 725-1483,Fabutopiamedspa@gmail.com,general,MedSpa,A,HIGH,websearch,W1,websearch_email,82
MS-0316,Sleek Aesthetics Medspa,Dallas,TX,USA,https://sleek-aesthetics.com/,sleek-aesthetics.com,(469) 809-1991,info@sleek-aesthetics.com,general,MedSpa,A,HIGH,websearch,W1,domain_pattern,65
MS-0317,OMNI Sculpt MD,Dallas,TX,USA,https://omnisculptmd.com/,omnisculptmd.com,(469) 278-7662,info@omnisculptmd.com,general,MedSpa,A,HIGH,websearch,W1,websearch_email,78
MS-0318,Body Lounge Park Cities,Dallas,TX,USA,https://www.bodyloungeparkcities.com/,bodyloungeparkcities.com,(972) 803-4432,info@bodyloungeparkcities.com,general,MedSpa,A,HIGH,websearch,W1,websearch_email,88
MS-0319,Bare Aesthetics Dallas,Dallas,TX,USA,https://www.bareaestheticsdallas.com/,bareaestheticsdallas.com,(214) 980-4371,bareaestheticsdallas@gmail.com,general,MedSpa,A,HIGH,websearch,W1,websearch_email,85
MS-0320,Rejuve Med Spa,Dallas,TX,USA,https://www.rejuvemedspa.com/,rejuvemedspa.com,(972) 265-1590,hiddenbeauty@rejuvemedspa.com,general,MedSpa,A,HIGH,websearch,W1,websearch_email,85
MS-0321,Mara's Med Spa,Dallas,TX,USA,https://marasmedspa.com,marasmedspa.com,(469) 730-3333,info@marasmedspa.com,mens,MedSpa,A,HIGH,web,W2,domain_pattern,65
MS-0322,Sanjiva Medical Spa,Dallas,TX,USA,https://sanjivamedspa.com,sanjivamedspa.com,(214) 245-9999,Hello@Sanjivamedspa.com,mens,MedSpa,A,HIGH,web,W2,websearch_email,88
MS-0323,Aesteem Aesthetics,Dallas,TX,USA,https://aesteemaesthetics.com,aesteemaesthetics.com,(945) 230-1341,info@aesteemaesthetics.com,mens,MedSpa,A,HIGH,web,W2,domain_pattern,65
MS-0324,Fresh Image Cosmetic,Dallas,TX,USA,https://freshimagecenter.com,freshimagecenter.com,(214) 540-0371,info@freshimagecenter.com,mens,MedSpa,A,HIGH,web,W2,domain_pattern,65
MS-0325,Infinite Dripz,Dallas,TX,USA,https://infinitedripz.com,infinitedripz.com,(469) 336-3540,info@infinitedripz.com,iv-lounge,MedSpa,A,HIGH,web,W2,websearch_email,85
MS-1123,Just Injected Medical Spa,Dallas,,USA,https://www.justinjected.com,justinjectedcom,(469) 317-0555,justinelewis@justinjected.com,lip-filler,MedSpa,A,HIGH,websearch,W9,,
MS-1124,Skin Damsel Aesthetics,Dallas,,USA,https://skindamsel.com,skindamselcom,(469) 828-1732,hello@skindamsel.com,lip-filler,MedSpa,A,HIGH,websearch,W9,,
MS-0326,Dr. Adean Kingston Dermatology,Dallas,TX,USA,https://adeankingstondermatology.com,adeankingstondermatology.com,(214) 420-3376,,hrt,MedSpa,A,HIGH,web,W2,websearch_phone_only,0
MS-0327,Dr. Shimer OB/GYN,Dallas,TX,USA,https://tshimerobgyn.com,tshimerobgyn.com,(469) 364-3760,,hrt,MedSpa,A,HIGH,web,W2,websearch_phone_only,0
MS-0328,Entice Intimate Wellness + Aesthetics,Dallas,TX,USA,https://enticedallas.com,enticedallas.com,(214) 774-2025,hello@enticedallas.com,vaginal-rejuv,MedSpa,A,HIGH,WebSearch,W4,websearch_snippet,82
MS-0330,ThriveMD Dallas,Dallas,TX,USA,https://www.thrivemddallas.com,thrivemddallas.com,(214) 818-4753,,longevity,MedSpa,A,HIGH,WebSearch,W4,websearch_phone_only,0
MS-0331,Integrative Wellness FX,Dallas,TX,USA,https://integrativewellnessfx.com,integrativewellnessfx.com,(469) 333-1298,admin@integrativewellnessfx.com,longevity,MedSpa,A,HIGH,WebSearch,W4,websearch_snippet,80
MS-0332,Secret MedSpa,Dallas,TX,USA,https://secretmedspa.com,secretmedspa.com,(469) 789-0004,,longevity,MedSpa,A,HIGH,WebSearch,W4,websearch_phone_only,0
MS-0329,Wellness Code MedSpa,Dallas,TX,USA,https://wellnesscode.com,wellnesscode.com,(972) 961-1141,info@wellnesscode.com,longevity,MedSpa,A,HIGH,WebSearch,W4,websearch_snippet,75
B-W102-MS-0016,Total Anti-Aging & Wellness,Daytona Beach,FL,US,https://www.daytonasantiaging.com,,(386) 293-1575,leah.totalantiaging@gmail.com,injectables; weight-loss; IV-therapy; wellness,,A,,,W102-LaneB,,
MS-0333,Allure Pelvic Wellness & Aesthetic Gynecology,Deer Park,IL,USA,https://allurepelvicwellness.com,allurepelvicwellness.com,(847) 807-6255,,pelvic-floor,MedSpa,A,HIGH,WebSearch,W4,websearch_phone_only,0
MS-0015,Juicy Face Medical Esthetics,Denver,CO,USA,https://juicyfacemedspa.com/,juicyfacemedspa.com,(720) 807-6981,,general,MedSpa,A,HIGH,Google Search,W4,,
MS-0016,Kalon Laser Aesthetics,Denver,CO,USA,https://kalonlaser.com/,kalonlaser.com,(720) 628-1177,hello@kalonlaser.com,general,MedSpa,A,HIGH,Google Search,W4,,
MS-0017,VITAHL Medical Aesthetics,Denver,CO,USA,https://vitahl.com/,vitahl.com,(303) 388-7380,info@vitahl.com,general,MedSpa,A,HIGH,Google Search,W4,,
MS-1105,Raw Rituale Med Spa,Denver,,USA,https://www.rawrituale.com,rawritualecom,(303) 229-8292,audrey@rawrituale.com,acne,MedSpa,A,HIGH,websearch,W9,,
MS-0334,Cherry Medical Aesthetics,Denver,CO,USA,https://cherrymedispa.com/,cherrymedispa.com,(720) 479-8793,reception@cherrymedispa.com,general,MedSpa,A,HIGH,websearch,W1,websearch_snippet,82
MS-0335,Look Lab Med Spa Cherry Creek,Denver,CO,USA,https://looklab.com/,looklab.com,(720) 995-5665,,general,MedSpa,A,HIGH,websearch,W1,websearch_phone_only,0
MS-0336,Jack Zamora MD Cosmetic Surgery & Aesthetics,Denver,CO,USA,https://www.jackzamoramd.com/,jackzamoramd.com,303-780-7377,hello@jackzamoramd.com,general,MedSpa,A,MEDIUM,websearch,W1,websearch_snippet,85
MS-0337,The Cherry Creek MedSpa,Denver,CO,USA,https://www.thecherrycreekmedspa.com/,thecherrycreekmedspa.com,(720) 422-6636,Contact@thecherrycreekmedspa.com,general,MedSpa,A,HIGH,websearch,W1,websearch_snippet,82
MS-0338,La Fontaine Aesthetics,Denver,CO,USA,https://www.denverfusionspa.com/,denverfusionspa.com,303-355-4772,,general,MedSpa,A,HIGH,websearch,W1,websearch_phone_only,0
MS-0339,GATTONI Medical Aesthetics & Wellness,Denver,CO,USA,https://gattonimed.com/,gattonimed.com,(720) 923-2200,info@gattonimed.com,general,MedSpa,A,HIGH,websearch,W1,websearch_snippet,80
MS-0340,Gleam Med Spa,Denver,CO,USA,https://gleammedspa.com/,gleammedspa.com,(303) 507-7823,info@gleammedspa.com,general,MedSpa,A,HIGH,websearch,W1,websearch_snippet,80
MS-0341,Aspire Medical Spa,Denver,CO,USA,https://denvermedispa.com/,denvermedispa.com,720-638-4863,info@denvermedispa.com,general,MedSpa,A,MEDIUM,Google Search,W4,websearch_snippet,80
MS-0342,Simply Injectables Denver,Denver,CO,USA,https://www.simplyinjectablesdenver.com/,simplyinjectablesdenver.com,(303) 888-0103,info@simplyinjectables.com,general,MedSpa,A,MEDIUM,Google Search,W4,websearch_snippet,78
MS-0343,Denver Dream Medspa,Denver,CO,USA,https://denverdreammedspa.com/,denverdreammedspa.com,(720) 676-8965,denverdreammedspa@gmail.com,general,MedSpa,A,MEDIUM,Google Search,W4,websearch_snippet,75
MS-1158,Beautiful Skin Denver,Denver,,USA,https://beautifulskindenver.com,beautifulskindenvercom,303-309-0665,,acne,MedSpa,A,MEDIUM,websearch,W9,websearch_phone_only,0
MS-1163,Natural Skincare Clinic Denver,Denver,,USA,https://www.naturalskincareclinic.com,naturalskincarecliniccom,720-340-2263,info@naturalskincareclinic.com,acne,MedSpa,A,MEDIUM,websearch,W9,websearch_snippet,80
MS-1182,Skinsanity MedSpa Denver,Denver,,USA,https://www.skinsanityco.com,skinsanitycocom,720-485-8118,hello@skinsanityco.com,acne,MedSpa,A,MEDIUM,websearch,W9,websearch_snippet,80
MS-1183,Skincare 5280 Denver,Denver,,USA,https://www.skincare5280.net,skincare5280net,(303) 330-7200,nicole@skincare5280.net,acne,MedSpa,A,MEDIUM,websearch,W9,websearch_pattern_inferred,78
MS-0018,Iowa Face and Body MedSpa,Des Moines,IA,USA,https://iowafaceandbody.com/,iowafaceandbody.com,(515) 225-8889,,general,MedSpa,A,HIGH,Google Search,W4,,
MS-0344,Urban Effects MedSpa,Des Moines,IA,USA,https://www.urbaneffectsmedspa.com/,urbaneffectsmedspa.com,(515) 987-5188,,general,MedSpa,A,MEDIUM,Google Search,W4,websearch_phone_only,0
MS-0345,Coachlight Med Spa,Des Moines,IA,USA,https://www.dsmcoachlight.com/,dsmcoachlight.com,(515) 221-4905,,general,MedSpa,A,MEDIUM,Google Search,W4,websearch_phone_only,0
MS-0346,Skin Body Soul DSM,Des Moines,IA,USA,https://www.skinbodysoul.com/,skinbodysoul.com,(515) 212-5994,desmoines@skinbodysoul.com,general,MedSpa,A,MEDIUM,Google Search,W4,websearch_snippet,72
MS-1244,Timeless Youth MD,Des Moines,,USA,https://www.timelessyouthmd.com,timelessyouthmdcom,(515) 216-0898,,,MS,A,HIGH,websearch,W12,websearch_phone_only,0
MS-0347,NuImage Medspa,Detroit,MI,USA,https://www.nuimage-medspa.com/,nuimage-medspa.com,(248) 594-3067,NuimageMedspaMichigan@gmail.com,general,MedSpa,A,HIGH,websearch,W1,websearch_snippet,72
MS-0348,Michigan Medical Spa,Detroit,MI,USA,https://www.michmedspa.com/,michmedspa.com,586-944-2261,,general,MedSpa,A,MEDIUM,websearch,W1,websearch_phone_only,0
MS-0349,The Aesthetic Method Ferndale,Detroit,MI,USA,https://www.theaestheticmethod.com/,theaestheticmethod.com,313-992-6659,info@theaestheticmethod.com,general,MedSpa,A,HIGH,websearch,W1,websearch_snippet,82
MS-0350,Well Labs+ MedSpa,Detroit,MI,USA,https://www.skinboutiquexperts.com/,skinboutiquexperts.com,(248) 588-3500,,general,MedSpa,A,HIGH,websearch,W1,websearch_phone_only,0
MS-0351,Revive Medical Spa,Detroit,MI,USA,https://www.revivema.com/,revivema.com,248-254-3246,info@revivema.com,general,MedSpa,A,HIGH,websearch,W1,websearch_snippet,82
MS-0353,AestheticRx Novi,Detroit,MI,USA,https://aestheticrx.net/,aestheticrx.net,(313) 263-6343,info@aestheticrx.net,general,MedSpa,A,HIGH,websearch,W1,websearch_snippet,80
MS-0352,L'Atelier MedSpa,Detroit,MI,USA,https://www.andrewcomptonmd.com/,andrewcomptonmd.com,(248) 289-7300,info@andrewcomptonmd.com,general,MedSpa,A,MEDIUM,websearch,W1,pattern_inferred_domain,65
MS-1427,Allura Medical Aesthetics Dieppe,Dieppe,,Canada,https://alluraclinics.ca,,(506) 853-5154,,,MedSpa,A,,,W96,,
B-W103-MS-0034,The Med Spa Dothan,Dothan,AL,USA,https://www.themedspadothan.com/,,(334) 305-3305,medspa@dothanvision.com,,,A,,,W103-LaneB,,
B-W103-MS-0015,Nova MedSpa,Dubuque,IA,USA,https://www.novamedspa.org,,(563) 599-7422,,,,A,,,W103-LaneB,,
B-W104-MS-0041,Faces MedSpa,Dubuque,IA,USA,https://www.facesmedspa.org,facesmedspa.org,(563) 239-9039,questions@facesmedspa.org,injectables,MedSpa,A,,WebSearch,W104-LaneB,website_scrape,
MS-0019,Duluth Medspa Aging Young,Duluth,MN,USA,https://duluthmedspa.com/,duluthmedspa.com,218-481-1800,,general,MedSpa,A,HIGH,Google Search,W4,,
MS-0354,Twin Ports Dermatology MedSpa,Duluth,MN,USA,https://www.twinportsderm.com/,twinportsderm.com,218-302-1000,,general,MedSpa,A,MEDIUM,Google Search,W4,websearch_phone_only,0
MS-0355,Luminesque Aesthetics,Duluth,MN,USA,https://luminesque.net/,luminesque.net,(218) 393-5728,,general,MedSpa,A,MEDIUM,Google Search,W4,websearch_phone_only,0
B-W103-MS-0029,Irresistible Skin Clinic,Eastbourne,England,UK,https://www.irresistibleskinclinic.org/,,07411365302,info@irresistibleskinclinic.org,,,A,,,W103-LaneB,,
MS-1525,Cranley Clinic Edinburgh,Edinburgh,,UK,https://www.cranleyclinic.com,,+44 131 226 6363,,skin,MedSpa,A,,,W97-INTL,,
MS-1526,Luminate Skin Clinic,Edinburgh,,UK,https://www.luminateskinclinic.co.uk,,+44 131 467 7900,info@luminateskinclinic.co.uk,anti-aging,MedSpa,A,,,W97-INTL,,
MS-1527,Skin Spirit Edinburgh,Edinburgh,,UK,https://www.skinspiritclinic.co.uk,,+44 131 564 1041,hello@skinspiritclinic.co.uk,injectables,MedSpa,A,,,W97-INTL,,
B-W104-MS-0034,SkinFitOKC,Edmond,OK,USA,https://skinfitokc.com,skinfitokc.com,(405) 849-5549,shylaryan@skinfitokc.com,injectables,MedSpa,A,,WebSearch,W104-LaneB,website_scrape,
B-W104-MS-0035,Highwater Aesthetics,Edmond,OK,USA,https://www.highwateraesthetics.com,highwateraesthetics.com,(405) 888-8105,Staff@highwateraesthetics.com,injectables,MedSpa,A,,WebSearch,W104-LaneB,website_scrape,
MS-0356,EIE MediSpa & Laser Centre,Edmonton,AB,Canada,https://www.eiemedispa.ca/,eiemedispa.ca,780-466-5271,info@eiemedispa.ca,general,MedSpa,A,HIGH,websearch,W1,websearch_email,85
MS-0357,External Affairs Medical Spa,Edmonton,AB,Canada,https://www.externalaffairs.ca/,externalaffairs.ca,780-455-2754,info@externalaffairs.ca,general,MedSpa,A,HIGH,websearch,W1,websearch_email,85
MS-0362,Utopia Medispa,Edmonton,AB,Canada,https://www.utopiamedispa.ca/,utopiamedispa.ca,587-404-6502,info@utopiamedispa.ca,general,MedSpa,A,HIGH,websearch,W1,websearch_email,85
MS-0358,Glo Skin & Medspa,Edmonton,AB,Canada,https://gloskinmedspa.com/,gloskinmedspa.com,(780) 481-9772,,general,MedSpa,A,HIGH,websearch,W1,websearch_phone_only,0
MS-0359,Albany Cosmetic & Laser Centre,Edmonton,AB,Canada,https://albanylaser.ca/,albanylaser.ca,+1 587-520-2835,info@albanylaser.ca,general,MedSpa,A,HIGH,websearch,W1,websearch_snippet,82
MS-0360,Youthful You Aesthetics,Edmonton,AB,Canada,https://youthfulyou.ca/,youthfulyou.ca,587-297-4796,Info@youthfulyou.ca,general,MedSpa,A,HIGH,websearch,W1,websearch_snippet,80
MS-0361,Bliss MediSpa,Edmonton,AB,Canada,https://www.blissmedispa.ca/,blissmedispa.ca,780-432-1535,info@blissmedispa.ca,general,MedSpa,A,HIGH,websearch,W1,websearch_snippet,82
MS-0363,MD Spa & Laser Clinic,Edmonton,AB,Canada,https://mdspa.ca/,mdspa.ca,(780) 929-9797,beaumont@mdspa.ca,general,MedSpa,A,HIGH,websearch,W1,websearch_snippet,78
B-W99-MS-0027,The Injectionist & Aesthetics,Edmonton,AB,Canada,https://theinjectionist.ca,theinjectionist.ca,+15876356477,edmonton@theinjectionist.ca,injectables,MedSpa,A,90,websearch,W99-LaneB,websearch,90
MS-1218,SkinSational MedSpa,El Paso,,USA,https://skinsationalep.com,skinsationalepcom,915-213-6930,,,MS,A,HIGH,websearch,W12,websearch_phone_only,0
MS-1219,Azul Medspa,El Paso,,USA,https://azul-medspa.com,azulmedspacom,(915) 317-5212,,,MS,A,HIGH,websearch,W12,websearch_phone_only,0
MS-1220,Bella Paloma Medspa,El Paso,,USA,https://bellapalomamedspa.com,bellapalomamedspacom,(915) 540-2306,,,MS,A,HIGH,websearch,W12,websearch_phone_only,0
MS-1221,Allure Med Spa El Paso,El Paso,,USA,https://alluremedspaep.com,alluremedspaepcom,(915) 731-4029,,,MS,A,HIGH,websearch,W12,websearch_phone_only,0
MS-1222,The Hive Medspa El Paso,El Paso,,USA,https://thehivemedspa.com,thehivemedspacom,(915) 455-6655,,,MS,A,MEDIUM,websearch,W12,no_email_found,0
MS-1223,Adi MedSpa,El Paso,,USA,https://adimedspa.com,adimedspacom,(915) 474-3239,,,MS,A,HIGH,websearch,W12,no_email_found,0
MS-1415,House of Beauty MedSpa El Paso,El Paso,,USA,https://houseofbeautymedspaep.com,,(915) 200-3902,,,MedSpa,A,,,W96,,
MS-0364,Enid Live Well,Enid,OK,USA,https://enidlivewell.com,enidlivewell.com,(580) 233-4300,,concierge,MedSpa,A,HIGH,WebSearch,W4,no_email_found,0
MS-0365,Ziba Medical Spa Eugene,Eugene,OR,USA,https://www.zibamedspaeugene.com,zibamedspaeugene.com,(541) 686-8700,,general,MedSpa,A,HIGH,WebSearch,W3,no_email_found,0
MS-0366,Brighter Smiles Med Spa,Eugene,OR,USA,https://4brightersmiles.com,4brightersmiles.com,(541) 342-7483,,general,MedSpa,A,HIGH,WebSearch,W3,no_email_found,0
MS-0367,Jewell Aesthetic Med Spa,Eugene,OR,USA,https://www.jewellaestheticmedspa.com,jewellaestheticmedspa.com,(541) 683-3238,info@jewellaestheticmedspa.com,general,MedSpa,A,HIGH,WebSearch,W3,websearch_snippet,80
MS-0368,Alora Wellness Spa,Eugene,OR,USA,https://alorawellnessspa.com,alorawellnessspa.com,(541) 228-9595,answers@alorawellnessspa.com,general,MedSpa,A,HIGH,WebSearch,W3,websearch_snippet,82
MS-0369,Revive Skin Health,Eugene,OR,USA,https://www.reviveskinhealth.com,reviveskinhealth.com,(541) 484-3305,info@reviveskinhealth.com,general,MedSpa,A,HIGH,WebSearch,W3,websearch_snippet,80
MS-0370,Nova Concierge Medicine & Aesthetics,Fairfax,VA,USA,https://novaconciergemed.com,novaconciergemed.com,(703) 891-2182,info@novacma.com,concierge,MedSpa,A,HIGH,WebSearch,W4,websearch_snippet,78
B-W104-MS-0004,Bad Ink Laser Clinic,Falls Church / Alexandria,VA,USA,https://www.badinkclinic.com,badinkclinic.com,,info@badinkclinic.com,laser,MedSpa,A,,WebSearch,W104-LaneB,website_scrape,
MS-0020,Boho Studios MedSpa,Fort Collins,CO,USA,https://www.bohostudios.org/,bohostudios.org,(970) 412-8820,hello@bohostudios.org,general,MedSpa,A,HIGH,Google Search,W4,,
MS-0371,Facette Medical Spa,Fort Collins,CO,USA,https://www.facettemedicalspa.com/,facettemedicalspa.com,(970) 223-1211,,general,MedSpa,A,MEDIUM,Google Search,W4,no_email_found,0
MS-0372,Neve Aesthetics Wellness,Fort Collins,CO,USA,https://www.nevewithin.com/,nevewithin.com,(970) 636-3086,info@nevewithin.com,general,MedSpa,A,MEDIUM,Google Search,W4,websearch_snippet,82
MS-0373,Premier Skin Clinic FoCo,Fort Collins,CO,USA,https://premierskinclinic.com/,premierskinclinic.com,(970) 221-1285,,general,MedSpa,A,MEDIUM,Google Search,W4,no_email_found,0
B-W102-MS-0002,Rewind Beauty Bar,Fort Myers,FL,US,https://www.rewindbeautybar.com,,(239) 940-3418,info@rewindbeautybar.com,injectables; hair-restoration; wellness,,A,,,W102-LaneB,,
MS-0374,Femme Med and Spa,Fort Wayne,IN,USA,https://femmemedandspa.com,femmemedandspa.com,(260) 252-4080,,pelvic-floor,MedSpa,A,HIGH,WebSearch,W4,no_email_found,0
B-W101-MS-0033,Transformed Aesthetic and Wellness,Frederick,MD,USA,https://www.transformedmedspamd.com,transformedmedspamd.com,(240) 215-0454,info@transformedmedspa.net,anti-aging,MedSpa,A,high,web-search,W101-LaneB,direct-search,high
MS-1376,Dr. Andrea Hickey Medical Aesthetics,Fredericton,,Canada,https://www.drandreahickey.ca,,(506) 458-0444,connect@drandreahickey.ca,,MedSpa,A,,,W96,,
B-W100-MS-0012,Contour Laser Medi Spa,Fredericton,NB,CA,https://contourlaser.ca,contourlaser.ca,(506) 455-4100,hello@contourlaser.ca,laser,MedSpa,A,88,WebSearch,W100-LaneB,manual-search,88
MS-1196,SkinSculpt Aesthetics,Fresno,,USA,https://www.skinsculpt-aesthetics.com,skinsculptaestheticscom,(559) 470-2125,mepflorez@skinsculpt-aesthetics.com,,MS,A,HIGH,websearch,W12,websearch_snippet,85
MS-1197,Revay Aesthetics,Fresno,,USA,https://revayaesthetics.com,revayaestheticscom,(559) 547-6949,info@revayaesthetics.com,,MS,A,HIGH,websearch,W12,websearch_snippet,85
MS-1198,Avante Medical Aesthetics,Fresno,,USA,https://www.amafresno.com,amafresnocom,(559) 326-8867,info@amafresno.com,,MS,A,HIGH,websearch,W12,websearch_snippet,85
MS-1199,REFYNED Aesthetics,Fresno,,USA,https://refynedaesthetics.com,refynedaestheticscom,(559) 570-1400,info@refynedaesthetics.com,,MS,A,HIGH,websearch,W12,websearch_snippet,85
MS-1200,Mystique Medical Spa,Fresno,,USA,https://mystiquemedicalspa.com,mystiquemedicalspacom,(559) 447-5273,questions@mystiquemedicalspa.com,,MS,A,HIGH,websearch,W12,websearch_snippet,78
MS-1201,BUDDIGA Skin Aesthetics Med Spa,Fresno,,USA,https://www.buddiga.com,buddigacom,(559) 421-9009,info@buddiga.com,,MS,A,HIGH,websearch,W12,websearch_snippet,88
MS-0375,Wellworx Clinic,Frisco,TX,USA,https://wellworxclinic.com,wellworxclinic.com,(972) 645-1677,,hrt,MedSpa,A,HIGH,web,W2,no_email_found,0
B-W102-MS-0045,Novuskin Med Spa,Frisco,TX,US,https://www.novuskin.com,,(972) 970-2630,info@novuskin.com,injectables; laser; skin; body-contouring,,A,,,W102-LaneB,,
MS-1131,Golden Diamond Medical Spa,Garland,,USA,https://goldendiamondmed-spa.com,goldendiamondmedspacom,(469) 777-9199,goldendiamondmedspa@gmail.com,luxury,MedSpa,A,MEDIUM,websearch,W9,websearch_snippet,70
B-W103-MS-0031,MedicSPA Gatineau,Gatineau,QC,CAN,https://medicspa-gatineau.ca/,,819.243.7667,info@medicspa-gatineau.ca,,,A,,,W103-LaneB,,
B-W100-MS-0009,Luminosity Skin and Laser Clinic,Geelong,VIC,AU,https://www.luminosityskin.com.au,luminosityskin.com.au,(03) 5221 7676,info@luminosityskin.com.au,laser,MedSpa,A,88,WebSearch,W100-LaneB,manual-search,88
B-W99-MS-0012,Bellissimo Clinic,Glasgow,,UK,https://bellissimoclinic.com,bellissimoclinic.com,+447532803623,info@bellissimoclinic.com,injectables,MedSpa,A,91,websearch,W99-LaneB,websearch,91
B-W103-MS-0026,Gloucestershire Medical Aesthetics,Gloucester,England,UK,https://www.gloucestershiremedicalaesthetics.co.uk,,01452341932,gloucestershiremedicalaesthetics@hotmail.com,,,A,,,W103-LaneB,,
B-W99-MS-0015,Bella Donna Injectables & Skin,Gold Coast,QLD,Australia,https://bella-donna.com.au,bella-donna.com.au,+61435525810,belladonnainjectables@outlook.com,injectables,MedSpa,A,90,websearch,W99-LaneB,websearch,90
B-W104-MS-0020,AnAesthetics (ABM Wellness),Goldsboro,NC,USA,https://medspagoldsboro.com,medspagoldsboro.com,(919) 800-0918,abmwellness@gmail.com,injectables,MedSpa,A,,WebSearch,W104-LaneB,website_scrape,
B-W104-MS-0021,Natural Beauty Aesthetics,Goldsboro,NC,USA,https://www.naturalbeautygoldsboro.com,naturalbeautygoldsboro.com,(919) 229-9961,marisa@naturalbeautygoldsboro.com,injectables,MedSpa,A,,WebSearch,W104-LaneB,website_scrape,
B-W103-MS-0003,Mangata Medical Spa,Grand Forks,ND,USA,https://www.mangatamedicalspa.com,,(701) 757-1024,info@mangatamedicalspa.com,,,A,,,W103-LaneB,,
B-W103-MS-0004,Rayne Aesthetics Co,Grand Forks,ND,USA,https://www.rayneaestheticsco.com,,(701) 935-0859,info@rayneaestheticsco.com,,,A,,,W103-LaneB,,
MS-0021,AboutFace Body MedSpa,Grand Junction,CO,USA,https://www.aboutfaceandbodymedspa.com/,aboutfaceandbodymedspa.com,(970) 200-7983,,general,MedSpa,A,HIGH,Google Search,W4,,
MS-0376,ElevateRx Med Spa GJ,Grand Junction,CO,USA,https://elevaterxmedspa.com/,elevaterxmedspa.com,(970) 200-4417,,general,MedSpa,A,MEDIUM,Google Search,W4,no_email_found,0
MS-0377,Amadika Aesthetics,Grand Junction,CO,USA,https://www.amadikaaesthetics.com/,amadikaaesthetics.com,(970) 683-8798,amber@amadikaaesthetics.com,general,MedSpa,A,MEDIUM,Google Search,W4,websearch_snippet,88
B-W101-MS-0001,Renewal Skin Spa,Grand Rapids,MI,USA,https://www.renewalskinspa.com,renewalskinspa.com,(616) 940-1177,,laser,MedSpa,A,high,web-search,W101-LaneB,direct-search,high
B-W101-MS-0002,Welltopix Med Spa,Grand Rapids,MI,USA,https://welltopixmedspa.com,welltopixmedspa.com,(616) 516-6230,info@welltopixmedspa.com,injectables,MedSpa,A,high,web-search,W101-LaneB,direct-search,high
MS-0378,Just Wellness (formerly Cryo-X),Grapevine,TX,USA,https://www.just-wellness.com,just-wellness.com,(817) 733-0116,info@cryo-x.com,cryo,MedSpa,A,HIGH,WebSearch,W4,websearch_snippet,80
MS-0379,MedSpa of DFW,Grapevine,TX,USA,https://medspaofdfw.com,medspaofdfw.com,(817) 546-6772,frontdesk@dfwmsa.com,longevity,MedSpa,A,HIGH,WebSearch,W4,websearch_snippet,85
MS-0022,Indiglo Med Spa,Green Bay,WI,USA,https://indiglomedspa.com/,indiglomedspa.com,(920) 491-9080,,general,MedSpa,A,HIGH,Google Search,W4,,
B-W99-MS-0024,The Curated Aesthetic,Greensboro,NC,USA,https://thecuratedaesthetic.com,thecuratedaesthetic.com,+13366765583,,injectables,MedSpa,A,78,websearch,W99-LaneB,websearch,78
MS-0380,Bliss Beauty Aesthetics Greenville,Greenville,SC,USA,https://www.blissbeautyaesthetics.com,blissbeautyaesthetics.com,(864) 777-9868,hello@blissbeautyaesthetics.com,general,MedSpa,A,HIGH,WebSearch,W3,websearch_snippet,85
MS-0381,Back to 30 Greenville,Greenville,SC,USA,https://backto30.com,backto30.com,(864) 372-3003,info@backto30.com,general,MedSpa,A,HIGH,WebSearch,W3,websearch_snippet,85
MS-0382,The Med Spa on Augusta,Greenville,SC,USA,https://www.themedspaonaugusta.com,themedspaonaugusta.com,(864) 203-3415,,general,MedSpa,A,HIGH,WebSearch,W3,no_email_found,0
MS-0383,Elevate Aesthetic Medicine,Greenville,SC,USA,https://www.elevateaestheticmedicine.com,elevateaestheticmedicine.com,(no phone found),,general,MedSpa,A,HIGH,WebSearch,W3,no_email_found,0
MS-0384,Siffria Aesthetics,Greenville,SC,USA,https://siffriaesthetics.com,siffriaesthetics.com,(864) 764-5591,heather@heathersiffri.com,general,MedSpa,A,HIGH,WebSearch,W3,websearch_snippet,85
MS-0385,PUSH Med,Greenville,SC,USA,https://www.thepushmed.com,thepushmed.com,(864) 520-8799,info@thepushmed.com,general,MedSpa,A,HIGH,WebSearch,W3,websearch_snippet,85
B-W102-MS-0046,Viva Med Aesthetics & Wellness,Greenville,NC,US,https://vivamedispa.com,,(252) 329-8482,,injectables; laser; body-contouring; skin,,A,,,W102-LaneB,,
MS-0023,The Cosmetic Clinic Greenwich,Greenwich,CT,USA,https://thecosmeticclinic.org/,thecosmeticclinic.org,203-399-3678,,general,MedSpa,A,HIGH,websearch,W1,,
MS-0024,Kallos Medical Aesthetics,Greenwich,CT,USA,https://www.kallosmedicalaesthetics.com/,kallosmedicalaesthetics.com,203-869-2939,,general,MedSpa,A,HIGH,websearch,W1,,
MS-0386,NaturallYou Med Spa,Greenwich,CT,USA,https://naturallyou.net/,naturallyou.net,(203) 340-9998,,general,MedSpa,A,HIGH,websearch,W1,no_email_found,0
MS-0387,Greenwich Medical Spa,Greenwich,CT,USA,https://www.greenwichmedicalspa.com/,greenwichmedicalspa.com,(203) 637-0662,yourskinspecialist@greenwichmedicalspa.com,general,MedSpa,A,MEDIUM,websearch,W1,websearch_snippet,85
MS-1119,AOB Med Spa,Greenwood Village,,USA,https://www.aobmedspa.com,aobmedspacom,(303) 731-2149,info@aobmedspa.com,body-sculpting,MedSpa,A,HIGH,websearch,W9,,
MS-0388,ArtMed Cosmetic Medicine,Guelph,ON,Canada,https://www.artmed.ca/,artmed.ca,(519) 824-4567,info@artmed.ca,general,MedSpa,A,HIGH,WebSearch,W3,websearch_snippet,88
MS-0389,Breathe Medical Spa,Guelph,ON,Canada,https://www.breathemedspa.ca/,breathemedspa.ca,(519) 822-2221,info@breathemedspa.ca,general,MedSpa,A,HIGH,WebSearch,W3,websearch_snippet,88
MS-0390,Gold & Bloom Medispa,Guelph,ON,Canada,https://gbmedispa.com/,gbmedispa.com,(519) 830-1322,info@gbmedispa.com,general,MedSpa,A,HIGH,WebSearch,W3,websearch_snippet,85
MS-0391,Natalie Maaden Boutique Med Spa,Guelph,ON,Canada,https://nataliemaaden.com/,nataliemaaden.com,(519) 767-3331,info@nataliemaaden.com,general,MedSpa,A,HIGH,WebSearch,W3,websearch_snippet,78
MS-0392,Juice Medspa Guelph,Guelph,ON,Canada,https://juicewell.janeapp.com/,juicewell.janeapp.com,289-941-1597,melissa@juicemedspa.com,general,MedSpa,A,MED,WebSearch,W3,websearch_snippet,72
B-W101-MS-0045,Royal Medical Spa,Guelph,ON,Canada,https://www.royalmedicalspa.ca,royalmedicalspa.ca,(226) 501-5884,info@royalmedicalspa.ca,injectables,MedSpa,A,high,web-search,W101-LaneB,direct-search,high
B-W101-MS-0049,Verse Medical Aesthetics,Guildford,Surrey,UK,https://www.versemedicalaesthetics.com,versemedicalaesthetics.com,+44 7476 695696,marta@versemedicalaesthetics.com,injectables,MedSpa,A,high,web-search,W101-LaneB,direct-search,high
B-W104-MS-0040,Bank MediSpa,Hale / Altrincham,Cheshire,UK,https://bankmedispa.co.uk,bankmedispa.co.uk,0161 204 7382,info@bankmedispa.co.uk,injectables,MedSpa,A,,WebSearch,W104-LaneB,website_scrape,
MS-0393,True Clinic Halifax,Halifax,NS,Canada,https://trueclinic.ca/,trueclinic.ca,+1 902-717-4488,contact@trueclinic.ca,general,MedSpa,A,HIGH,WebSearch,W3,websearch_email,82
MS-0394,Monarchy Medispa,Halifax,NS,Canada,https://www.nursecatherine.com/,nursecatherine.com,902-457-0525,info@monarchymedispa.com,general,MedSpa,A,HIGH,WebSearch,W3,websearch_email,82
MS-0395,Luma Clinic Halifax,Halifax,NS,Canada,https://luma.clinic/,luma.clinic,(902) 425-2956,hello@luma.clinic,general,MedSpa,A,HIGH,WebSearch,W3,websearch_email,82
MS-0396,Face Clinic Halifax,Halifax,NS,Canada,https://faceclinic.ca/,faceclinic.ca,+1 902-497-6465,info@faceclinic.ca,general,MedSpa,A,HIGH,WebSearch,W3,websearch_email,85
MS-0397,Nova Scotia Medical Aesthetics,Halifax,NS,Canada,https://www.novascotiamedicalaesthetics.com/,novascotiamedicalaesthetics.com,(902) 648-7980,,general,MedSpa,A,HIGH,WebSearch,W3,no_email_found,0
MS-0398,This Is Sundays Halifax,Halifax,NS,Canada,https://www.sundaysinc.com/,sundaysinc.com,(902) 200-5274,halifax@sundaysinc.com,general,MedSpa,A,HIGH,WebSearch,W3,websearch_snippet,88
MS-0399,Vitality Medi-Spa Halifax,Halifax,NS,Canada,https://vitalitymedispa.ca/,vitalitymedispa.ca,(902) 422-4475,,general,MedSpa,A,HIGH,WebSearch,W3,no_email_found,0
MS-0400,Embellish Medical Aesthetics,Halifax,NS,Canada,https://www.embellishmedical.com/,embellishmedical.com,(902) 240-5750,info@embellishmedical.com,general,MedSpa,A,HIGH,WebSearch,W3,websearch_snippet,88
MS-1278,DerMedical Esthetics Dartmouth,Halifax,,Canada,https://www.dermedicalesthetics.ca,dermedicalestheticsca,902-435-8614,dermedicalesthetics.reception@gmail.com,,MS,A,HIGH,websearch,W12,websearch_snippet,70
B-W99-MS-0007,NuYou MedSpa & Laser Clinic,Halifax,NS,Canada,https://nuyoumedspa.ca,nuyoumedspa.ca,+19024227327,info@nuyoumedspa.ca,laser,MedSpa,A,88,websearch,W99-LaneB,websearch,88
B-W102-MS-0023,ND Aesthetics,Halifax,,UK,https://www.ndaesthetics.co.uk,,,info@ndaesthetics.co.uk,injectables; skin; anti-aging,,A,,,W102-LaneB,,
MS-0401,Artista Medical Aesthetics,Hamilton,ON,Canada,https://artistamedicalaesthetics.ca/,artistamedicalaesthetics.ca,289-778-0622,injectorclaudia@gmail.com,general,MedSpa,A,HIGH,WebSearch,W3,websearch_email,71
MS-0402,The Narra Clinic,Hamilton,ON,Canada,https://www.thenarraclinic.com/,thenarraclinic.com,(905) 962-5551,hello@thenarraclinic.com,general,MedSpa,A,HIGH,WebSearch,W3,websearch_email,85
MS-0403,The Aesthetics Boutique,Hamilton,ON,Canada,https://theaestheticsboutique.ca/,theaestheticsboutique.ca,,info@theaestheticsboutique.ca,general,MedSpa,A,HIGH,WebSearch,W3,websearch_email,80
MS-0404,Glam Nurse Neda,Hamilton,ON,Canada,https://glamnurseneda.ca/,glamnurseneda.ca,(289) 442-1419,glamnurseneda@gmail.com,general,MedSpa,A,HIGH,WebSearch,W3,websearch_snippet,70
MS-0405,Solange Medical Aesthetics,Hamilton,ON,Canada,https://www.solangemedicalaesthetics.ca/,solangemedicalaesthetics.ca,(437) 836-2814,info@solangemedicalaesthetics.ca,general,MedSpa,A,HIGH,WebSearch,W3,pattern_inferred_domain,75
MS-0406,Marina Medical Aesthetics Hamilton,Hamilton,ON,Canada,https://www.marinaaesthetics.ca/,marinaaesthetics.ca,(647) 646-6699,marinaaestheticsinfo@gmail.com,general,MedSpa,A,HIGH,WebSearch,W3,websearch_snippet,70
MS-0407,Monaco Medical Aesthetics,Hamilton,ON,Canada,https://www.monacospa.ca/,monacospa.ca,905.920.0019,info@monacospa.ca,general,MedSpa,A,HIGH,WebSearch,W3,pattern_inferred_domain,78
MS-0408,Aura Cosmetic Clinic Hamilton,Hamilton,ON,Canada,https://auracosmeticclinic.ca/,auracosmeticclinic.ca,905-577-0445,info@auracosmeticclinic.ca,general,MedSpa,A,HIGH,WebSearch,W3,pattern_inferred_domain,78
MS-0409,FreezeFillGlow Medical Aesthetics,Hamilton,ON,Canada,https://www.freezefillglow.com/,freezefillglow.com,(833) 456-9222,info@freezefillglow.com,general,MedSpa,A,HIGH,WebSearch,W3,pattern_inferred_domain,78
MS-0410,Bella Republic Med Spa,Hartford,CT,USA,https://bellarepublicmedspa.com,bellarepublicmedspa.com,(959) 257-1804,info@bellarepublicmedspa.com,general,MedSpa,A,HIGH,WebSearch,W3,websearch_snippet,85
MS-0411,Radiance Medspa Avon,Hartford,CT,USA,https://www.radianceavon.com,radianceavon.com,(860) 409-9000,info@radianceavon.com,general,MedSpa,A,HIGH,WebSearch,W3,websearch_snippet,82
MS-0412,Magnolia Med Spa CT,Hartford,CT,USA,https://magnoliamedspact.com,magnoliamedspact.com,(860) 604-9769,,general,MedSpa,A,HIGH,WebSearch,W3,no_email_found,0
MS-0413,Vivesse Med Spa,Hartford,CT,USA,https://vivesse.net,vivesse.net,(860) 761-1339,contact@vivesse.net,general,MedSpa,A,HIGH,WebSearch,W3,websearch_snippet,85
MS-0414,Blush Med Spa CT,Hartford,CT,USA,https://blushmedspact.com,blushmedspact.com,(860) 606-6879,,general,MedSpa,A,HIGH,WebSearch,W3,no_email_found,0
MS-1269,Royâ Medspa Hartford,Hartford,,USA,https://royamedspa.com,royamedspacom,(860) 964-8040,info@royamedspa.com,,MS,A,HIGH,websearch,W12,websearch_snippet,75
MS-1270,Accent Med Spa Hartford,Hartford,,USA,https://accentmedspa.com,accentmedspacom,(860) 499-4301,,,MS,A,HIGH,websearch,W12,websearch_snippet,0
B-W103-MS-0039,Radiant Reflections Weight Loss Clinic & MedSpa,Hattiesburg,MS,USA,https://radiantreflectionsms.com/,,601-268-7777,,,,A,,,W103-LaneB,,
MS-0415,Cryo Myst Medspa,Haverford,PA,USA,https://cryotherapyspa.com,cryotherapyspa.com,484-380-2038,cryomystspa@gmail.com,cryo,MedSpa,A,HIGH,WebSearch,W4,websearch_snippet,72
MS-0025,BP Royal Medspa,Henderson,NV,USA,https://bproyalmedspa.com/,bproyalmedspa.com,(702) 899-7100,,general,MedSpa,A,HIGH,WebSearch,W1,,
MS-0026,Tru Beauty By Trevor,Henderson,NV,USA,https://trubeautybytrevor.com/,trubeautybytrevor.com,(702) 852-3110,,general,MedSpa,A,HIGH,WebSearch,W1,,
MS-0416,Henderson Med Spa,Henderson,NV,USA,https://www.hendersonmedspa.com/,hendersonmedspa.com,(702) 448-9977,info@hendersonim.com,general,MedSpa,A,MEDIUM,WebSearch,W1,websearch_snippet,70
MS-0417,Veristic Aesthetics,Henderson,NV,USA,https://veristicaesthetics.com/,veristicaesthetics.com,(702) 623-7674,contact@veristicaesthetics.com,general,MedSpa,A,MEDIUM,WebSearch,W1,websearch_snippet,80
MS-0418,Sunset Hills Med Spa,Henderson,NV,USA,https://sunsethillsmedspa.com/,sunsethillsmedspa.com,(702) 323-5699,,general,MedSpa,A,MEDIUM,WebSearch,W1,websearch_snippet,0
MS-0419,Sculpted MD Henderson,Henderson,NV,USA,https://www.sculptedmd.com/nevada/henderson/,sculptedmd.com,(775) 799-3388,info@sculptedmd.com,general,MedSpa,A,MEDIUM,WebSearch,W1,websearch_snippet,78
MS-0420,Face Forward Aesthetics,Henderson,NV,USA,https://www.faceforwardaesthetics.com/,faceforwardaesthetics.com,(725) 213-0452,info@ffaesthetics.com,general,MedSpa,A,MEDIUM,WebSearch,W1,websearch_snippet,68
B-W102-MS-0021,Sapphire Medical Aesthetics,Hereford,,UK,https://sapphiremedicalaesthetics.co.uk,,01432 870717,enquiries@sapphiremedicalaesthetics.co.uk,injectables; anti-aging; skin; facial-aesthetics,,A,,,W102-LaneB,,
B-W102-MS-0022,The Glow Clinic Hereford,Hereford,,UK,https://www.theglowclinichereford.co.uk,,,hello@theglowclinichereford.co.uk,injectables; facial-aesthetics; skin; anti-aging,,A,,,W102-LaneB,,
B-W102-MS-0012,Pure Reflection MedSpa,Hickory,NC,US,https://purereflectionmedspa.com,,(828) 345-1290,,injectables; skin; facial-aesthetics,,A,,,W102-LaneB,,
B-W99-MS-0030,Sanctum Medical Aesthetics,Hobart,TAS,Australia,https://sanctummedical.com.au,sanctummedical.com.au,+61362238998,,skin,MedSpa,A,79,websearch,W99-LaneB,websearch,79
MS-1202,Honolulu MedSpa,Honolulu,,USA,https://honolulumedspa.com,honolulumedspacom,(808) 528-0888,info@honolulumedspa.com,,MS,A,HIGH,websearch,W12,pattern_inferred_domain,78
MS-1203,FINA MedSpa Honolulu,Honolulu,,USA,https://www.finamedspa.com,finamedspacom,(808) 900-8828,finamedspa@gmail.com,,MS,A,HIGH,websearch,W12,websearch_snippet,78
MS-1204,Aloha Aesthetics MD,Honolulu,,USA,https://www.aloha-aestheticsmd.com,alohaaestheticsmdcom,(808) 501-1117,,,MS,A,HIGH,websearch,W12,websearch_snippet,0
MS-1205,Artistry Medspa Honolulu,Honolulu,,USA,https://www.artistrymedspa.co,artistrymedspaco,(808) 452-0452,info@artistrywellnesshawaii.com,,MS,A,HIGH,websearch,W12,websearch_snippet,72
MS-1206,Aesthetics Hawaii,Honolulu,,USA,https://hawaiibotox.com,hawaiibotoxcom,(808) 633-8585,hawaiibotox@gmail.com,,MS,A,HIGH,websearch,W12,websearch_snippet,78
MS-1207,Beachside Aesthetics & Wellness,Honolulu,,USA,https://www.beachsideaestheticsandwellness.com,beachsideaestheticsandwellnesscom,(808) 490-5340,aloha@beachsideaestheticsandwellness.com,,MS,A,HIGH,websearch,W12,websearch_snippet,82
MS-1208,Sakura Aesthetics Honolulu,Honolulu,,USA,https://www.sakuraaestheticshonolulu.com,sakuraaestheticshonolulucom,808-204-2969,,,MS,A,HIGH,websearch,W12,websearch_snippet,0
MS-1209,Helen's Haven,Honolulu,,USA,https://helenshaven.com,helenshavencom,(808) 739-0400,helen@helenshaven.com,,MS,A,HIGH,websearch,W12,websearch_snippet,72
MS-0421,Aesthetic Specialists of Houston,Houston,TX,USA,https://www.aestheticspecialistshtx.com/,aestheticspecialistshtx.com,(281) 336-9301,,general,MedSpa,A,HIGH,websearch,W1,websearch_phone,MEDIUM
MS-0422,Mederna Aesthetic Medicine,Houston,TX,USA,https://medernaofficial.com/,medernaofficial.com,(832) 272-0401,Info@medernaofficial.com,general,MedSpa,A,HIGH,websearch,W1,websearch_email,HIGH
MS-0423,Artavi Med Spa,Houston,TX,USA,https://www.artavimedspa.com/,artavimedspa.com,832-649-7266,info@artavimedspa.com,general,MedSpa,A,HIGH,websearch,W1,websearch_email,HIGH
MS-0424,BotoxRN MedSpa,Houston,TX,USA,https://botoxrn.com/,botoxrn.com,(832) 831-1356,,general,MedSpa,A,HIGH,websearch,W1,websearch_phone,MEDIUM
MS-1125,Dermaluxe Spa,Houston,,USA,https://dermaluxespa.com,dermaluxespacom,(832) 377-0030,contact@dermaluxespa.com,microblading,MedSpa,A,HIGH,websearch,W9,,
MS-1130,Montrose Medspa,Houston,,USA,https://montrosemedspa.com,montrosemedspacom,(713) 485-5027,info@montrosemedspa.com,luxury,MedSpa,A,HIGH,websearch,W9,,
MS-0425,MD Aesthetica,Houston,TX,USA,https://mdamedspa.com/,mdamedspa.com,(713) 799-0000,,general,MedSpa,A,HIGH,websearch,W1,websearch_snippet,0
MS-0426,BeYoutiful Anti-Aging Studio,Houston,TX,USA,https://beyoutifulantiaging.com/,beyoutifulantiaging.com,713-547-5656,bella@beyoutifulantiaging.com,general,MedSpa,A,HIGH,websearch,W1,websearch_snippet,75
MS-0427,Rose Milk Aesthetics,Houston,TX,USA,https://www.rosemilkaesthetics.com/,rosemilkaesthetics.com,(832) 557-8151,info@rosemilkaesthetics.com,general,MedSpa,A,HIGH,websearch,W1,pattern_inferred_domain,80
MS-0429,Neighborhood Wellness Clinic,Houston,TX,USA,https://neighborhoodwellnessclinic.com,neighborhoodwellnessclinic.com,,info@NeighborhoodWellnessClinic.com,mens,MedSpa,A,HIGH,web,W2,websearch_snippet,68
MS-0430,ActIVate Drip Spa,Houston,TX,USA,https://activatedripspa.com,activatedripspa.com,(832) 810-3747,info@activatedripspa.com,iv-lounge,MedSpa,A,HIGH,web,W2,websearch_snippet,82
MS-0431,Behuemn,Houston,TX,USA,https://behuemn.com,behuemn.com,832-779-1673,info@behuemn.com,weight-loss,MedSpa,A,HIGH,web,W2,websearch_snippet,72
MS-0432,Medical Health Institute,Houston,TX,USA,https://medicalhealthinstitute.com,medicalhealthinstitute.com,786-314-7141,,hrt,MedSpa,A,HIGH,web,W2,websearch_snippet,0
MS-0433,Amanecia Health,Houston,TX,USA,https://amaneciahealth.com,amaneciahealth.com,,info@amaneciahealth.com,hrt,MedSpa,A,HIGH,web,W2,pattern_inferred_domain,65
MS-0434,iLife Anti-Aging,Houston,TX,USA,https://ilifeantiaging.com,ilifeantiaging.com,(832) 344-3835,info@ilifeantiaging.com,sexual-wellness,MedSpa,A,HIGH,WebSearch,W4,websearch_snippet,80
MS-0435,River Oaks Galleria (ROG) Medspa,Houston,TX,USA,https://rogmedspa.com,rogmedspa.com,(346) 741-6772,info@rogmedspa.com,minority-owned,MedSpa,A,HIGH,WebSearch,W4,websearch_snippet,80
MS-1147,Lush RX Med Spa,Houston,,USA,https://www.lushrx.com,lushrxcom,(713) 331-1037,krystal.roney-smith@lushrx.com,threading,MedSpa,A,MEDIUM,websearch,W9,websearch_snippet,75
MS-1150,Renew Body Contouring MedSpa,Houston,,USA,https://renewbodycontouring.com,renewbodycontouringcom,(281) 201-0101,info@renewbodycontouring.com,cellulite,MedSpa,A,MEDIUM,websearch,W9,pattern_inferred_domain,65
MS-1160,Avante Laser MediSpa,Houston,,USA,https://avantemedispa.com,avantemedispacom,713-953-1139,info@avantemedispa.com,microblading,MedSpa,A,MEDIUM,websearch,W9,websearch_snippet,75
MS-1164,Beauti4Skin Medspa Houston,Houston,,USA,https://beauti4skin.com,beauti4skincom,,info@beauti4skin.com,microblading,MedSpa,A,MEDIUM,websearch,W9,pattern_inferred_domain,65
MS-0428,OB Men Houston,Houston,TX,USA,https://houstonmensclinic.com,houstonmensclinic.com,+1 713-770-6226,info@houstonmensclinic.com,mens,MedSpa,A,HIGH,web,W2,pattern_inferred_domain+apollo_phone,68
B-W102-MS-0038,Jodie Lauren Aesthetics,Huddersfield,,UK,https://jodielaurenaesthetics.com,,07494 870886,info@jodielaurenaesthetics.com,injectables; skin; facial-aesthetics; anti-aging,,A,,,W102-LaneB,,
MS-0436,Benton Integrative Medicine,Huntersville,NC,USA,https://www.bentonintegrative.com,bentonintegrative.com,704-775-6029,info@bentonintegrative.com,sexual-wellness,MedSpa,A,HIGH,WebSearch,W4,pattern_inferred_domain,65
B-W103-MS-0035,Skin Aesthetics by Andrea,Huskisson (Nowra),NSW,AUS,https://www.skin-aesthetics.com.au/,,0457 726 366,andrea@skin-aesthetics.com.au,,,A,,,W103-LaneB,,
B-W103-MS-0032,Sorgente MedSpa,Hyannis,MA,USA,https://www.sorgentemedspa.com/,,508-534-9837,,,,A,,,W103-LaneB,,
MS-0437,Bona Vie Medical Spa,Idaho Falls,ID,USA,https://bonaviemedspa.com/,bonaviemedspa.com,208-529-5945,marketing@drleavitt.net,general,MedSpa,A,MEDIUM,Google Search,W4,websearch_snippet,70
MS-0438,Enhanced Aesthetix,Idaho Falls,ID,USA,https://enhancedaesthetix.com/,enhancedaesthetix.com,(208) 656-7373,info@enhancedaesthetix.com,general,MedSpa,A,MEDIUM,Google Search,W4,websearch_snippet,82
MS-0439,The Refinery Med Spa,Indianapolis,IN,USA,https://therefinerymedspa.com/,therefinerymedspa.com,317-965-0561,,general,MedSpa,A,HIGH,websearch,W1,websearch_snippet,0
MS-0440,Lyfe Aesthetics & MedSpa,Indianapolis,IN,USA,https://mylyfemedspa.com/,mylyfemedspa.com,317-600-3217,,general,MedSpa,A,HIGH,websearch,W1,websearch_snippet,0
MS-0441,The SKN Lab,Indianapolis,IN,USA,https://thesknlabindy.com/,thesknlabindy.com,(317) 743-8997,info@thesknlabindy.com,general,MedSpa,A,HIGH,websearch,W1,websearch_snippet,82
MS-0442,Ageless Aesthetics Indy,Indianapolis,IN,USA,https://agelessindy.com/,agelessindy.com,(317) 855-9100,info@agelessindy.com,general,MedSpa,A,HIGH,websearch,W1,websearch_snippet,75
MS-0443,Embolden Med Spa,Indianapolis,IN,USA,https://emboldenmedspa.com/,emboldenmedspa.com,(317) 344-9835,info@emboldenmedspa.com,general,MedSpa,A,HIGH,websearch,W1,websearch_snippet,80
MS-0444,Fundamentals Med Spa,Indianapolis,IN,USA,https://fundamentalsmedspa.com/,fundamentalsmedspa.com,(317) 222-7546,info@fundamentalsmedspa.com,general,MedSpa,A,HIGH,websearch,W1,websearch_snippet,80
MS-0445,SimplySkin MedSpa,Indianapolis,IN,USA,https://simplyskinmedspa.com/,simplyskinmedspa.com,(317) 576-1114,,general,MedSpa,A,HIGH,websearch,W1,websearch_snippet,0
MS-0446,Starsiak Aesthetics,Indianapolis,IN,USA,https://www.starsiakaesthetics.com/,starsiakaesthetics.com,(317) 410-9978,info@starsiakaesthetics.com,general,MedSpa,A,HIGH,websearch,W1,websearch_snippet,80
B-W104-MS-0018,Glow MedSpa,Inverness,Scotland,UK,https://glowmedspa.co.uk,glowmedspa.co.uk,07457403261,hello@glowmedspa.co.uk,injectables,MedSpa,A,,WebSearch,W104-LaneB,website_scrape,
MS-0447,Facial Rejuvenation Center,Iowa City,IA,USA,https://facialrejuvenationcenter.net/,facialrejuvenationcenter.net,(319) 351-3223,,general,MedSpa,A,MEDIUM,Google Search,W4,websearch_snippet,0
MS-0448,Radiance Medical Spa Iowa,Iowa City,IA,USA,https://theradiancemedicalspa.com/,theradiancemedicalspa.com,,info@theradiancemedicalspa.com,general,MedSpa,A,MEDIUM,Google Search,W4,pattern_inferred_domain,65
MS-0449,The ReCenter Iowa,Iowa City,IA,USA,https://therecenter.com/,therecenter.com,,info@therecenter.com,general,MedSpa,A,MEDIUM,Google Search,W4,pattern_inferred_domain,65
MS-0450,Concierge Aesthetics (Irvine),Irvine,CA,USA,https://www.conciergeaesthetics.com,conciergeaesthetics.com,+1 949-910-1609,info@conciergeaesthetics.com,concierge,MedSpa,A,HIGH,WebSearch,W4,pattern_inferred_domain+apollo_phone,68
MS-0451,Center for Aesthetics Jackson,Jackson,WY,USA,https://cfabeautyjacksonhole.com/,cfabeautyjacksonhole.com,,info@cfabeautyjacksonhole.com,general,MedSpa,A,MEDIUM,Google Search,W4,pattern_inferred_domain,65
MS-1373,Remede IV Therapy Aesthetics Jackson,Jackson,,USA,https://remedeco.com,,(307) 699-0090,jh@remedeco.com,,MedSpa,A,,,W96,,
MS-1374,Teton Beauty Lounge,Jackson,,USA,https://tetonbeautylounge.com,,(307) 264-5942,,,MedSpa,A,,,W96,,
MS-1425,Grand Aesthetics Jackson Hole,Jackson,,USA,https://www.grandaestheticsjh.com,,(307) 413-0230,Grandaestheticsjh@yahoo.com,,MedSpa,A,,,W96,,
MS-0452,Kapriz Medical Spa,Jacksonville,FL,USA,https://kaprizmedicalspa.com,kaprizmedicalspa.com,,info@kaprizmedicalspa.com,general,MedSpa,A,HIGH,WebSearch,W3,pattern_inferred_domain,65
MS-0453,Timeless Med Spa Jacksonville,Jacksonville,FL,USA,https://timelessmedspa.org,timelessmedspa.org,+1 904-503-8655,info@timelessmedspa.org,general,MedSpa,A,HIGH,WebSearch,W3,pattern_inferred_domain+apollo_phone,68
MS-0454,Coastal Health Medical Spa,Jacksonville,FL,USA,https://coastalmedicalspa.com,coastalmedicalspa.com,+1 904-257-3232,info@coastalmedicalspa.com,general,MedSpa,A,HIGH,WebSearch,W3,pattern_inferred_domain+apollo_phone,68
MS-0455,Concierge Cosmetics Aesthetics,Jacksonville,FL,USA,https://conciergecosmeticsandaesthetics.com,conciergecosmeticsandaesthetics.com,,info@conciergecosmeticsandaesthetics.com,general,MedSpa,A,HIGH,WebSearch,W3,pattern_inferred_domain,65
MS-0456,Youthful Medical Spa,Jacksonville,FL,USA,https://www.youthfulmedicalspa.com,youthfulmedicalspa.com,+1 904-273-6286,info@youthfulmedicalspa.com,general,MedSpa,A,HIGH,WebSearch,W3,pattern_inferred_domain+apollo_phone,68
MS-0457,Concierge Aesthetics NC,Jacksonville,NC,USA,https://conciergeaestheticnc.com,conciergeaestheticnc.com,,info@conciergeaestheticnc.com,concierge,MedSpa,A,HIGH,WebSearch,W4,pattern_inferred_domain,65
B-W101-MS-0035,La Boussole Medical Spa,Joplin,MO,USA,https://laboussolejoplin.com,laboussolejoplin.com,(417) 434-4449,,wellness,MedSpa,A,high,web-search,W101-LaneB,direct-search,high
MS-0458,Kontour Clinic Kamloops,Kamloops,BC,Canada,https://www.kontourclinic.ca/,kontourclinic.ca,,info@kontourclinic.ca,general,MedSpa,A,HIGH,WebSearch,W3,pattern_inferred_domain,65
MS-0459,SONA MD Kamloops,Kamloops,BC,Canada,https://sonamd.ca/,sonamd.ca,+1 778-471-6555,info@sonamd.ca,general,MedSpa,A,HIGH,WebSearch,W3,pattern_inferred_domain+apollo_phone,68
MS-0460,LuxeRx Clinic Kamloops,Kamloops,BC,Canada,https://luxerxclinic.com/,luxerxclinic.com,,info@luxerxclinic.com,general,MedSpa,A,HIGH,WebSearch,W3,pattern_inferred_domain,65
MS-0027,Face KC Med Spa,Kansas City,MO,USA,https://facekcmedspa.com/,facekcmedspa.com,(816) 216-7473,Info.facekcmedspa@gmail.com,general,MedSpa,A,HIGH,Google Search,W4,,
MS-0461,Revive RX Med Spa KC,Kansas City,MO,USA,https://www.reviverxmedspa.com/,reviverxmedspa.com,+1 816-208-4330,info@reviverxmedspa.com,general,MedSpa,A,MEDIUM,Google Search,W4,pattern_inferred_domain+apollo_phone,68
MS-0462,RefineKC Aesthetics,Kansas City,MO,USA,https://refinekcaesthetics.com/,refinekcaesthetics.com,,info@refinekcaesthetics.com,general,MedSpa,A,MEDIUM,Google Search,W4,pattern_inferred_domain,65
MS-0463,RSVP Med Spa KC,Kansas City,MO,USA,https://rsvpmedspa.com/,rsvpmedspa.com,+1 913-387-1104,info@rsvpmedspa.com,general,MedSpa,A,MEDIUM,Google Search,W4,pattern_inferred_domain+apollo_phone,68
MS-0464,AesthetiCare Med Spa KC,Kansas City,MO,USA,https://greatskinkc.com/,greatskinkc.com,+1 913-320-0878,info@greatskinkc.com,general,MedSpa,A,MEDIUM,Google Search,W4,pattern_inferred_domain+apollo_phone,68
MS-0465,Healthy Looks Med Spa,Kansas City,MO,USA,https://www.healthylooks.com/,healthylooks.com,+1 816-795-5262,info@healthylooks.com,general,MedSpa,A,MEDIUM,Google Search,W4,pattern_inferred_domain+apollo_phone,68
MS-0466,Hollydays Spa KC,Kansas City,MO,USA,https://www.hollydayspa.com/,hollydayspa.com,+1 816-333-4430,info@hollydayspa.com,general,MedSpa,A,MEDIUM,Google Search,W4,pattern_inferred_domain+apollo_phone,68
MS-0467,Kelowna Medical Aesthetics,Kelowna,BC,Canada,https://www.kelownamedicalaesthetics.com/,kelownamedicalaesthetics.com,778-363-3701,info@kelownamedicalaesthetics.com,general,MedSpa,A,HIGH,WebSearch,W3,websearch_inferred,70
MS-0468,Organic Glow Medical Aesthetics,Kelowna,BC,Canada,https://www.organicglowaesthetics.com/,organicglowaesthetics.com,778-940-6286,info@ogmakelowna.com,general,MedSpa,A,HIGH,WebSearch,W3,websearch_email,85
MS-0469,Sensei Medical Aesthetics,Kelowna,BC,Canada,https://senseimedicalaesthetics.com/,senseimedicalaesthetics.com,250-768-5355,info@senseimedicalaesthetics.com,general,MedSpa,A,HIGH,WebSearch,W3,websearch_email,85
MS-0470,DermMedica Kelowna,Kelowna,BC,Canada,https://dermmedica.ca/,dermmedica.ca,+1 250-868-3070,info@dermmedica.ca,general,MedSpa,A,HIGH,WebSearch,W3,pattern_inferred_domain+apollo_phone,68
MS-0471,Complete Medical Esthetics Kelowna,Kelowna,BC,Canada,https://www.completemedicalesthetics.com/,completemedicalesthetics.com,,info@completemedicalesthetics.com,general,MedSpa,A,HIGH,WebSearch,W3,pattern_inferred_domain,65
MS-0472,The Helix Clinic Kelowna,Kelowna,BC,Canada,https://www.thehelixclinic.com/,thehelixclinic.com,+1 778-484-4359,info@thehelixclinic.com,general,MedSpa,A,HIGH,WebSearch,W3,pattern_inferred_domain+apollo_phone,68
MS-0473,Cerulean Medical Institute,Kelowna,BC,Canada,https://www.ceruleanmedical.ca/,ceruleanmedical.ca,,info@ceruleanmedical.ca,general,MedSpa,A,HIGH,WebSearch,W3,pattern_inferred_domain,65
MS-1282,GLO Antiaging Youth Lab,Kelowna,,Canada,https://gloantiaging.com,gloantiagingcom,,info@gloantiagingcom,,MS,A,HIGH,websearch,W12,pattern_inferred_domain,65
MS-0474,New U Women's Clinic & Aesthetics,Kennewick,WA,USA,https://www.newuwomensclinic.com,newuwomensclinic.com,+1 509-491-1944,info@newuwomensclinic.com,pelvic-floor,MedSpa,A,HIGH,WebSearch,W4,pattern_inferred_domain+apollo_phone,68
MS-0475,Bespoke Skin MD,Kingston,ON,Canada,https://www.bespokeskinmd.com/,bespokeskinmd.com,(613) 549-7546,admin@bespokeskinmd.com,general,MedSpa,A,HIGH,WebSearch,W3,websearch_email,82
MS-0476,West End Medical Aesthetics,Kingston,ON,Canada,https://westendmedicalaesthetic.com/,westendmedicalaesthetic.com,(613) 558-2919,westendmedicalaesthetics@outlook.com,general,MedSpa,A,HIGH,WebSearch,W3,websearch_email,75
MS-0477,HUSH Cosmetic Injections,Kingston,ON,Canada,https://www.hushinjections.com/,hushinjections.com,,hushcosmeticinjections@gmail.com,general,MedSpa,A,HIGH,WebSearch,W3,websearch_email,71
MS-0478,The Beauty Development,Kingston,ON,Canada,https://www.thebeautydevelopment.ca/,thebeautydevelopment.ca,+1 613-929-6480,info@thebeautydevelopment.ca,general,MedSpa,A,HIGH,WebSearch,W3,pattern_inferred_domain+apollo_phone,68
MS-0479,Kingston Laser Cosmetic Clinic,Kingston,ON,Canada,https://kingstonlaser.com/,kingstonlaser.com,+1 613-384-4200,info@kingstonlaser.com,general,MedSpa,A,HIGH,WebSearch,W3,pattern_inferred_domain+apollo_phone,68
MS-0480,Kingston Cosmetic Institute,Kingston,ON,Canada,https://www.kingstoncosmeticinstitute.com/,kingstoncosmeticinstitute.com,+1 613-532-0900,info@kingstoncosmeticinstitute.com,general,MedSpa,A,HIGH,WebSearch,W3,pattern_inferred_domain+apollo_phone,68
MS-0481,KW Cosmetic Clinic,Kitchener,ON,Canada,https://kwcosmetic.com/,kwcosmetic.com,+1 519-746-8237,info@kwcosmetic.com,general,MedSpa,A,HIGH,WebSearch,W3,pattern_inferred_domain+apollo_phone,68
MS-0482,Kitchener Waterloo Medispa,Kitchener,ON,Canada,https://kitchenerwaterloomedispa.com/,kitchenerwaterloomedispa.com,+1 519-208-6669,info@kitchenerwaterloomedispa.com,general,MedSpa,A,HIGH,WebSearch,W3,pattern_inferred_domain+apollo_phone,68
MS-0483,Sarah Hitchcox Aesthetics,Knoxville,TN,USA,https://hitchcoxaesthetics.com,hitchcoxaesthetics.com,(865) 214-7238,sarah@hitchcoxaesthetics.com,general,MedSpa,A,HIGH,WebSearch,W3,websearch_email,90
MS-0484,Pretty Girl Aesthetics,Knoxville,TN,USA,https://prettygirlaes.com,prettygirlaes.com,(865) 684-0553,wendy@prettygirlaes.com,general,MedSpa,A,HIGH,WebSearch,W3,websearch_email,90
MS-0485,Arabella Medical Aesthetics,Knoxville,TN,USA,https://arabellaknox.com,arabellaknox.com,(865) 839-5574,Info@arabellaknox.com,general,MedSpa,A,HIGH,WebSearch,W3,websearch_email,90
MS-0486,Create Medical Aesthetics,Knoxville,TN,USA,https://createmedspa.com,createmedspa.com,(865) 309-0091,info@createmedspa.com,general,MedSpa,A,HIGH,WebSearch,W3,websearch_email,88
MS-0487,Beautique Beautiful,Knoxville,TN,USA,https://beautiquebeautiful.com,beautiquebeautiful.com,865-392-1944,beautiqueteam@gmail.com,general,MedSpa,A,HIGH,WebSearch,W3,websearch_email,85
B-W99-MS-0006,The Aesthetic Company,Knoxville,TN,USA,https://theaecompany.com,theaecompany.com,+18657488337,,injectables,MedSpa,A,77,websearch,W99-LaneB,websearch,77
MS-0028,U Laser Med Spa,La Jolla,CA,USA,https://www.ulasermedspa.com/,ulasermedspa.com,(858) 281-4560,,general,MedSpa,A,HIGH,WebSearch,W1,,
MS-0488,Starlite Aesthetics,La Jolla,CA,USA,https://www.starliteaesthetics.com/,starliteaesthetics.com,+1 619-762-1750,info@starliteaesthetics.com,general,MedSpa,A,MEDIUM,WebSearch,W1,pattern_inferred_domain+apollo_phone,68
MS-0489,La Jolla Medical Spa,La Jolla,CA,USA,https://www.ljmedicalspa.com/,ljmedicalspa.com,,info@ljmedicalspa.com,general,MedSpa,A,MEDIUM,WebSearch,W1,pattern_inferred_domain,65
MS-0490,iThriveBeauty La Jolla,La Jolla,CA,USA,https://www.ithrivebeauty.com/locations/la-jolla-ca,ithrivebeauty.com,+1 858-333-6122,info@ithrivebeauty.com,general,MedSpa,A,MEDIUM,WebSearch,W1,pattern_inferred_domain+apollo_phone,68
MS-0491,Dermacare La Jolla,La Jolla,CA,USA,https://www.dermacaresandiego.com/locations/la-jolla/,dermacaresandiego.com,+1 858-487-3376,info@dermacaresandiego.com,general,MedSpa,A,MEDIUM,WebSearch,W1,pattern_inferred_domain+apollo_phone,68
MS-0492,Ciao Bella Aesthetics,Lake Forest,IL,USA,https://ciaobellaaesthetic.com/,ciaobellaaesthetic.com,,info@ciaobellaaesthetic.com,general,MedSpa,A,HIGH,websearch,W1,pattern_inferred_domain,65
MS-0493,La Beauté Med Spa,Lake Forest,IL,USA,https://www.spalabeaute.com/,spalabeaute.com,+1 224-706-6358,info@spalabeaute.com,general,MedSpa,A,HIGH,websearch,W1,pattern_inferred_domain+apollo_phone,68
MS-0494,The Aesthetic Lounge Lake Forest,Lake Forest,IL,USA,https://theaestheticloungemedspa.com/,theaestheticloungemedspa.com,,info@theaestheticloungemedspa.com,general,MedSpa,A,HIGH,websearch,W1,pattern_inferred_domain,65
MS-0495,Magdalena European Med Spa,Lake Forest,IL,USA,https://magdalenamedspa.com/,magdalenamedspa.com,+1 847-432-4111,info@magdalenamedspa.com,general,MedSpa,A,HIGH,websearch,W1,pattern_inferred_domain+apollo_phone,68
MS-0496,Longevity Health Clinic,Lake Havasu City,AZ,USA,https://www.longevityhealth.life,longevityhealth.life,,info@longevityhealth.life,longevity,MedSpa,A,HIGH,WebSearch,W4,pattern_inferred_domain,65
B-W102-MS-0029,Beauty Beyond Aesthetics,Lakeland,FL,US,https://beautybeyondaesthetics.com,,(863) 271-2211,,injectables; weight-loss; skin,,A,,,W102-LaneB,,
B-W102-MS-0030,Ageless Aesthetics & Wellness,Lakeland,FL,US,https://agelesslakeland.com,,(863) 225-5400,info@agelesslakeland.com,injectables; IV-therapy; wellness; anti-aging,,A,,,W102-LaneB,,
MS-0497,Longevity Wellness Clinic,Lakewood Ranch,FL,USA,https://longevitywellnessclinic.com,longevitywellnessclinic.com,+1 941-923-9355,info@longevitywellnessclinic.com,longevity,MedSpa,A,HIGH,WebSearch,W4,pattern_inferred_domain+apollo_phone,68
B-W101-MS-0044,Reimagine Beauty Med Spa,Lancaster,PA,USA,https://reimaginebeautypa.com,reimaginebeautypa.com,(717) 316-0169,info@reimaginebeauty.com,skin,MedSpa,A,high,web-search,W101-LaneB,direct-search,high
MS-0498,Aesthetics MedSpa (Lansing),Lansing,MI,USA,https://www.aestheticslansing.com,aestheticslansing.com,,info@aestheticslansing.com,duo,MedSpa,A,HIGH,WebSearch,W4,pattern_inferred_domain,65
MS-0499,Center for Aesthetic Medicine,Las Vegas,NV,USA,https://www.centerforaestheticmedicine.com/,centerforaestheticmedicine.com,(702) 333-4896,info@camhplv.com,general,MedSpa,A,MEDIUM,WebSearch,W1,websearch_email,85
MS-0500,Seamless Aesthetics,Las Vegas,NV,USA,https://seamlessaesthetics.com/,seamlessaesthetics.com,(702) 602-2534,seamlessaesthetics@gmail.com,general,MedSpa,A,MEDIUM,WebSearch,W1,websearch_email,72
MS-0501,Luxe MD Aesthetics,Las Vegas,NV,USA,https://www.luxemdlv.com/,luxemdlv.com,(702) 478-7180,info@luxemdlv.com,general,MedSpa,A,MEDIUM,WebSearch,W1,websearch_email,80
MS-0507,Chic la Vie Med Spa,Las Vegas,NV,USA,https://chiclavie.com/,chiclavie.com,(702) 233-8535,info@chiclavie.com,general,MedSpa,A,MEDIUM,WebSearch,W1,websearch_email,80
MS-0502,Estevez Aesthetics,Las Vegas,NV,USA,https://estevezaesthetics.com/,estevezaesthetics.com,,info@estevezaesthetics.com,general,MedSpa,A,MEDIUM,WebSearch,W1,pattern_inferred_domain,65
MS-0503,Las Vegas Aesthetics Med Spa,Las Vegas,NV,USA,https://www.lvamedspa.com/,lvamedspa.com,+1 702-664-1300,info@lvamedspa.com,general,MedSpa,A,MEDIUM,WebSearch,W1,pattern_inferred_domain+apollo_phone,68
MS-0504,White Coat Aesthetics,Las Vegas,NV,USA,https://whitecoataesthetics.com/,whitecoataesthetics.com,+1 702-919-0017,info@whitecoataesthetics.com,general,MedSpa,A,MEDIUM,WebSearch,W1,pattern_inferred_domain+apollo_phone,68
MS-0505,Alpha Medical Aesthetics,Las Vegas,NV,USA,https://alphamedicalaesthetics.com/,alphamedicalaesthetics.com,,info@alphamedicalaesthetics.com,general,MedSpa,A,MEDIUM,WebSearch,W1,pattern_inferred_domain,65
MS-0506,Medspa LV,Las Vegas,NV,USA,https://medspa-lv.com/,medspa-lv.com,,info@medspa-lv.com,general,MedSpa,A,MEDIUM,WebSearch,W1,pattern_inferred_domain,65
MS-1141,MicroBladers Studio Las Vegas,Las Vegas,,USA,https://microbladers.com,microbladerscom,,info@microbladerscom,microblading,MedSpa,A,MEDIUM,websearch,W9,pattern_inferred_domain,65
MS-1142,Mila Aesthetics Las Vegas,Las Vegas,,USA,https://milaaesthetics.com,milaaestheticscom,,info@milaaestheticscom,microblading,MedSpa,A,MEDIUM,websearch,W9,pattern_inferred_domain,65
MS-1187,Erased Laser Tattoo Removal Las Vegas,Las Vegas,,USA,https://erasedlasertattooremoval.com,erasedlasertattooremovalcom,,info@erasedlasertattooremovalcom,tattoo-removal,MedSpa,A,MEDIUM,websearch,W9,pattern_inferred_domain,65
B-W104-MS-0029,Flawless MedSpa,Las Vegas,NV,USA,https://www.flawlessmedspas.com,flawlessmedspas.com,(702) 588-2260,info@flawlessmedspas.com,injectables,MedSpa,A,,WebSearch,W104-LaneB,website_scrape,
MS-1528,Woodhouse Grove Aesthetics,Leeds,,UK,https://www.wgaesthetics.co.uk,,+44 113 493 8130,info@wgaesthetics.co.uk,injectables,MedSpa,A,,,W97-INTL,,
MS-1529,Skin Vitality Leeds,Leeds,,UK,https://www.skinvitalityuk.co.uk,,+44 113 345 2020,,skin,MedSpa,A,,,W97-INTL,,
B-W99-MS-0009,Yorkshire Skin Centre,Leeds,,UK,https://yorkshireskincentre.co.uk,yorkshireskincentre.co.uk,+441138872272,,skin,MedSpa,A,80,websearch,W99-LaneB,websearch,80
B-W104-MS-0033,Dr Bailey MedSpa,Leeds,West Yorkshire,UK,https://drbaileymedspa.co.uk,drbaileymedspa.co.uk,07907 198878,info@drbaileymedspa.co.uk,injectables,MedSpa,A,,WebSearch,W104-LaneB,website_scrape,
B-W104-MS-0024,Elevate Wellness KC (now Respira Wellness),Lenexa,KS,USA,https://www.elevatewellnesskc.com,elevatewellnesskc.com,(816) 806-4969,drdavidwhitmer@elevatewellnesskc.com,ketamine,MedSpa,A,,WebSearch,W104-LaneB,website_scrape,
MS-0508,Lethbridge Plastic Surgery & Aesthetics,Lethbridge,AB,Canada,https://lpsa.ca/,lpsa.ca,+1 403-381-0083,info@lpsa.ca,general,MedSpa,A,HIGH,WebSearch,W3,pattern_inferred_domain+apollo_phone,68
B-W100-MS-0017,Glow Medical Aesthetics,Lethbridge,AB,CA,https://justglow.ca,justglow.ca,(403) 795-2012,drkrushel@justglow.ca,injectables,MedSpa,A,88,WebSearch,W100-LaneB,manual-search,88
B-W99-MS-0025,CC Aesthetics,Lexington,KY,USA,https://ccaesthetics.net,ccaesthetics.net,+18593037694,cnorsworthy@ccaesthetics.net,injectables,MedSpa,A,91,websearch,W99-LaneB,websearch,91
MS-0509,Meliora MedSpa Lincoln,Lincoln,NE,USA,https://www.melioramedspa.com/,melioramedspa.com,,info@melioramedspa.com,general,MedSpa,A,MEDIUM,Google Search,W4,pattern_inferred_domain,65
MS-0510,Refresh Med Spa Lincoln,Lincoln,NE,USA,https://refreshmedspa.net/,refreshmedspa.net,,info@refreshmedspa.net,general,MedSpa,A,MEDIUM,Google Search,W4,pattern_inferred_domain,65
MS-0511,Love Aesthetics Med Spa,Lincoln,NE,USA,https://lizlovesaesthetics.com/,lizlovesaesthetics.com,,info@lizlovesaesthetics.com,general,MedSpa,A,MEDIUM,Google Search,W4,pattern_inferred_domain,65
B-W102-MS-0025,North Coast Medispa,Lismore,NSW,Australia,https://www.northcoastmedispa.com.au,,(1800) 186-333,,injectables; skin; laser; facial-aesthetics,,A,,,W102-LaneB,,
B-W104-MS-0002,Carly Pearce Aesthetics,Littlehampton,West Sussex,UK,https://carlypearce.co.uk,carlypearce.co.uk,+44(0)7779 575 072,info@carlypearce.co.uk,injectables,MedSpa,A,,WebSearch,W104-LaneB,website_scrape,
B-W99-MS-0016,Aesthetically You,Liverpool,,UK,https://aestheticallyyou.co.uk,aestheticallyyou.co.uk,+441517090011,info@aestheticallyyou.co.uk,injectables,MedSpa,A,91,websearch,W99-LaneB,websearch,91
MS-0512,Bold & Co Medical Aesthetics,London,ON,Canada,https://www.boldbeauty.ca/,boldbeauty.ca,519-601-3900,info@boldbeauty.ca,general,MedSpa,A,HIGH,WebSearch,W3,websearch_email,85
MS-0513,Infinite Medical Spa,London,ON,Canada,https://www.infinitemedicalspa.com/,infinitemedicalspa.com,(519) 709-6494,info@infinitemedicalspa.com,general,MedSpa,A,HIGH,WebSearch,W3,websearch_email,85
MS-0514,Redefine MD,London,ON,Canada,https://redefinemd.com/,redefinemd.com,(519) 641-3000,info@redefinemd.com,general,MedSpa,A,HIGH,WebSearch,W3,websearch_email,85
MS-0515,North London Skin Revitalization,London,ON,Canada,https://northlondonskinrevitalization.com/,northlondonskinrevitalization.com,,info@northlondonskinrevitalization.com,general,MedSpa,A,HIGH,WebSearch,W3,pattern_inferred_domain,65
MS-0516,PureGlo Medical Aesthetics,London,ON,Canada,https://www.pureglo.ca/,pureglo.ca,+1 226-270-1245,info@pureglo.ca,general,MedSpa,A,HIGH,WebSearch,W3,pattern_inferred_domain+apollo_phone,68
MS-0517,Jova Medical Aesthetics,London,ON,Canada,https://jovamedicalaesthetics.com/,jovamedicalaesthetics.com,,info@jovamedicalaesthetics.com,general,MedSpa,A,HIGH,WebSearch,W3,pattern_inferred_domain+apollo_phone,68
MS-1530,Courthouse Clinics,London,,UK,https://www.courthouseclinics.com,,+44 20 3582 4947,info@courthouseclinics.com,aesthetics,MedSpa,A,,,W97-INTL,,
MS-1531,Taktouk Clinic,London,,UK,https://www.taktouk.com,,+44 20 7584 0522,info@taktouk.com,facial-aesthetics,MedSpa,A,,,W97-INTL,,
MS-1532,Waterhouse Young Clinic,London,,UK,https://www.waterhouseyoung.com,,+44 20 7631 1000,,anti-aging,MedSpa,A,,,W97-INTL,,
MS-1533,Dr David Jack Clinic,London,,UK,https://www.drdavidjack.com,,+44 20 3600 0779,info@drdavidjack.com,injectables,MedSpa,A,,,W97-INTL,,
MS-1534,Linia Skin Clinic,London,,UK,https://www.liniaskinclinic.co.uk,,+44 20 8788 0307,clinic@liniaskinclinic.co.uk,skin,MedSpa,A,,,W97-INTL,,
MS-1535,Revere Clinics,London,,UK,https://www.revereclinics.com,,+44 20 3974 0770,info@revereclinics.com,body-contouring,MedSpa,A,,,W97-INTL,,
MS-1536,Viva Skin Clinics,London,,UK,https://www.vivaskinclinics.com,,+44 20 8874 4498,,skin,MedSpa,A,,,W97-INTL,,
MS-1537,Niche Aesthetics,London,,UK,https://www.nicheaesthetics.co.uk,,+44 20 7965 7612,hello@nicheaesthetics.co.uk,injectables,MedSpa,A,,,W97-INTL,,
MS-1538,PHI Clinic,London,,UK,https://www.phiclinic.com,,+44 20 7580 4666,info@phiclinic.com,facial-aesthetics,MedSpa,A,,,W97-INTL,,
MS-1539,sk:n Clinics London,London,,UK,https://www.sknclinics.co.uk,,+44 3307 003 300,,laser,MedSpa,A,,,W97-INTL,,
MS-0518,Deep Blue Med Spa,Long Island,NY,USA,https://www.deepbluemedspa.com/,deepbluemedspa.com,+1 516-535-6728,info@deepbluemedspa.com,general,MedSpa,A,HIGH,websearch,W1,pattern_inferred_domain+apollo_phone,68
MS-0519,Shore Medical Aesthetics & Anti-Aging,Long Island,NY,USA,https://shoremedaesthetics.com/,shoremedaesthetics.com,+1 516-690-7546,info@shoremedaesthetics.com,general,MedSpa,A,HIGH,websearch,W1,pattern_inferred_domain+apollo_phone,68
MS-0520,Vital Medical Care & Aesthetics,Long Island,NY,USA,https://vmaesthetics.com/,vmaesthetics.com,+1 516-414-1101,info@vmaesthetics.com,general,MedSpa,A,HIGH,websearch,W1,pattern_inferred_domain+apollo_phone,68
MS-0521,The Natural Beauty Med Spa,Long Island,NY,USA,https://www.thenaturalbeautymedspa.com/,thenaturalbeautymedspa.com,(631) 377-5925,thenaturalbeautymedspa@gmail.com,general,MedSpa,A,HIGH,websearch,W1,websearch_snippet,75
MS-0523,North Shore Medical Spa,Long Island,NY,USA,https://northshorems.com/,northshorems.com,(516) 441-5110,,general,MedSpa,A,HIGH,websearch,W1,phone_only,0
MS-0524,Babe Aesthetics,Long Island,NY,USA,https://www.babeaestheticsny.com/,babeaestheticsny.com,(516) 531-7836,info@babeaestheticsny.com,general,MedSpa,A,HIGH,websearch,W1,websearch_yelp,80
MS-0525,LI Medical Aesthetics,Long Island,NY,USA,https://limedicalaesthetics.com/,limedicalaesthetics.com,(516) 442-7088,info@limedicalaesthetics.com,general,MedSpa,A,HIGH,websearch,W1,websearch_snippet,78
MS-0526,Perfect Med Spa,Long Island,NY,USA,https://www.perfectmedspa.com/,perfectmedspa.com,(516) 636-5758,info@PerfectMedSpa.com,general,MedSpa,A,HIGH,websearch,W1,websearch_snippet,82
MS-0522,Long Island Med Spa,Long Island,NY,USA,https://longislandmedspa.com/,longislandmedspa.com,(516) 472-7546,,general,MedSpa,A,HIGH,websearch,W1,websearch_phone_only,0
MS-0029,OU Beauty,Los Angeles,CA,USA,https://oubeauty.com/,oubeauty.com,(213) 617-1682,,general,MedSpa,A,HIGH,WebSearch,W1,,
MS-0030,Skinsation LA,Los Angeles,CA,USA,https://skinsationla.com/,skinsationla.com,(323) 413-2287,,general,MedSpa,A,HIGH,WebSearch,W1,,
MS-0031,Skin Specifics Medical Spa,Los Angeles,CA,USA,https://www.yelp.com/biz/skin-specifics-medical-spa-los-angeles,yelp.com,(310) 481-0058,,general,MedSpa,A,HIGH,WebSearch,W1,,
MS-0032,Medspa of Los Angeles,Los Angeles,CA,USA,https://medspaoflosangeles.com/,medspaoflosangeles.com,(800) 766-1759,,general,MedSpa,A,HIGH,WebSearch,W1,,
MS-0527,Spa Medica Aesthetic,Los Angeles,CA,USA,https://www.spamedicaaesthetic.com/,spamedicaaesthetic.com,(424) 302-1354,Info@spamedicaaesthetics.com,general,MedSpa,A,MEDIUM,WebSearch,W1,websearch_email,HIGH
MS-0528,MedBeauty LA,Los Angeles,CA,USA,https://www.medbeautyla.com/,medbeautyla.com,213-640-4008,info@MedBeautyLA.com,general,MedSpa,A,MEDIUM,WebSearch,W1,websearch_email,HIGH
MS-0529,Ginille Beauty,Los Angeles,CA,USA,https://ginillebeauty.com/,ginillebeauty.com,424-478-0522,info@ginillebeauty.com,general,MedSpa,A,MEDIUM,WebSearch,W1,websearch_email,HIGH
MS-0530,Cosmetic Injectables Center,Los Angeles,CA,USA,https://cosmeticinjectables.com/,cosmeticinjectables.com,(818) 322-0122,INFO@CICPROVIDERS.COM,general,MedSpa,A,MEDIUM,WebSearch,W1,websearch_email,HIGH
MS-1103,Skin Rejuve by Tiffany,Los Angeles,,USA,https://www.skinrejuvebytiffany.com,skinrejuvebytiffanycom,(323) 346-9393,tiffany@skinrejuvebytiffany.com,acne,MedSpa,A,HIGH,websearch,W9,,
MS-1104,Dermaster Medical Aesthetic Clinic,Los Angeles,,USA,https://dermasterusa.com,dermasterusacom,(213) 816-4768,info@dermasterusa.com,acne,MedSpa,A,HIGH,websearch,W9,,
MS-0531,Cienega Med Spa,Los Angeles,CA,USA,https://cienegaspa.com/,cienegaspa.com,(323) 992-0635,info@cienegaspa.com,general,MedSpa,A,MEDIUM,WebSearch,W1,websearch_snippet,80
MS-0532,Marina Medspa,Los Angeles,CA,USA,https://www.marinamedspa.com/,marinamedspa.com,(310) 827-4154,,general,MedSpa,A,MEDIUM,WebSearch,W1,phone_only,0
MS-0533,Angels Med Spa,Los Angeles,CA,USA,https://angelsmedspa.com/,angelsmedspa.com,(323) 458-4950,elise@angelsmedspa.com,general,MedSpa,A,MEDIUM,WebSearch,W1,websearch_snippet,76
MS-0534,LA Beauty Skin Center,Los Angeles,CA,USA,https://labeautyskincenter.com/,labeautyskincenter.com,(818) 888-0001,info@labeautyskincenter.com,general,MedSpa,A,MEDIUM,WebSearch,W1,websearch_snippet,82
MS-0535,Fix Me Up Medical Spa,Los Angeles,CA,USA,https://fixmeupmedspa.com/,fixmeupmedspa.com,(818) 238-9850,la@fixmeupmedspa.com,general,MedSpa,A,MEDIUM,WebSearch,W1,websearch_snippet,78
MS-0536,VIP Aesthetics LA,Los Angeles,CA,USA,https://vipaestheticsla.com,vipaestheticsla.com,(213) 900-0086,Info@vipaestheticsla.com,mens,MedSpa,A,HIGH,web,W2,websearch_snippet,80
MS-0537,Skin Perfect Medical,Los Angeles,CA,USA,https://skinperfectmedical.com,skinperfectmedical.com,(714) 278-3501,info@skinperfectmedical.com,mens,MedSpa,A,HIGH,web,W2,websearch_snippet,82
MS-0538,Brentwood Medical Aesthetics,Los Angeles,CA,USA,https://brentwoodmedicalaesthetics.com,brentwoodmedicalaesthetics.com,,admin@brentwoodmedicalgroup.com,mens,MedSpa,A,HIGH,web,W2,websearch_snippet,68
MS-0539,Derm LA,Los Angeles,CA,USA,https://dermla.com,dermla.com,(877) 822-2223,info@dermla.com,mens,MedSpa,A,HIGH,web,W2,websearch_snippet,82
MS-0540,IV Drip Lounge,Los Angeles,CA,USA,https://ivdriplounge.com,ivdriplounge.com,(310) 670-9999,,iv-lounge,MedSpa,A,HIGH,web,W2,phone_only,0
MS-0541,Vitality IV Drip,Los Angeles,CA,USA,https://vitalityivdrip.com,vitalityivdrip.com,(562) 955-0144,info@vitalityivdrip.com,iv-lounge,MedSpa,A,HIGH,web,W2,websearch_snippet,70
MS-0542,IV Pros,Los Angeles,CA,USA,https://iv-pros.com,iv-pros.com,(888) 844-4114,,iv-lounge,MedSpa,A,HIGH,web,W2,phone_only,0
MS-0543,ModMD,Los Angeles,CA,USA,https://modmd.com,modmd.com,(833) 663-6399,info@modmd.com,iv-lounge,MedSpa,A,HIGH,web,W2,websearch_snippet,82
MS-0544,Visthetic Surgery Institute & MedSpa,Los Angeles,CA,USA,https://www.visthetic.com,visthetic.com,(310) 859-9052,,concierge,MedSpa,A,HIGH,WebSearch,W4,phone_only,0
MS-0545,Angel Longevity Medical Center,Los Angeles,CA,USA,https://angellongevity.com,angellongevity.com,(323) 900-5746,info@angelmedcenter.com,longevity,MedSpa,A,HIGH,WebSearch,W4,websearch_snippet,78
MS-1109,Beauty Bar Clinic West Hollywood,Los Angeles,,USA,https://beautybarclinic.com,beautybarcliniccom,(310) 694-9841,info@beautybarclinics.ca,prp,MedSpa,A,MEDIUM,websearch,W9,websearch_snippet,68
MS-1110,My Med Spa LA,Los Angeles,,USA,https://www.mymedspala.com,mymedspalacom,(310) 281-0154,,prp,MedSpa,A,MEDIUM,websearch,W9,phone_only,0
MS-1145,Polaris Medical Aesthetics,Los Angeles,,USA,https://polarisaesthetics.com,polarisaestheticscom,(323) 744-3133,info@polarisaesthetics.com,acne,MedSpa,A,MEDIUM,websearch,W9,websearch_snippet,75
MS-0546,Scout Aesthetics,Louisville,KY,USA,https://www.scoutaesthetics.com,scoutaesthetics.com,(502) 576-7710,hello@scoutaesthetics.com,general,MedSpa,A,HIGH,WebSearch,W3,websearch_snippet,82
MS-0547,The Louisville Aesthetics,Louisville,KY,USA,https://www.thelouisvilleaesthetics.com,thelouisvilleaesthetics.com,(502) 290-8361,,general,MedSpa,A,HIGH,WebSearch,W3,phone_only,0
B-W103-MS-0023,Indulgence Aesthetics Wellness & Med Spa,Lowell,MA,USA,https://indulgencemedspa.net,,(978) 455-8735,indulgencespawellness@gmail.com,,,A,,,W103-LaneB,,
B-W104-MS-0037,Ketamine & IV Therapy Clinic of NWA,Lowell,AR,USA,https://www.ketamineclinicofnwa.com,ketamineclinicofnwa.com,479-318-2382,,ketamine,MedSpa,A,,WebSearch,W104-LaneB,website_scrape,
MS-1416,Beyond Aesthetics Lubbock,Lubbock,,USA,https://beyondaestheticslbk.com,,(806) 777-1350,appointments@beyondaestheticslbk.com,,MedSpa,A,,,W96,,
MS-1418,Aesthetic Alchemy Lubbock,Lubbock,,USA,https://aestheticalchemylbk.com,,(806) 722-9855,info@aestheticalchemylbk.com,,MedSpa,A,,,W96,,
MS-1419,Glo and Sparkle Aesthetics MedSpa,Lubbock,,USA,https://gloandsparkle.com,,(806) 642-3992,info@gloandsparkle.com,,MedSpa,A,,,W96,,
B-W104-MS-0011,Premier Medical Spa of Lufkin,Lufkin,TX,USA,https://premiermedicalspalufkin.com,premiermedicalspalufkin.com,(936) 238-2904,info@premierlufkin.com,injectables,MedSpa,A,,WebSearch,W104-LaneB,website_scrape,
B-W101-MS-0030,Magnolia Medspa,Lynchburg,VA,USA,https://www.magnoliamedspa.org,magnoliamedspa.org,(434) 303-5990,info@medspamagnolia.com,injectables,MedSpa,A,high,web-search,W101-LaneB,direct-search,high
MS-0033,ANEU Med Spa Madison,Madison,WI,USA,https://aneumedspa.com/,aneumedspa.com,(608) 838-1772,info@aneumedspa.com,general,MedSpa,A,HIGH,Google Search,W4,,
MS-0548,Vida Aesthetics Madison,Madison,WI,USA,https://vidaaestheticsmadison.com/,vidaaestheticsmadison.com,(608) 720-4011,info@vidaaestheticsmadison.com,general,MedSpa,A,MEDIUM,Google Search,W4,websearch_snippet,78
MS-0549,BLUR Med Spa Middleton,Madison,WI,USA,https://www.blurwi.com/,blurwi.com,,info@blurwi.com,general,MedSpa,A,MEDIUM,Google Search,W4,websearch_snippet,80
MS-0550,La Marie Beauty MedSpa,Madison,WI,USA,https://lamariebeauty.co/,lamariebeauty.co,(608) 230-3201,info@lamariebeauty.co,general,MedSpa,A,MEDIUM,Google Search,W4,websearch_snippet,80
MS-0551,Total Body Laser MedSpa,Madison,WI,USA,https://totalbodylasermedspa.com/,totalbodylasermedspa.com,(608) 203-5084,info@totalbodyunlimited.com,general,MedSpa,A,MEDIUM,Google Search,W4,websearch_snippet,68
MS-1245,Royal You Med Spa Madison,Madison,,USA,https://royalyoumedspa.com,royalyoumedspacom,(608) 535-9253,,,MS,A,HIGH,websearch,W12,phone_only,0
MS-1246,KSD Aesthetics,Madison,,USA,https://ksdaesthetics.com,ksdaestheticscom,(608) 961-8536,info@ksdaesthetics.com,,MS,A,HIGH,websearch,W12,websearch_snippet,82
MS-1247,NurturHer Aesthetic,Madison,,USA,https://www.nurturheraesthetic.com,nurturheraestheticcom,(608) 313-5627,info@nurturheraesthetic.com,,MS,A,HIGH,websearch,W12,websearch_snippet,78
B-W99-MS-0033,Estella Aesthetics,Madison,WI,USA,https://estellaaesthetics.com,estellaaesthetics.com,+16086200288,,injectables,MedSpa,A,77,websearch,W99-LaneB,websearch,77
MS-1276,The Alchemy Clinic Manchester NH,Manchester,,USA,https://alchemyclinic.com,alchemycliniccom,(603) 206-5804,info@alchemyclinic.com,,MS,A,HIGH,websearch,W12,websearch_snippet,80
MS-1277,Concord MedSpa Manchester NH,Manchester,,USA,https://www.concordmedspa.com,concordmedspacom,(603) 606-1299,info@concordmedspa.com,,MS,A,HIGH,websearch,W12,websearch_snippet,75
MS-1384,Pelle Medical Spa Manchester,Manchester,,USA,https://pellemedicalspa.com,,(603) 627-7000,,,MedSpa,A,,,W96,,
MS-1540,Medispa at Home,Manchester,,UK,https://www.medispamcr.co.uk,,+44 161 834 7900,info@medispamcr.co.uk,skin,MedSpa,A,,,W97-INTL,,
MS-1541,Bury New Road Aesthetics,Manchester,,UK,https://www.burynewroadaesthetics.co.uk,,+44 161 773 9090,,injectables,MedSpa,A,,,W97-INTL,,
MS-1542,Enhance Aesthetics Manchester,Manchester,,UK,https://www.enhance-aesthetics.co.uk,,+44 161 865 0101,hello@enhance-aesthetics.co.uk,body-contouring,MedSpa,A,,,W97-INTL,,
MS-1543,Flawless Aesthetics Manchester,Manchester,,UK,https://www.flawlessaestheticsmanchester.co.uk,,+44 161 437 6080,,anti-aging,MedSpa,A,,,W97-INTL,,
B-W101-MS-0060,Pure Aesthetics Clinic,Mandurah,WA,Australia,https://www.pureaestheticsclinic.com.au,pureaestheticsclinic.com.au,+61 481 200 486,Pureaestheticsmandurah@gmail.com,skin,MedSpa,A,high,web-search,W101-LaneB,direct-search,high
MS-0034,Manhattan Aesthetics,Manhattan,NY,USA,https://www.manhattan-aesthetics.com/,manhattan-aesthetics.com,212-960-8172,,general,MedSpa,A,HIGH,websearch,W1,,
MS-0553,Glowtox NYC,Manhattan,NY,USA,https://www.glowtoxnyc.com/,glowtoxnyc.com,(917) 756-8010,info@glowtoxnyc.com,general,MedSpa,A,HIGH,websearch,W1,websearch_email,82
MS-0554,Tribeca MedSpa,Manhattan,NY,USA,https://www.tribecamedspa.com/,tribecamedspa.com,(212) 925-9500,info@tribecamedspa.com,general,MedSpa,A,HIGH,websearch,W1,websearch_email,85
MS-0552,Elite Aesthetics NYC,Manhattan,NY,USA,https://eliteaestheticsnyc.com/,eliteaestheticsnyc.com,(212) 647-1930,md@eliteaestheticsnyc.com,general,MedSpa,A,HIGH,websearch,W1,websearch_snippet,67
MS-0555,Beaute Aesthetics New York,Manhattan,NY,USA,https://www.beautenyc.com/,beautenyc.com,(646) 590-3332,beautenewyorkcity@gmail.com,general,MedSpa,A,HIGH,websearch,W1,websearch_snippet,78
MS-0556,Skin City Lab,Manhattan,NY,USA,https://skincitylab.com/,skincitylab.com,(646) 761-3610,info@skincitylab.com,general,MedSpa,A,HIGH,websearch,W1,websearch_snippet,80
MS-0557,Trifecta Med Spa,Manhattan,NY,USA,https://wallstreetbotoxnyc.com/,wallstreetbotoxnyc.com,(212) 233-2919,hello@trifectamedspanyc.com,general,MedSpa,A,HIGH,websearch,W1,websearch_snippet,80
MS-0558,Dr. Syra Aesthetics & Longevity Institute,Manhattan,NY,USA,https://syraaesthetics.com/,syraaesthetics.com,(646) 912-8020,contact@syraaesthetics.com,general,MedSpa,A,HIGH,websearch,W1,websearch_snippet,72
MS-0559,SoVous Med Spa NYC,Manhattan,NY,USA,https://sovous.com/,sovous.com,(212) 575-1457,hello@sovous.com,general,MedSpa,A,HIGH,websearch,W1,websearch_snippet,82
MS-0560,UPKEEP Med Spa,Manhattan,NY,USA,https://www.upkeepmedspa.com/,upkeepmedspa.com,(833) 875-3377,info@upkeepmedspa.com,general,MedSpa,A,HIGH,websearch,W1,websearch_snippet,75
MS-0561,Manhattan Laser,Manhattan,NY,USA,https://manhattan-laser.com/,manhattan-laser.com,(212) 334-2470,,general,MedSpa,A,HIGH,websearch,W1,phone_only,0
MS-0562,Manhattan Medspa,Manhattan,NY,USA,https://www.manhattan-medspa.com/,manhattan-medspa.com,(212) 729-5797,info@manhattan-medspa.com,general,MedSpa,A,HIGH,websearch,W1,websearch_snippet,82
MS-0563,Reset Med Clinic,Manhattan,NY,USA,https://www.resetmedclinic.com/,resetmedclinic.com,(917) 930-0789,,general,MedSpa,A,HIGH,websearch,W1,phone_only,0
MS-0564,Sculpt NYC,Manhattan,NY,USA,https://www.sculptmedspas.com/,sculptmedspas.com,(718) 530-3190,info@sculptnycmedspa.com,general,MedSpa,A,HIGH,websearch,W1,websearch_snippet,70
MS-0565,Midtown Medical Spa and Lasers of NYC,Manhattan,NY,USA,https://www.midtownmedicalspalasersnyc.com/,midtownmedicalspalasersnyc.com,(646) 956-2139,,general,MedSpa,A,HIGH,websearch,W1,phone_only,0
MS-0566,Studio Esthetique,Manhattan,NY,USA,https://studioesthetique.com/,studioesthetique.com,(212) 671-0606,,general,MedSpa,A,HIGH,websearch,W1,phone_only,0
B-W103-MS-0016,Aesthetic Creator,Mankato,MN,USA,https://aestheticcreator.com,,(507) 625-6599,hello@aestheticcreator.com,,,A,,,W103-LaneB,,
MS-1406,Inspired Beauty Med Spa,Manlius,,USA,https://www.inspiredbeautymedspa.com,,(315) 807-1282,info@inspiredbeauty.boutique,,MedSpa,A,,,W96,,
MS-0567,Nore Health,Marietta,GA,USA,https://norehealth.com,norehealth.com,(678) 802-8665,info@norehealth.com,hrt,MedSpa,A,HIGH,web,W2,websearch_snippet,82
MS-0568,TTMSPA,Markham,ON,Canada,https://ttmspa.com/,ttmspa.com,(905) 946-2222,info@ttmspa.com,general,MedSpa,A,HIGH,websearch,W1,websearch_email,85
MS-0569,La Vitalité Med Spa,Markham,ON,Canada,https://www.lvmedspa.ca/,lvmedspa.ca,(905) 305-8388,info@lvmedspa.ca,general,MedSpa,A,HIGH,websearch,W1,websearch_email,85
MS-0570,Toronto Medical Aesthetics,Markham,ON,Canada,https://www.tmaclinic.com/,tmaclinic.com,(905) 947-1221,info@tmaclinic.com,general,MedSpa,A,HIGH,websearch,W1,websearch_email,85
MS-0571,BelleBeauté MedSpa,Markham,ON,Canada,https://bellebeautemedspa.com/,bellebeautemedspa.com,(647) 823-5538,hello@bellebeautemedspa.com,general,MedSpa,A,HIGH,websearch,W1,websearch_snippet,82
MS-0572,EliteMD Aesthetics,Markham,ON,Canada,https://www.elitemdaesthetics.ca/,elitemdaesthetics.ca,(647) 281-9060,info@elitemdaesthetics.ca,general,MedSpa,A,HIGH,websearch,W1,websearch_snippet,82
MS-0573,M Medi Spa,Markham,ON,Canada,https://mmedispa.ca/,mmedispa.ca,(905) 470-2998,,general,MedSpa,A,HIGH,websearch,W1,phone_only,0
MS-0574,Look Timeless Med Spa,Markham,ON,Canada,https://looktimeless.ca/,looktimeless.ca,(289) 554-0930,info@looktimeless.ca,general,MedSpa,A,HIGH,websearch,W1,websearch_snippet,82
B-W100-MS-0006,Aesthete Sunshine Coast,Maroochydore,QLD,AU,https://aesthetesunshinecoast.com.au,aesthetesunshinecoast.com.au,+61 7 5379 3171,admin@aesthetesunshinecoast.com.au,wellness,MedSpa,A,90,WebSearch,W100-LaneB,manual-search,92
B-W101-MS-0040,D'vine Beauty Clinic,McAllen,TX,USA,https://www.dvinebeautyclinic.com,dvinebeautyclinic.com,(956) 867-3525,dvinebeautystudio@gmail.com,injectables,MedSpa,A,high,web-search,W101-LaneB,direct-search,high
B-W104-MS-0027,Touch of Elegance MedSpa,McDonough,GA,USA,https://www.medspaelegance.com,medspaelegance.com,(470) 651-5996,info@medspaelegance.com,injectables,MedSpa,A,,WebSearch,W104-LaneB,website_scrape,
B-W102-MS-0044,BeauxMD Medical Aesthetics,McKinney,TX,US,https://www.beauxmd.com,,(972) 818-5807,,injectables; skin; anti-aging; facial-aesthetics,,A,,,W102-LaneB,,
MS-0575,Tiam Spa,McLean,VA,USA,https://tiamspa.com/,tiamspa.com,(571) 469-1557,info@tiamspa.com,general,MedSpa,A,HIGH,websearch,W1,websearch_snippet,82
MS-0576,Divine Glow Aesthetic,McLean,VA,USA,https://divineglowaesthetic.com/,divineglowaesthetic.com,(571) 766-6361,info@divineglowaesthetics.com,general,MedSpa,A,HIGH,websearch,W1,websearch_snippet,72
MS-0577,DermaGlow Medspa,McLean,VA,USA,https://dermaglowmed.com/,dermaglowmed.com,(703) 288-3000,info@dermaglowmed.com,general,MedSpa,A,HIGH,websearch,W1,websearch_snippet,82
MS-0578,Lumiere Skin and Laser,McLean,VA,USA,https://lumiereskinandlaser.com/,lumiereskinandlaser.com,(703) 356-8001,admin@lumiereskinandlaser.com,general,MedSpa,A,HIGH,websearch,W1,websearch_snippet,80
MS-0579,Med Spa Tysons,McLean,VA,USA,https://medspatysons.com/,medspatysons.com,(703) 992-8503,,general,MedSpa,A,HIGH,websearch,W1,phone_only,0
MS-0580,Angels Aesthetics DMV,McLean,VA,USA,https://www.angelaestheticsdmv.com/,angelaestheticsdmv.com,(301) 254-6696,p.difranco@icloud.com,general,MedSpa,A,HIGH,websearch,W1,websearch_snippet,68
B-W101-MS-0018,Pure MedSpa,Medford,OR,USA,https://puremedspamedford.com,puremedspamedford.com,(541) 200-2444,,laser,MedSpa,A,high,web-search,W101-LaneB,direct-search,high
MS-1549,Coco Ruby Skin Aesthetics,Melbourne,,Australia,https://www.cocoruby.com.au,,+61 3 8849 1400,hello@cocoruby.com.au,skin,MedSpa,A,,,W97-INTL,,
MS-1550,Dermalist Melbourne,Melbourne,,Australia,https://www.dermalist.com.au,,+61 3 9820 4900,info@dermalist.com.au,anti-aging,MedSpa,A,,,W97-INTL,,
MS-1551,Aesthetica Cosmetic Clinic Melbourne,Melbourne,,Australia,https://www.aesthetica.com.au,,+61 3 9514 2222,info@aesthetica.com.au,body-contouring,MedSpa,A,,,W97-INTL,,
MS-1552,Laser Clinics Australia Melbourne,Melbourne,,Australia,https://www.laserclinics.com.au,,+61 3 8610 0888,,laser,MedSpa,A,,,W97-INTL,,
MS-1553,Studio Skin Melbourne,Melbourne,,Australia,https://www.studioskinmelbourne.com.au,,+61 3 9041 6620,hello@studioskinmelbourne.com.au,injectables,MedSpa,A,,,W97-INTL,,
MS-0581,Sneed Medispa,Memphis,TN,USA,https://www.sneedmedispa.com,sneedmedispa.com,901-236-7722,sneedmedspa@gmail.com,general,MedSpa,A,HIGH,WebSearch,W3,websearch_email,85
MS-0583,SkinBody Memphis,Memphis,TN,USA,https://skinbodymemphis.com,skinbodymemphis.com,(901) 474-7636,frontdesk@skinbodymemphis.com,general,MedSpa,A,HIGH,WebSearch,W3,websearch_email,90
MS-0584,A Beautiful You Medical Spa,Memphis,TN,USA,https://www.abeautifulyoumedicalspa.com,abeautifulyoumedicalspa.com,(901) 683-8220,clientservices@abeautifulyoumedicalspa.com,general,MedSpa,A,HIGH,WebSearch,W3,websearch_email,82
MS-0585,Glo Medical Aesthetics Memphis,Memphis,TN,USA,https://www.glomedmemphis.com,glomedmemphis.com,(901) 552-3461,info@glomedmemphis.com,general,MedSpa,A,HIGH,WebSearch,W3,websearch_email,80
MS-0582,De La Belle Body Wellness,Memphis,TN,USA,https://delabelle.net,delabelle.net,(901) 433-9024,,general,MedSpa,A,HIGH,WebSearch,W3,phone_only,0
MS-0586,Eden Spa and Laser,Memphis,TN,USA,https://edenspaandlaser.com,edenspaandlaser.com,(901) 683-1066,frontdesk@edenspaandlaser.com,general,MedSpa,A,HIGH,WebSearch,W3,websearch_snippet,78
MS-0035,Bella Vida Aesthetics & Wellness,Miami,FL,USA,https://bellavidaaesthetics.com,bellavidaaesthetics.com,786-338-8346,,minority-owned,MedSpa,A,HIGH,WebSearch,W4,,
MS-0587,Med Aesthetics Miami,Miami,FL,USA,https://www.medaestheticsmiami.com,medaestheticsmiami.com,305-356-7402,coralgables@medaestheticsmiami.com,general,MedSpa,A,HIGH,websearch,W1,websearch_email,HIGH
MS-0588,Monaco Medical Spa,Miami,FL,USA,https://www.monacomedspa.com/,monacomedspa.com,786-536-6117,officemanager@monacomedspa.com,general,MedSpa,A,HIGH,websearch,W1,websearch_email,HIGH
MS-0589,VIP Aesthetic Center Med Spa,Miami,FL,USA,https://www.vipaestheticcenter.com/,vipaestheticcenter.com,(786) 667-3800,vipaestheticcenter@gmail.com,general,MedSpa,A,HIGH,websearch,W1,websearch_email,MEDIUM
MS-0590,South Florida Face and Body,Miami,FL,USA,https://www.southfloridafaceandbody.com/,southfloridafaceandbody.com,(786) 529-1860,southfloridafaceandbody@gmail.com,general,MedSpa,A,HIGH,websearch,W1,websearch_email,MEDIUM
MS-1107,Beauty by Michelle Med Spa,Miami,,USA,https://beautybymichellemedspa.com,beautybymichellemedspacom,(786) 717-0161,,acne,MedSpa,A,HIGH,websearch,W9,,
MS-1108,SkinLocal,Miami,,USA,https://theskinlocal.com,theskinlocalcom,(786) 701-8106,info@theskinlocal.com,acne,MedSpa,A,HIGH,websearch,W9,,
MS-1118,Lavish Laser Medspa,Miami,,USA,https://lavishlasermedspa.com,lavishlasermedspacom,(305) 846-7524,info@lavishlasermedspa.com,body-sculpting,MedSpa,A,HIGH,websearch,W9,,
MS-0591,PrivaMedis Aesthetics,Miami,FL,USA,https://www.privamedis.com/,privamedis.com,(305) 604-2888,contact@privamedis.com,general,MedSpa,A,HIGH,websearch,W1,websearch_snippet,72
MS-0592,Miami Wellness And Aesthetics Center,Miami,FL,USA,https://drhamadiya.com/,drhamadiya.com,(305) 520-7552,Appointments@drhamadiya.com,general,MedSpa,A,HIGH,websearch,W1,websearch_snippet,76
MS-0593,Be Beautiful Facial Aesthetics,Miami,FL,USA,https://bebeautifulfacialaesthetics.com/,bebeautifulfacialaesthetics.com,(305) 787-3798,,general,MedSpa,A,HIGH,websearch,W1,phone_only,0
MS-0594,Miami Beach Laser & Aesthetics,Miami,FL,USA,https://miamibeachlaserandaesthetics.com/,miamibeachlaserandaesthetics.com,(305) 610-8284,info@miamibeachlaserandaesthetics.com,general,MedSpa,A,HIGH,websearch,W1,websearch_snippet,82
MS-0595,LL Aesthetics Miami,Miami,FL,USA,https://www.llaestheticsmiami.com/,llaestheticsmiami.com,(786) 868-0035,lisalifshitzpa@gmail.com,general,MedSpa,A,HIGH,websearch,W1,websearch_snippet,70
MS-0596,Luminance Aesthetics Miami,Miami,FL,USA,https://www.luminanceaestheticsmiami.com/,luminanceaestheticsmiami.com,(786) 703-4954,bookings@luminanceaestheticsmiami.com,general,MedSpa,A,HIGH,websearch,W1,websearch_snippet,82
MS-0597,The Beauty Clinic,Miami,FL,USA,https://thebeautyclinic.com/,thebeautyclinic.com,(305) 882-9439,info@thebeautyclinic.com,general,MedSpa,A,HIGH,websearch,W1,websearch_snippet,82
MS-0598,Arviv Medical Aesthetics,Miami,FL,USA,https://arvivaesthetics.com,arvivaesthetics.com,(305) 340-9002,info@arvivaesthetics.com,mens,MedSpa,A,HIGH,web,W2,websearch_snippet,78
MS-0599,Miami Men's,Miami,FL,USA,https://miamimens.com,miamimens.com,(786) 899-0293,admin@miamimens.com,mens,MedSpa,A,HIGH,web,W2,websearch_snippet,78
MS-0600,Florida Men's Health Center,Miami,FL,USA,https://floridamenshealth.com,floridamenshealth.com,954-584-7009,,mens,MedSpa,A,HIGH,web,W2,no_email_found,0
MS-0601,BAWA Medical,Miami,FL,USA,https://bawamedical.com,bawamedical.com,561-453-2020,,mens,MedSpa,A,HIGH,web,W2,no_email_found,0
MS-0602,Liquivida,Miami,FL,USA,https://liquivida.com,liquivida.com,305-504-8860,info@liquividalounge.com,iv-lounge,MedSpa,A,HIGH,web,W2,websearch_direct,82
MS-0603,Everliv Mia,Miami,FL,USA,https://everlivmia.com,everlivmia.com,305-907-3399,,iv-lounge,MedSpa,A,HIGH,web,W2,no_email_found,0
MS-0604,VitaSquad,Miami,FL,USA,https://vitasquad.com,vitasquad.com,305-877-4802,info@vitasquad.com,iv-lounge,MedSpa,A,HIGH,web,W2,websearch_direct,87
MS-0605,Covalent Health,Miami,FL,USA,https://covalenthealth.org,covalenthealth.org,786-953-8867,info@covalenthealth.org,iv-lounge,MedSpa,A,HIGH,web,W2,websearch_direct,87
MS-0606,Hypervida,Miami,FL,USA,https://hypervida.com,hypervida.com,305-906-0137,,iv-lounge,MedSpa,A,HIGH,web,W2,no_email_found,0
MS-0608,Rewind Anti-Aging Miami,Miami,FL,USA,https://rewindantiagingmiami.com,rewindantiagingmiami.com,(305) 922-9622,contact@rewindantiagingmiami.com,hrt,MedSpa,A,HIGH,web,W2,websearch_contact_page,72
MS-0609,Beyond Health MedSpa,Miami,FL,USA,https://www.beyondhealthmedspa.com,beyondhealthmedspa.com,(786) 359-4068,info@beyondhealthmedspa.com,longevity,MedSpa,A,HIGH,WebSearch,W4,websearch_contact_page,82
MS-0610,Nuvo You MedSpa,Miami,FL,USA,https://www.nuvoyou.com,nuvoyou.com,(786) 369-0941,manager@nuvoyou.com,longevity,MedSpa,A,HIGH,WebSearch,W4,websearch_snippet,75
MS-0611,Rejuvaline Medspa,Miami,FL,USA,https://rejuvalinemedspa.com,rejuvalinemedspa.com,(305) 266-0006,info@rejuvalinemedspa.com,longevity,MedSpa,A,HIGH,WebSearch,W4,websearch_contact_page,80
MS-1146,Coco Medical Spa Miami,Miami,,USA,https://cocomedicalspa.com,cocomedicalspacom,(305) 231-7599,info@cocomedicalspa.com,threading,MedSpa,A,MEDIUM,websearch,W9,websearch_contact_page,80
MS-0607,Healthy Longevity Clinic,Miami,FL,USA,https://healthylongevity.clinic,healthylongevity.clinic,contact_form_only,,hrt,MedSpa,A,HIGH,web,W2,websearch_no_email,0
MS-1117,Cool MedSpa Miami,Miami,,USA,https://coolmedspamiami.com,coolmedspamiamicom,(305) 414-4145,,body-sculpting,MedSpa,A,HIGH,websearch,W9,websearch_phone_only,0
MS-1159,DermaSpalogy Miami,Miami,,USA,https://www.dermaspalogy.com,dermaspalogycom,(786) 686-1979,,acne,MedSpa,A,MEDIUM,websearch,W9,websearch_phone_only,0
MS-0612,DRIP Health & MedSpa,Miami Lakes,FL,USA,https://driphealthandmedspa.com,driphealthandmedspa.com,(786) 474-4447,info@driphealthandmedspa.com,mens,MedSpa,A,HIGH,web,W2,websearch_contact_page,82
MS-1386,Four Sisters Medical Spa,Middlebury,,USA,https://www.foursistersvt.com,,(802) 444-1447,info@foursistersvt.com,,MedSpa,A,,,W96,,
B-W101-MS-0039,Rich Medical Aesthetics,Midland,TX,USA,https://richmedicalaesthetics.com,richmedicalaesthetics.com,(432) 233-1965,richmedicalaesthetics@gmail.com,injectables,MedSpa,A,high,web-search,W101-LaneB,direct-search,high
B-W104-MS-0003,RVA Regenerative Wellness,Midlothian,VA,USA,https://www.rvaregenwellness.com,rvaregenwellness.com,786-224-6878,,regenerative,MedSpa,A,,WebSearch,W104-LaneB,website_scrape,
MS-0036,EvolvMD MedSpa Milwaukee,Milwaukee,WI,USA,https://evolvmd.com/,evolvmd.com,(414) 479-0113,,general,MedSpa,A,HIGH,Google Search,W4,,
MS-0613,MKE Aesthetics Wellness,Milwaukee,WI,USA,https://mkeaesthetics.com/,mkeaesthetics.com,(262) 415-9005,contact@mkeaesthetics.com,general,MedSpa,A,MEDIUM,Google Search,W4,websearch_snippet,82
MS-0614,Aesthetics 360 MKE,Milwaukee,WI,USA,https://a360mke.com/,a360mke.com,(414) 210-4073,,general,MedSpa,A,MEDIUM,Google Search,W4,websearch_snippet,0
MS-0615,RemedyNow Aesthetics MKE,Milwaukee,WI,USA,https://www.remedynowaesthetics.com/,remedynowaesthetics.com,(262) 404-9003,remedynowaesthetics@gmail.com,general,MedSpa,A,MEDIUM,Google Search,W4,websearch_snippet,78
MS-0616,East Town Med Spa,Milwaukee,WI,USA,https://www.easttownspa.com/,easttownspa.com,(414) 271-4247,east.town.spa@gmail.com,general,MedSpa,A,MEDIUM,Google Search,W4,websearch_snippet,78
MS-0617,Sweet Tox Medspa,Milwaukee,WI,USA,https://sweettox.com/,sweettox.com,(414) 882-0082,info@sweettox.com,general,MedSpa,A,MEDIUM,Google Search,W4,websearch_snippet,85
MS-0037,Metropolitan Skin Clinic,Minneapolis,MN,USA,https://metropolitanskinclinic.com/,metropolitanskinclinic.com,(952) 288-2230,,general,MedSpa,A,HIGH,websearch,W1,,
MS-0618,Beautox Bar,Minneapolis,MN,USA,https://www.beautoxbar.com/,beautoxbar.com,(763) 205-6952,info@beautoxbar.com,general,MedSpa,A,HIGH,websearch,W1,websearch_snippet,85
MS-0619,The Clinic for Medical Aesthetics,Minneapolis,MN,USA,https://www.theclinicmn.com/,theclinicmn.com,(763) 205-4718,,general,MedSpa,A,HIGH,websearch,W1,websearch_snippet,0
MS-0620,Skin Artisans,Minneapolis,MN,USA,https://skinartisans.com/,skinartisans.com,(952) 767-3163,,general,MedSpa,A,HIGH,websearch,W1,websearch_snippet,0
MS-0621,MK Aesthetics,Minneapolis,MN,USA,https://www.mkaesthetics.com/,mkaesthetics.com,(612) 500-6367,,general,MedSpa,A,HIGH,websearch,W1,websearch_snippet,0
MS-0622,Pure Lux Medspa,Minneapolis,MN,USA,https://www.mypurelux.com/,mypurelux.com,(952) 460-0160,,general,MedSpa,A,HIGH,websearch,W1,websearch_snippet,0
MS-0623,Medspa of Minneapolis,Minneapolis,MN,USA,https://medspaofminneapolis.com/,medspaofminneapolis.com,(800) 766-1759,,general,MedSpa,A,HIGH,websearch,W1,websearch_snippet,0
MS-0624,Anew Medspa Clinic,Minneapolis,MN,USA,https://www.medspa.clinic/,medspa.clinic,(612) 208-0741,service@medspa.clinic,general,MedSpa,A,HIGH,websearch,W1,websearch_snippet,85
MS-0625,TC Medspa,Minneapolis,MN,USA,https://www.tcmedspas.com/,tcmedspas.com,(763) 308-5444,info@tcmedspas.com,general,MedSpa,A,HIGH,websearch,W1,websearch_snippet,85
MS-0626,SpaVie Medical Laser,Minneapolis,MN,USA,https://www.spavie.com/,spavie.com,(612) 213-1111,,general,MedSpa,A,MEDIUM,Google Search,W4,websearch_snippet,0
MS-0627,LAK MedSpa Wayzata,Minneapolis,MN,USA,https://www.lakmedspa.com/,lakmedspa.com,(952) 800-9335,merhard@wcssmn.com,general,MedSpa,A,MEDIUM,Google Search,W4,websearch_snippet,65
MS-0628,Aafiyat Aesthetics,Mississauga,ON,Canada,https://aafiyataesthetics.com/,aafiyataesthetics.com,(289) 825-2332,info@aafiyataesthetics.com,general,MedSpa,A,HIGH,websearch,W1,websearch_email,85
MS-0629,MDA Medical Aesthetics,Mississauga,ON,Canada,https://mdainstitute.ca/,mdainstitute.ca,(905) 614-0853,info@mdainstitute.ca,general,MedSpa,A,HIGH,websearch,W1,websearch_email,85
MS-0630,Distinct Medical Aesthetics,Mississauga,ON,Canada,https://www.distinctmedicalaesthetics.com/,distinctmedicalaesthetics.com,905-338-4080,info@distinctmedicalaesthetics.com,general,MedSpa,A,HIGH,websearch,W1,websearch_email,82
MS-0632,Beautology Medical Spa,Mississauga,ON,Canada,https://www.beautologymedspa.com/,beautologymedspa.com,+1 289-848-9100,info@beautologymedspa.com,general,MedSpa,A,HIGH,WebSearch,W3,websearch_email,85
MS-0631,Trends Sassy Medical Spa,Mississauga,ON,Canada,https://trendsassy.ca/,trendsassy.ca,(647) 532-2600,trendsassycanada@gmail.com,general,MedSpa,A,HIGH,websearch,W1,websearch_snippet,78
MS-0633,Ageless Elegance Medical Spa,Mississauga,ON,Canada,https://agelesselegancemedspa.com/,agelesselegancemedspa.com,(647) 496-4911,info@agelesselegancemedspa.com,general,MedSpa,A,HIGH,WebSearch,W3,websearch_contact_page,82
MS-0634,Sam Medspa,Mississauga,ON,Canada,https://www.sammedspa.com/,sammedspa.com,(437) 778-1829,info@sammedspa.com,general,MedSpa,A,HIGH,WebSearch,W3,websearch_snippet,80
MS-0635,Skinfidelity,Mississauga,ON,Canada,https://skinfidelity.ca/,skinfidelity.ca,(647) 554-7546,contact@skinfidelity.ca,general,MedSpa,A,HIGH,WebSearch,W3,websearch_contact_page,82
MS-0636,ERT Cosmetic Clinic,Mississauga,ON,Canada,https://www.ertclinic.ca/,ertclinic.ca,(905) 276-7161,info@ertclinic.ca,general,MedSpa,A,HIGH,WebSearch,W3,websearch_snippet,80
MS-0637,Youthful Derma,Mississauga,ON,Canada,https://www.youthfulderma.ca/,youthfulderma.ca,647-233-1202,shahnaz@youthfulderma.ca,general,MedSpa,A,HIGH,WebSearch,W3,websearch_contact_page,82
MS-0038,Skin Chic Medical Spa,Missoula,MT,USA,https://www.skinchic.com/,skinchic.com,(406) 541-8466,,general,MedSpa,A,HIGH,Google Search,W4,,
MS-0638,FG Aesthetics Medicine,Missoula,MT,USA,https://fgaestheticsandmedicine.com/,fgaestheticsandmedicine.com,(406) 200-8331,info@fgaestheticsandmedicine.com,general,MedSpa,A,MEDIUM,Google Search,W4,websearch_snippet,82
MS-0639,Bespoke Aesthetics Wellness,Missoula,MT,USA,https://bespokebeautymt.com/,bespokebeautymt.com,(406) 493-0291,,general,MedSpa,A,MEDIUM,Google Search,W4,websearch_snippet,0
MS-0640,Gem Aesthetics Wellness,Missoula,MT,USA,https://gemmissoula.com/,gemmissoula.com,(406) 640-3802,kacia@gemmissoula.com,general,MedSpa,A,MEDIUM,Google Search,W4,websearch_snippet,78
MS-0641,Missoula Wellness Medspa,Missoula,MT,USA,https://www.missoulawellnessmt.com/,missoulawellnessmt.com,( 406) 541-6420,,general,MedSpa,A,MEDIUM,Google Search,W4,websearch_snippet,0
MS-0642,RejuveCare Clinic Missoula,Missoula,MT,USA,https://rejuvecareclinic.com/,rejuvecareclinic.com,(406) 203-5174,info@rejuvecareclinic.com,general,MedSpa,A,MEDIUM,Google Search,W4,websearch_snippet,80
B-W104-MS-0030,Be You Medical Spa & Wellness,Missoula,MT,USA,https://www.be-you-medspa.com,be-you-medspa.com,,BeBeautiful@be-you-medspa.com,injectables,MedSpa,A,,WebSearch,W104-LaneB,website_scrape,
B-W102-MS-0019,Aesthetic Lab,Modesto,CA,US,https://aestheticlabinc.com,,(209) 554-5595,aestheticlabca@gmail.com,injectables; skin; body-contouring; weight-loss,,A,,,W102-LaneB,,
MS-0643,Sparkle Lifestyle MediSpa,Moncton,NB,Canada,https://sparklelifestyle.ca/,sparklelifestyle.ca,506-871-4421,info@sparklelifestyle.ca,general,MedSpa,A,HIGH,WebSearch,W3,websearch_contact_page,82
MS-0644,Ideal Body Clinic,Montreal,QC,Canada,https://idealbodyclinic.com/,idealbodyclinic.com,514-998-0998,info@911slim.com,general,MedSpa,A,HIGH,websearch,W1,websearch_snippet,68
MS-0645,Clinimedspa,Montreal,QC,Canada,https://clinimedspa.ca/,clinimedspa.ca,450-676-3444,info@clinimedspa.ca,general,MedSpa,A,HIGH,websearch,W1,websearch_snippet,72
MS-0646,ML Aesthetic Clinic,Montreal,QC,Canada,https://mlaesthetic.ca/,mlaesthetic.ca,438-928-8853,infos@mlaesthetic.ca,general,MedSpa,A,HIGH,websearch,W1,websearch_snippet,82
MS-0647,Clinique FaceMD,Montreal,QC,Canada,https://cliniquefacemd.com/,cliniquefacemd.com,514-447-9435,info@cliniquefacemd.com,general,MedSpa,A,HIGH,websearch,W1,websearch_snippet,80
MS-0648,Clinique Esthétique HoMa,Montreal,QC,Canada,https://drgmansour.com/,drgmansour.com,514-500-5805,info@drgmansour.com,general,MedSpa,A,HIGH,websearch,W1,websearch_snippet,85
MS-0649,CHIC Laser Centre,Montreal,QC,Canada,https://www.chiclaser.ca/,chiclaser.ca,514-982-0000,info@chiclaser.ca,general,MedSpa,A,HIGH,websearch,W1,websearch_snippet,82
MS-0650,Station L Medispa,Montreal,QC,Canada,https://www.stationlmtl.com/,stationlmtl.com,514-316-7887,info@stationl.ca,general,MedSpa,A,HIGH,websearch,W1,websearch_snippet,78
MS-0651,SKN MD,Montreal,QC,Canada,https://sknmd.ca/,sknmd.ca,514-706-3756,info@sknmd.ca,general,MedSpa,A,HIGH,websearch,W1,websearch_snippet,80
B-W104-MS-0009,Eos Aesthetics,Mooresville,NC,USA,https://eosaestheticsnc.com,eosaestheticsnc.com,(704) 360-5996,eosaestheticsnc@gmail.com,injectables,MedSpa,A,,WebSearch,W104-LaneB,website_scrape,
MS-0652,Rise Medical Aesthetics Nanaimo,Nanaimo,BC,Canada,https://www.risemedaesthetics.com/,risemedaesthetics.com,778-716-6901,info@risemedaesthetics.com,general,MedSpa,A,HIGH,WebSearch,W3,websearch_snippet,80
MS-0653,Skintegrity Medi Spa Nanaimo,Nanaimo,BC,Canada,https://skintegritymedispa.com/,skintegritymedispa.com,(250) 802-2639,info@skintegritymedispa.com,general,MedSpa,A,HIGH,WebSearch,W3,websearch_snippet,75
MS-0655,Nurse Moreen Advanced Aesthetics,Nanaimo,BC,Canada,https://www.nursemoreen.com/,nursemoreen.com,250-667-1591,moreen@drjennycheng.com,general,MedSpa,A,HIGH,WebSearch,W3,websearch_snippet,78
MS-0657,Uplift Medical Aesthetics Nanaimo,Nanaimo,BC,Canada,https://upliftmedicalaesthetics.ca/,upliftmedicalaesthetics.ca,,info@upliftmedicalaesthetics.ca,general,MedSpa,A,HIGH,WebSearch,W3,websearch_snippet,75
MS-0654,Lumina MD Aesthetics Nanaimo,Nanaimo,BC,Canada,https://www.luminamdaesthetics.com/,luminamdaesthetics.com,(250) 741-3945,,general,MedSpa,A,HIGH,WebSearch,W3,websearch_phone_only,0
MS-0656,The New U Clinic Nanaimo,Nanaimo,BC,Canada,https://thenewuclinic.ca/,thenewuclinic.ca,(250) 667-6742,,general,MedSpa,A,HIGH,WebSearch,W3,websearch_phone_only,0
B-W102-MS-0017,My Life Med Aesthetics,Napa,CA,US,https://www.mymedaesthetics.com,,(707) 320-7449,mymedaesthetics@gmail.com,anti-aging; hormones; injectables; wellness,,A,,,W102-LaneB,,
MS-0658,LuxLift Med Spa,Naples,FL,USA,https://www.luxliftmedspa.com/,luxliftmedspa.com,(239) 207-1218,luxliftmedspa@gmail.com,general,MedSpa,A,HIGH,websearch,W1,websearch_contact_page,82
MS-0660,The Laser Lounge Spa Naples,Naples,FL,USA,https://naples.thelaserloungespa.com/,naples.thelaserloungespa.com,(239) 799-9772,christy@thelaserloungespa.com,general,MedSpa,A,HIGH,websearch,W1,websearch_snippet,78
MS-0661,Von & Co Medical Aesthetics Studio,Naples,FL,USA,https://www.vonandcoaesthetics.com/,vonandcoaesthetics.com,(239) 799-4866,hello@vonandcoaesthetics.com,general,MedSpa,A,HIGH,websearch,W1,websearch_contact_page,82
MS-0662,Time 4 U Naples,Naples,FL,USA,https://www.time4unaples.com/,time4unaples.com,239-810-4400,info@time4umedspa.com,general,MedSpa,A,HIGH,websearch,W1,websearch_snippet,75
MS-0665,Jewell Medical Spa,Naples,FL,USA,https://www.jewellmedicalspa.com/,jewellmedicalspa.com,(239) 448-3383,chris.jewell@jewellmedicalspa.com,general,MedSpa,A,HIGH,websearch,W1,websearch_contact_page,85
MS-0666,Beautysculpt Medical Aesthetics,Naples,FL,USA,https://www.beautysculptmedicalaesthetics.com/,beautysculptmedicalaesthetics.com,(239) 777-5002,contact@beautysculptmedicalaesthetics.com,general,MedSpa,A,HIGH,websearch,W1,websearch_snippet,75
MS-0659,Inside Out Med Spa,Naples,FL,USA,https://insideoutmedspa.com/,insideoutmedspa.com,(239) 331-0032,,general,MedSpa,A,HIGH,websearch,W1,websearch_phone_only,0
MS-0663,Dr. Hasen Medical Spa,Naples,FL,USA,https://www.drhasen.com/,drhasen.com,(239) 262-5662,,general,MedSpa,A,HIGH,websearch,W1,websearch_phone_only,0
MS-0667,IntraVenous Solutions,Nashville,TN,USA,https://ivsolns.com,ivsolns.com,(615) 393-6978,info@ivsolns.com,iv-lounge,MedSpa,A,HIGH,web,W2,websearch_email,90
MS-0669,Tempo Wellness Nashville,Nashville,TN,USA,https://www.tempowellnessnashville.com,tempowellnessnashville.com,(615) 987-0188,hello@tempowellness.org,longevity,MedSpa,A,HIGH,WebSearch,W4,websearch_email,85
MS-0671,ONYX Wellness & Aesthetics,Nashville,TN,USA,https://onyxwa.com,onyxwa.com,(615) 626-7905,info@onyxwa.com,longevity,MedSpa,A,HIGH,WebSearch,W4,websearch_email,90
MS-1114,Toxxology Med Spa,Nashville,,USA,https://www.toxxology.com,toxxologycom,(615) 436-8699,,prp,MedSpa,A,HIGH,websearch,W9,,
MS-1129,Radianté Spa Nashville,Nashville,,USA,https://radiantespa.com,radiantespacom,(615) 239-0094,info@radiantespa.com,cellulite,MedSpa,A,HIGH,websearch,W9,,
MS-1162,Amalie Aesthetics Nashville,Nashville,,USA,https://www.amalieaesthetics.com,amalieaestheticscom,224-768-8028,info@theaestheticloungemedspa.com,cellulite,MedSpa,A,MEDIUM,websearch,W9,websearch_generic,67
MS-1165,Elevate by Purifi Nashville,Nashville,,USA,https://purifinashville.com,purifinashvillecom,(615) 730-7538,hello@purifinashville.com,prp,MedSpa,A,MEDIUM,websearch,W9,websearch_snippet,78
MS-0668,Jack & Jill Aesthetics,Nashville,TN,USA,https://www.jackjillaesthetics.com,jackjillaesthetics.com,615-784-3223,,duo,MedSpa,A,HIGH,WebSearch,W4,websearch_phone_only,0
MS-0670,Belcourt Aesthetics,Nashville,TN,USA,http://belcourtaesthetics.com,belcourtaesthetics.com,(615) 622-4544,,sexual-wellness,MedSpa,A,HIGH,WebSearch,W4,websearch_phone_only,0
B-W102-MS-0003,Good Medicine Aesthetics,New Braunfels,TX,US,https://goodmedicinemedspa.com,,,info@goodmedicinemedspa.com,injectables; IV-therapy; hair-restoration; weight-loss,,A,,,W102-LaneB,,
MS-0672,Rejuvene Med Spa New Orleans,New Orleans,LA,USA,https://rejuvenemedspa.com,rejuvenemedspa.com,(504) 688-7546,info@rejuvenemedspa.com,general,MedSpa,A,HIGH,WebSearch,W3,websearch_contact_page,82
MS-0673,Lushful Aesthetics,New York,NY,USA,https://lushfulaesthetics.com,lushfulaesthetics.com,(917) 277-3398,hello@lushfulaesthetics.com,mens,MedSpa,A,HIGH,web,W2,websearch_email,HIGH
MS-0674,Smooth Synergy MedSpa,New York,NY,USA,https://smoothsynergy.com,smoothsynergy.com,212-397-0111,info@smoothsynergy.com,mens,MedSpa,A,HIGH,web,W2,websearch_email,HIGH
MS-0675,Anand Medical Spa,New York,NY,USA,https://anandmedicalspa.com,anandmedicalspa.com,212-653-0366,info@anandmedicalspa.com,mens,MedSpa,A,HIGH,web,W2,websearch_email,HIGH
MS-0676,NY Drip Lounge,New York,NY,USA,https://nydriplounge.com,nydriplounge.com,(845) 391-0338,info@nydriplounge.com,iv-lounge,MedSpa,A,HIGH,web,W2,websearch_email,HIGH
MS-1102,Acne Clinic NYC,New York,,USA,https://acneclinicnyc.com,acneclinicnyccom,(929) 490-7770,acneclinicnyc1@gmail.com,acne,MedSpa,A,HIGH,websearch,W9,,
MS-0677,NutriDrip,New York,NY,USA,https://nutridrip.com,nutridrip.com,888-320-1699,contact@nutridrip.com,iv-lounge,MedSpa,A,HIGH,web,W2,websearch_direct,85
MS-0679,Manhattan IV Therapy,New York,NY,USA,https://manhattanivtherapy.com,manhattanivtherapy.com,646-454-9000,contact@manhattanivtherapy.com,iv-lounge,MedSpa,A,HIGH,web,W2,websearch_direct,80
MS-0680,ReBalance NYC,New York,NY,USA,https://rebalancenyc.com,rebalancenyc.com,212-380-1764,info@rebalancenyc.com,iv-lounge,MedSpa,A,HIGH,web,W2,websearch_direct,88
MS-0681,The IV Doc,New York,NY,USA,https://theivdoc.com,theivdoc.com,844-843-4836,contact@theivdoc.com,iv-lounge,MedSpa,A,HIGH,web,W2,websearch_direct,82
MS-0682,Forbidden Wellness,New York,NY,USA,https://forbiddenwell.com,forbiddenwell.com,212-597-2481,soma@forbiddenwell.com,iv-lounge,MedSpa,A,HIGH,web,W2,websearch_snippet,72
MS-0683,IV Drips,New York,NY,USA,https://ivdrips.com,ivdrips.com,212-220-3957,info@ivdrips.com,iv-lounge,MedSpa,A,HIGH,web,W2,websearch_direct,85
MS-0684,JustMelt Med Spa,New York,NY,USA,https://justmelt.com,justmelt.com,212-447-1155,info@justmelt.com,weight-loss,MedSpa,A,HIGH,web,W2,websearch_direct,87
MS-0685,Family Medicine NYC,New York,NY,USA,https://familymedicinenyc.com,familymedicinenyc.com,917-409-7575,info@familymedicinenyc.com,weight-loss,MedSpa,A,HIGH,web,W2,websearch_direct,88
MS-0686,Skinly Aesthetics,New York,NY,USA,https://skinlyaesthetics.com,skinlyaesthetics.com,212-774-4264,info@skinlyaesthetics.com,weight-loss,MedSpa,A,HIGH,web,W2,websearch_direct,90
MS-0687,MD365,New York,NY,USA,https://md365.org,md365.org,631-772-4646,patientrelations@md365.org,weight-loss,MedSpa,A,HIGH,web,W2,websearch_direct,85
MS-0688,Dr. Jennifer Levine,New York,NY,USA,https://drjenniferlevine.com,drjenniferlevine.com,212-517-9400,,weight-loss,MedSpa,A,HIGH,web,W2,no_email_found,0
MS-0692,StudioMD Midtown,New York,NY,USA,https://thestudiomd.com,thestudiomd.com,212-355-0800,,hair-restoration,MedSpa,A,HIGH,web,W2,no_email_found,0
MS-0694,Le Parlour NYC,New York,NY,USA,https://leparlournyc.com,leparlournyc.com,347-387-7195,shelley@leparlournyc.com,bridal,MedSpa,A,HIGH,web,W2,websearch_direct,82
MS-0695,Bloomtime Aesthetics,New York,NY,USA,https://bloomtimeaesthetics.com,bloomtimeaesthetics.com,844-722-1601,info@bloomtimeaesthetics.com,bridal,MedSpa,A,HIGH,web,W2,websearch_direct,87
MS-0696,Bel Ange Med Spa,New York,NY,USA,https://belangemedspa.com,belangemedspa.com,855-594-4300,,bridal,MedSpa,A,HIGH,web,W2,no_email_found,0
MS-0697,SkinLab NYC,New York,NY,USA,https://skinlab-nyc.com,skinlab-nyc.com,212-925-9503,info@skinlab-nyc.com,bridal,MedSpa,A,HIGH,web,W2,websearch_direct,87
MS-0698,Bella Medspa,New York,NY,USA,https://bellamedspaonline.com,bellamedspaonline.com,484-341-8239,,bridal,MedSpa,A,HIGH,web,W2,no_email_found,0
MS-0699,Evolve Med Spa,New York,NY,USA,https://evolvemedspa.com,evolvemedspa.com,866-540-4533,,bridal,MedSpa,A,HIGH,web,W2,no_email_found,0
MS-1156,Alinea Medical Spa,New York,,USA,https://www.alineamedicalspa.com,alineamedicalspacom,646-476-5791,inquiries@alineamedical.com,acne,MedSpa,A,MEDIUM,websearch,W9,websearch_direct,85
MS-0689,Luxury Hair Suites,New York,NY,USA,https://luxuryhairsuites.com,luxuryhairsuites.com,(718) 880-4321,hello@luxuryhairsuites.com,hair-restoration,MedSpa,A,HIGH,web,W2,websearch_snippet,75
MS-0693,Dr. Senderoff Hair Transplant,New York,NY,USA,https://drsenderoff.com,drsenderoff.com,(212) 481-3939,info@drsenderoff.com,hair-restoration,MedSpa,A,HIGH,web,W2,websearch_snippet,80
B-W99-MS-0022,Novellus Aesthetics,Newcastle,,UK,https://novellusaesthetics.co.uk,novellusaesthetics.co.uk,+441916950450,info@novellusaesthetics.co.uk,injectables,MedSpa,A,92,websearch,W99-LaneB,websearch,92
B-W99-MS-0029,Nouvelle Cosmetics,Newcastle,NSW,Australia,https://nouvellecosmetics.com.au,nouvellecosmetics.com.au,+61488999968,hello@nouvellecosmetics.com.au,injectables,MedSpa,A,92,websearch,W99-LaneB,websearch,92
B-W103-MS-0021,Leslie Med Spa,Newmarket,ON,CAN,https://lesliemedspa.ca,,(905) 235-7770,info@lesliemedspa.ca,,,A,,,W103-LaneB,,
B-W103-MS-0011,Radiant Esthetics,Newport,RI,USA,https://radiantesthetics.com,,(401) 848-0022,radiantesthetics401@gmail.com,,,A,,,W103-LaneB,,
MS-0700,Newport Beach MedSpa,Newport Beach,CA,USA,https://www.newportbeachmedspa.com/,newportbeachmedspa.com,(949) 631-2800,info@newportbeachmedspa.com,general,MedSpa,A,MEDIUM,WebSearch,W1,websearch_email,80
MS-0705,Grey Aesthetics,Newport Beach,CA,USA,https://greyaestheticsoc.com/,greyaestheticsoc.com,(949) 418-7495,shannon@greyaesthetics.co,general,MedSpa,A,MEDIUM,WebSearch,W1,websearch_email,92
MS-0707,PCH MedSpa,Newport Beach,CA,USA,https://www.pchmedspa.com/,pchmedspa.com,(949) 242-9166,info@pchmedspa.com,general,MedSpa,A,MEDIUM,WebSearch,W1,websearch_email,80
MS-0712,Michael Yoo MD,Newport Beach,CA,USA,https://myoomd.com,myoomd.com,,info@myoomd.com,weight-loss,MedSpa,A,HIGH,web,W2,pattern_inferred,72
MS-0701,Beyond Beauty Medical Spa,Newport Beach,CA,USA,https://bbspamed.com/,bbspamed.com,949-203-3434,,general,MedSpa,A,MEDIUM,WebSearch,W1,websearch_phone_only,
MS-0702,Forever Ageless,Newport Beach,CA,USA,https://www.foreveragelessinc.com/,foreveragelessinc.com,949-553-0260,,general,MedSpa,A,MEDIUM,WebSearch,W1,websearch_phone_only,
MS-0703,Amy Berisha Aesthetics,Newport Beach,CA,USA,https://amyberishaaesthetics.com/,amyberishaaesthetics.com,949-887-2800,info@abaesthetics.com,general,MedSpa,A,MEDIUM,WebSearch,W1,websearch_snippet,82
MS-0706,Avesta Medical Spa,Newport Beach,CA,USA,https://avestamedspa.com/,avestamedspa.com,(949) 220-7002,info@avestamedspa.com,general,MedSpa,A,MEDIUM,WebSearch,W1,websearch_contact_page,82
MS-0710,BioSpa Medical Spa,Newport Beach,CA,USA,https://www.mybiospa.com/,mybiospa.com,(949) 732-3888,contact@mybiospa.com,general,MedSpa,A,MEDIUM,WebSearch,W1,websearch_contact_page,80
MS-0704,Beyond Newport Med Spa,Newport Beach,CA,USA,https://beyondnewport.com/,beyondnewport.com,(949) 270-6789,,general,MedSpa,A,MEDIUM,WebSearch,W1,websearch_phone_only,0
MS-0708,Newport Aesthetics,Newport Beach,CA,USA,https://www.newportaesthetics.com/,newportaesthetics.com,(949) 660-9972,,general,MedSpa,A,MEDIUM,WebSearch,W1,websearch_phone_only,0
MS-0709,Skin Society OC,Newport Beach,CA,USA,https://www.skinsocietyoc.com/,skinsocietyoc.com,(949) 214-4297,,general,MedSpa,A,MEDIUM,WebSearch,W1,websearch_phone_only,0
MS-0711,Biologi MD,Newport Beach,CA,USA,https://biologimd.com/,biologimd.com,(949) 942-1659,,general,MedSpa,A,MEDIUM,WebSearch,W1,websearch_phone_only,0
MS-0713,Newton Medical Aesthetics,Newton,MA,USA,https://www.newtonmedspa.com/,newtonmedspa.com,617-925-2855,,general,MedSpa,A,HIGH,websearch,W1,no_email_found,0
MS-0714,Dr. Renee Moran Medical Aesthetics,Newton,MA,USA,https://www.drmoranmedspa.com/,drmoranmedspa.com,617-631-3258,,general,MedSpa,A,HIGH,websearch,W1,no_email_found,0
MS-0717,Skin Tight Medical Spa Newton,Newton,MA,USA,https://skintightmedicalspa.com/,skintightmedicalspa.com,617-925-6874,,general,MedSpa,A,HIGH,websearch,W1,no_email_found,0
MS-0718,Dr. Hong Med Spa,Newton,MA,USA,https://drhongmedspa.com,drhongmedspa.com,617-202-6261,info@drhongmedspa.com,hair-restoration,MedSpa,A,HIGH,web,W2,websearch_direct,85
MS-0716,Newton Beauty,Newton,MA,USA,https://newtonbeauty.com/,newtonbeauty.com,(617) 272-0151,nancy@newtonbeauty.com,general,MedSpa,A,HIGH,websearch,W1,websearch_direct,80
MS-0715,MD Beauty Boston,Newton,MA,USA,https://www.mdbeautyboston.com/,mdbeautyboston.com,(617) 930-4117,,general,MedSpa,A,HIGH,websearch,W1,no_email_found,0
MS-0721,Niagara Elite Wellness Spa,Niagara Falls,ON,Canada,https://www.niagaraelitewellness.com/,niagaraelitewellness.com,905-358-0202,info@niagaraelitewellness.com,general,MedSpa,A,HIGH,WebSearch,W3,websearch_contact_page,82
MS-0722,MD Treatment Lounge Niagara,Niagara Falls,ON,Canada,https://mdtreatmentlounge.com/,mdtreatmentlounge.com,(905) 353-0707,info@mdtreatmentlounge.com,general,MedSpa,A,HIGH,WebSearch,W3,websearch_contact_page,82
MS-0719,SQIN Med & Wellness Clinic,Niagara Falls,ON,Canada,https://sqinmed.ca/,sqinmed.ca,+1 289-296-3400,,general,MedSpa,A,HIGH,WebSearch,W3,websearch_phone_only,0
MS-0720,Niagara Medical Esthetics,Niagara Falls,ON,Canada,https://niagaramedicalesthetics.ca/,niagaramedicalesthetics.ca,(905) 356-2871,,general,MedSpa,A,HIGH,WebSearch,W3,websearch_phone_only,0
MS-0723,Diosa Beauty Clinic Niagara,Niagara-on-the-Lake,ON,Canada,https://www.diosaclinic.com/,diosaclinic.com,(289) 302-4011,info@diosaclinic.com,general,MedSpa,A,HIGH,WebSearch,W3,websearch_contact_page,82
B-W102-MS-0013,The Beauty Spot MedSpa,North Haven,CT,US,https://www.thebeautyspotmedspa.com,,(475) 254-9435,,injectables; skin; facial-aesthetics,,A,,,W102-LaneB,,
MS-0724,Florida Weight Loss MD,North Miami,FL,USA,https://floridaweightlossmd.com,floridaweightlossmd.com,(954) 551-3508,,weight-loss,MedSpa,A,HIGH,web,W2,websearch_phone_only,0
MS-0725,c3 Aesthetics & Wellness,North Texas,TX,USA,https://c3aesthetics.com,c3aesthetics.com,(214) 457-3272,info@c3aesthetics.com,cryo,MedSpa,A,HIGH,WebSearch,W4,websearch_snippet,78
MS-0726,Medlife Aesthetics,North Vancouver,BC,Canada,https://www.medlifeaesthetics.com/,medlifeaesthetics.com,(604) 629-8904,medlifevan@gmail.com,general,MedSpa,A,HIGH,websearch,W1,websearch_snippet,78
MS-0727,Art of Lines MD,North Vancouver,BC,Canada,https://www.artoflinesmd.ca/,artoflinesmd.ca,(604) 973-1939,info@artoflinesmd.ca,general,MedSpa,A,HIGH,websearch,W1,websearch_contact_page,82
MS-0728,EverYoung Medical Aesthetic Centre,North Vancouver,BC,Canada,https://everyoungmed.com/,everyoungmed.com,(604) 265-7044,info@everyoungmed.com,general,MedSpa,A,HIGH,websearch,W1,websearch_snippet,78
MS-1138,Shirani Beauty Clinic,North Vancouver,,Canada,https://www.shiranibeauty.com,shiranibeautycom,604-398-8868,info@shiranibeauty.com,microblading,MedSpa,A,MEDIUM,websearch,W9,websearch_snippet,80
B-W99-MS-0017,Pure Aesthetics Nottingham,Nottingham,,UK,https://pureaesthetics.co.uk,pureaesthetics.co.uk,+441159502020,info@pureaesthetics.co.uk,skin,MedSpa,A,88,websearch,W99-LaneB,websearch,88
MS-0729,Fyxson Medical Aesthetics,Oakville,ON,Canada,https://fyxsonmedical.com/,fyxsonmedical.com,905-616-7550,info@fyxsonmedical.com,general,MedSpa,A,HIGH,websearch,W1,websearch_contact_page,82
MS-0731,Sun & Shade Med Spa,Oakville,ON,Canada,https://www.sunandshademedspa.com/,sunandshademedspa.com,(905) 827-2873,sunandshademedspa@gmail.com,general,MedSpa,A,HIGH,websearch,W1,websearch_snippet,78
MS-0733,The Pür Glow Medical Spa,Oakville,ON,Canada,https://www.thepurglow.com/,thepurglow.com,289-725-0934,info@thepurglow.com,general,MedSpa,A,HIGH,WebSearch,W3,websearch_contact_page,82
MS-0734,APT Medical Aesthetics,Oakville,ON,Canada,https://aptmedicalaesthetics.com/,aptmedicalaesthetics.com,(905) 849-8646,info@aptmedspa.com,general,MedSpa,A,HIGH,WebSearch,W3,websearch_snippet,78
MS-0735,Impact Cosmetics Oakville,Oakville,ON,Canada,https://www.impactcosmetic.com/,impactcosmetic.com,905-849-3800,info@impactcosmetic.com,general,MedSpa,A,HIGH,WebSearch,W3,websearch_contact_page,82
MS-0736,Oakville Dermatology & Aesthetics,Oakville,ON,Canada,https://www.oakvillederm.com/,oakvillederm.com,(905) 582-2299,info@oakvillederm.com,general,MedSpa,A,HIGH,WebSearch,W3,websearch_snippet,78
MS-0732,Rejuvenation Dermatology Oakville,Oakville,ON,Canada,https://oakville.rejuv.ca/,oakville.rejuv.ca,(416) 577-8359,,general,MedSpa,A,MEDIUM,websearch,W1,websearch_phone_only,0
MS-0730,Vivaderm Medical Aesthetics,Oakville,ON,Canada,https://www.vivaderm.ca/,vivaderm.ca,,info@vivaderm.ca,general,MedSpa,A,HIGH,websearch,W1,pattern_inferred_domain,65
MS-1232,RMAOK Radiance Medical Aesthetics,Oklahoma City,,USA,https://www.rmaok.com,rmaokcom,405-807-6265,,,MS,A,HIGH,websearch,W12,websearch_phone_only,0
MS-1233,RefineU Med Spa OKC,Oklahoma City,,USA,https://www.refineuokc.com,refineuokccom,405-369-8840,mitch@refineuokc.com,,MS,A,HIGH,websearch,W12,websearch_direct,85
MS-1234,LOU LOU Med Spa OKC,Oklahoma City,,USA,https://louloumedspa.com,louloumedspacom,(405) 774-1989,info@louloumedspa.com,,MS,A,HIGH,websearch,W12,websearch_direct,90
MS-1235,Wheeler Med Spa OKC,Oklahoma City,,USA,https://www.wheelermedspa.com,wheelermedspacom,405-464-1655,info@wheelermedspa.com,,MS,A,HIGH,websearch,W12,websearch_direct,90
MS-1236,H-MD Medical Spa OKC,Oklahoma City,,USA,https://h-md.com,hmdcom,(405) 463-5700,info@h-md.com,,MS,A,HIGH,websearch,W12,websearch_direct,88
MS-1237,The Medspa at 50th,Oklahoma City,,USA,https://m50medspa.com,m50medspacom,(405) 930-3772,m50medspa@gmail.com,,MS,A,HIGH,websearch,W12,websearch_direct,82
MS-1238,Upscale Wellness & MedSpa OKC,Oklahoma City,,USA,https://www.upscale-wellness.com,upscalewellnesscom,(405) 593-0277,info@upscale-wellness.com,,MS,A,HIGH,websearch,W12,websearch_direct,85
MS-0039,Ageless Skin Co,Omaha,NE,USA,https://www.agelessskinco.com/,agelessskinco.com,(402) 598-7449,info@agelessskinco.com,general,MedSpa,A,HIGH,Google Search,W4,,
MS-0737,Omaha Med Spa,Omaha,NE,USA,https://www.omahamedspa.com/,omahamedspa.com,(402) 614-5556,omahamedspa@gmail.com,general,MedSpa,A,MEDIUM,Google Search,W4,websearch_snippet,80
MS-0738,Laura Trapp Aesthetics,Omaha,NE,USA,https://lauratrappaesthetics.com/,lauratrappaesthetics.com,(480) 263-3738,Lauratrappaprn@gmail.com,general,MedSpa,A,MEDIUM,Google Search,W4,websearch_snippet,78
MS-0739,Mid City Med Aesthetics,Omaha,NE,USA,https://www.midcitymedspa.com/,midcitymedspa.com,(402) 934-5580,info@midcitymedspa.com,general,MedSpa,A,MEDIUM,Google Search,W4,websearch_snippet,85
MS-0740,Harmony Med Spa Omaha,Omaha,NE,USA,https://harmonymedspa.net/,harmonymedspa.net,(402) 915-6659,yourbestself@harmonymedspa.net,general,MedSpa,A,MEDIUM,Google Search,W4,websearch_snippet,85
MS-0741,Le Vibrance MedSpa Omaha,Omaha,NE,USA,https://www.levibrancemedspa.com/,levibrancemedspa.com,(402) 278-6588,levibrancemedspa@gmail.com,general,MedSpa,A,MEDIUM,Google Search,W4,websearch_snippet,78
MS-0742,Adore Med Spa Omaha,Omaha,NE,USA,https://www.adoremedspaomaha.com/,adoremedspaomaha.com,(402) 960-9886,,general,MedSpa,A,MEDIUM,Google Search,W4,websearch_snippet,0
MS-1242,Euphoria Health & Med Spa,Omaha,,USA,https://euphoria.health,euphoriahealth,(402) 885-7682,,,MS,A,HIGH,websearch,W12,websearch_phone_only,0
MS-1243,Omaha Face & Body Medical Spa,Omaha,,USA,https://www.omahaface.com,omahafacecom,,info@omahaface.com,,MS,A,HIGH,websearch,W12,pattern_inferred_domain,65
B-W104-MS-0014,NextGen Male Medical Clinic,Omaha,NE,USA,https://nextgenmalemedicalclinic.com,nextgenmalemedicalclinic.com,(402) 614-9700,service@nextgenmmc.com,men-focused,MedSpa,A,,WebSearch,W104-LaneB,website_scrape,
B-W103-MS-0040,Face First Medical Aesthetics & Wellness,Orillia,ON,CAN,https://www.facefirstinjectables.com/,,705-418-2903,info@facefirstinjectables.com,,,A,,,W103-LaneB,,
MS-0743,Luxe Med Spa Aesthetics,Orlando,FL,USA,https://www.luxemedspaaesthetics.com/,luxemedspaaesthetics.com,(407) 250-5145,info@luxemedspaaesthetics.com,general,MedSpa,A,HIGH,websearch,W1,websearch_direct,90
MS-0744,Vitality Aesthetic Orlando,Orlando,FL,USA,https://vitalityaesthetic.com/,vitalityaesthetic.com,(407) 315-1089,,general,MedSpa,A,HIGH,websearch,W1,websearch_phone_only,0
MS-0745,Vivify Aesthetics Medspa,Orlando,FL,USA,https://vivifyaestheticsmedspa.com/,vivifyaestheticsmedspa.com,(321) 470-8388,info@vivifyaestheticsmedspa.com,general,MedSpa,A,HIGH,websearch,W1,websearch_direct,88
MS-0746,Boutiq Clinic Orlando,Orlando,FL,USA,https://boutiqclinic.com/,boutiqclinic.com,(407) 777-2449,info@btqclinic.com,general,MedSpa,A,HIGH,websearch,W1,websearch_direct,85
MS-0747,The Phoenix Clinique,Orlando,FL,USA,https://www.phoenixclinique.com/,phoenixclinique.com,(407) 901-1808,info@phoenixclinique.com,general,MedSpa,A,HIGH,websearch,W1,websearch_direct,88
MS-0748,Aloha Aesthetics FL,Orlando,FL,USA,https://www.alohaaestheticsfl.com/,alohaaestheticsfl.com,+1(586)789-9117,theteam@alohaaestheticsfl.com,general,MedSpa,A,HIGH,websearch,W1,websearch_direct,85
MS-0749,Bijoux Medspa,Orlando,FL,USA,https://www.bijouxmedspa.com/,bijouxmedspa.com,(407) 213-4569,,general,MedSpa,A,HIGH,websearch,W1,websearch_phone_only,0
MS-0750,The Palm Medspa and Wellness,Orlando,FL,USA,https://thepalmmedspa.com/,thepalmmedspa.com,(407) 347-4770,info@thepalmmedspa.com,general,MedSpa,A,HIGH,websearch,W1,websearch_direct,90
MS-0751,Bloom Aesthetics Orlando,Orlando,FL,USA,https://www.bloomaestheticsfl.com/,bloomaestheticsfl.com,407-465-1995,,general,MedSpa,A,HIGH,websearch,W1,websearch_phone_only,0
MS-0752,Amore Medical Spa,Orlando,FL,USA,https://amoremedicalspa.com,amoremedicalspa.com,(407) 212-9532,,sexual-wellness,MedSpa,A,HIGH,WebSearch,W4,websearch_phone_only,0
B-W103-MS-0036,MediDerma Medical Spa,Oshawa,ON,CAN,https://medidermaspa.com/,,(905) 404-2220,info@medidermaspa.com,,,A,,,W103-LaneB,,
MS-0755,Sublime MediSpa,Ottawa,ON,Canada,https://sublimemedispa.com/,sublimemedispa.com,(613) 224-7086,info@sublimemedispa.com,general,MedSpa,A,HIGH,websearch,W1,websearch_email,85
MS-0756,The Aesthetic Lounge Ottawa,Ottawa,ON,Canada,https://theaestheticlounge.ca/,theaestheticlounge.ca,613-729-8086,info@theaestheticlounge.ca,general,MedSpa,A,HIGH,websearch,W1,websearch_email,85
MS-0758,BeautySekrets,Ottawa,ON,Canada,https://beautysekrets.com/,beautysekrets.com,(613) 203-0646,info@beautysekrets.com,general,MedSpa,A,HIGH,websearch,W1,websearch_email,85
MS-0753,GlowUp MediSpa,Ottawa,ON,Canada,https://glowupmedispa.ca/,glowupmedispa.ca,613-218-1936,glowupmedispa@gmail.com,general,MedSpa,A,HIGH,websearch,W1,websearch_direct,82
MS-0754,Ottawa Medical Spa,Ottawa,ON,Canada,https://ottawamedicalspa.ca/,ottawamedicalspa.ca,613-831-5005,kanata@ottawamedicalspa.ca,general,MedSpa,A,HIGH,websearch,W1,websearch_direct,80
MS-0757,ODC Medispa,Ottawa,ON,Canada,https://ottawadermcentre.com/odcmedispa/,ottawadermcentre.com,613-369-8369,appointments@ottawadermcentre.com,general,MedSpa,A,HIGH,websearch,W1,websearch_direct,82
MS-0759,Inskinity,Ottawa,ON,Canada,https://inskinity.ca/,inskinity.ca,613-262-5848,info@inskinity.ca,general,MedSpa,A,HIGH,websearch,W1,websearch_direct,90
MS-0760,Skin Logic Ottawa,Ottawa,ON,Canada,https://skinlogicottawa.com/,skinlogicottawa.com,613-728-6773,info@skinlogicottawa.com,general,MedSpa,A,HIGH,websearch,W1,websearch_direct,90
MS-0761,Refined Image Ottawa,Ottawa,ON,Canada,https://refinedimageottawa.com/,refinedimageottawa.com,613-725-5088,info@refinedimageottawa.com,general,MedSpa,A,HIGH,websearch,W1,websearch_direct,90
MS-0762,Dermaworks,Ottawa,ON,Canada,https://www.dermaworks.com/,dermaworks.com,(613) 667-9455,info@dermaworks.com,general,MedSpa,A,HIGH,websearch,W1,websearch_direct,88
MS-0763,Danesthetics Medical Design Clinic,Ottawa,ON,Canada,https://danestheticsmedical.com/,danestheticsmedical.com,613-614-4466,info@danestheticsmedical.com,general,MedSpa,A,HIGH,websearch,W1,websearch_direct,90
MS-0764,Capital Aesthetics,Ottawa,ON,Canada,https://www.capitalaesthetics.ca/,capitalaesthetics.ca,(613) 355-1455,info@capitalaesthetics.ca,general,MedSpa,A,HIGH,websearch,W1,websearch_direct,90
MS-0765,ElevateRx Medical Aesthetics,Ottawa,ON,Canada,https://www.elevaterx.ca/,elevaterx.ca,613-518-1942,info@elevaterx.ca,general,MedSpa,A,HIGH,websearch,W1,websearch_direct,90
MS-0766,You Derma Medical Aesthetics,Ottawa,ON,Canada,https://youderma.ca/,youderma.ca,(613) 741-0073,,general,MedSpa,A,HIGH,websearch,W1,websearch_phone_only,0
B-W102-MS-0008,Soundside Medical Aesthetics,Owen Sound,ON,Canada,https://soundsidemedicalaesthetics.ca,,(519) 447-4569,megan@soundsidemedicalaesthetics.ca,injectables; skin; facial-aesthetics,,A,,,W102-LaneB,,
MS-0767,CryoWellness Spa,Oxnard,CA,USA,https://cryospa805.com,cryospa805.com,(805) 394-0592,cryowellnessspa@icloud.com,cryo,MedSpa,A,HIGH,WebSearch,W4,websearch_direct,82
MS-0768,Palo Alto Laser and Skin Care,Palo Alto,CA,USA,https://paloaltolaser.com/,paloaltolaser.com,(650) 565-8683,,general,MedSpa,A,MEDIUM,WebSearch,W1,websearch_phone_only,0
MS-0769,Total Glow Med Spa,Palo Alto,CA,USA,https://www.totalglow.com/,totalglow.com,650-409-1200,,general,MedSpa,A,MEDIUM,WebSearch,W1,websearch_phone_only,0
MS-0770,L and P Aesthetics,Palo Alto,CA,USA,https://www.fortheface.com/,fortheface.com,(650) 327-3232,info@fortheface.com,general,MedSpa,A,MEDIUM,WebSearch,W1,websearch_direct,88
MS-0040,Vyla Aesthetics,Park City,UT,USA,https://www.vylaaesthetics.com/,vylaaesthetics.com,435-659-5968,,general,MedSpa,A,HIGH,Google Search,W4,,
MS-0771,Wellness and Esthetics PC,Park City,UT,USA,https://wellnessandesthetics.com/,wellnessandesthetics.com,(435) 631-2113,info@wellnessandesthetics.com,general,MedSpa,A,MEDIUM,Google Search,W4,websearch_snippet,80
MS-0772,Park City Medesthetix,Park City,UT,USA,https://parkcitymed.com/,parkcitymed.com,(435) 659-8830,info@parkcitymed.com,general,MedSpa,A,MEDIUM,Google Search,W4,websearch_snippet,85
B-W102-MS-0036,Exclusively Radiant MedSpa,Pearland,TX,US,https://ermedspa.com,,(713) 489-5784,info@ermedspa.com,injectables; body-contouring; weight-loss; skin,,A,,,W102-LaneB,,
B-W100-MS-0002,SOLISE MedSpa,Pensacola,FL,US,https://solisemedspa.com,solisemedspa.com,,solise@solisemedspa.com,injectables,MedSpa,A,85,WebSearch,W100-LaneB,manual-search,82
MS-0773,Senara Health and Healing,Peoria,IL,USA,https://www.experiencesenara.com,experiencesenara.com,(309) 233-0994,guestservices@experiencesenara.com,concierge,MedSpa,A,HIGH,WebSearch,W4,websearch_snippet,85
MS-1554,Absolute Cosmetic Medicine Perth,Perth,,Australia,https://www.absolutecosmetic.com.au,,+61 8 6330 1580,,injectables,MedSpa,A,,,W97-INTL,,
MS-1555,City Laser Clinic Perth,Perth,,Australia,https://www.citylaserclinic.com.au,,+61 8 9481 8891,perth@citylaserclinic.com.au,laser,MedSpa,A,,,W97-INTL,,
B-W99-MS-0013,Samara Aesthetics,Perth,WA,Australia,https://samaraaesthetics.com.au,samaraaesthetics.com.au,+611300726272,info@1300samara.com.au,facial-aesthetics,MedSpa,A,90,websearch,W99-LaneB,websearch,90
B-W99-MS-0032,Perth Aesthetics,Perth,WA,Australia,https://perthaesthetics.com,perthaesthetics.com,+61861112212,info@perthaesthetics.com,facial-aesthetics,MedSpa,A,92,websearch,W99-LaneB,websearch,92
MS-0774,Revive Medical Aesthetics,Philadelphia,PA,USA,https://www.revivephilly.com/,revivephilly.com,844-738-4832,info@revivephilly.com,general,MedSpa,A,HIGH,websearch,W1,websearch_direct,88
MS-0775,Citrine Glow Medispa,Philadelphia,PA,USA,https://www.citrineglowmedispa.com,citrineglowmedispa.com,215-964-3035,info@citrineglowmedispa.com,general,MedSpa,A,HIGH,websearch,W1,websearch_direct,88
MS-0776,KP Aesthetics,Philadelphia,PA,USA,https://www.kpaesthetics.com/,kpaesthetics.com,484-420-4094,info@kpaesthetics.com,general,MedSpa,A,HIGH,websearch,W1,websearch_direct,88
MS-0778,Dermacenter,Philadelphia,PA,USA,https://dermacenter.com/,dermacenter.com,215-735-7990,rkent@rwwc.com,general,MedSpa,A,HIGH,websearch,W1,websearch_snippet,70
MS-0779,Glow Lab MedSpa,Philadelphia,PA,USA,https://glowlabmedspa.net/,glowlabmedspa.net,215-632-0600,,general,MedSpa,A,HIGH,websearch,W1,no_email_found,0
MS-0780,Studio N MedSpa,Philadelphia,PA,USA,https://www.studionphilly.com/,studionphilly.com,267-586-4978,studio.n.inc@gmail.com,general,MedSpa,A,HIGH,websearch,W1,websearch_direct,75
MS-0781,Enigma MediSpa,Philadelphia,PA,USA,https://enigmamedispa.com/,enigmamedispa.com,215-717-7000,enigmamedispa@gmail.com,general,MedSpa,A,HIGH,websearch,W1,websearch_direct,78
MS-0782,Serenity AW Medspa,Philadelphia,PA,USA,https://serenityawmedspa.com/,serenityawmedspa.com,215-278-6638,info@serenityawmedspa.com,general,MedSpa,A,HIGH,websearch,W1,websearch_direct,88
MS-0783,Cryo Sculpt Revive,Philadelphia,PA,USA,https://www.cryosculptrevive.com,cryosculptrevive.com,610-875-6471,info@cryosculptrevive.com,cryo,MedSpa,A,HIGH,WebSearch,W4,websearch_direct,87
MS-0777,4Ever Young Philadelphia,Philadelphia,PA,USA,https://4everyoungantiaging.com/philadelphia/,4everyoungantiaging.com,(215) 660-3189,info@4everyoungcentercityphilly.com,general,MedSpa,A,HIGH,websearch,W1,websearch_direct,85
MS-0784,Phoenix Medspa,Phoenix,AZ,USA,https://phxmedspa.com/,phxmedspa.com,(480) 326-7477,PhxMedspa@gmail.com,general,MedSpa,A,MEDIUM,WebSearch,W1,websearch_email,72
MS-0785,Rise Aesthetics,Phoenix,AZ,USA,https://riseaesthetics.co/,riseaesthetics.co,(623) 252-5729,jmdgate@gmail.com,general,MedSpa,A,MEDIUM,WebSearch,W1,websearch_email,70
MS-0788,Suddenly Slimmer Med Spa,Phoenix,AZ,USA,https://www.suddenlyslimmer.com/,suddenlyslimmer.com,(602) 952-8446,info@suddenlyslimmer.com,general,MedSpa,A,MEDIUM,WebSearch,W1,websearch_email,75
MS-0789,Sweet Skin Medspa,Phoenix,AZ,USA,https://www.sweetskinphx.com/,sweetskinphx.com,(602) 825-1746,swtskin@yahoo.com,general,MedSpa,A,MEDIUM,WebSearch,W1,websearch_email,70
MS-0786,Zensken Med Spa,Phoenix,AZ,USA,https://www.zensken.com/,zensken.com,(623) 824-1727,info@zensken.com,general,MedSpa,A,MEDIUM,WebSearch,W1,websearch_snippet,82
MS-0790,Paradise Medspa,Phoenix,AZ,USA,https://paradisemedspa.com/,paradisemedspa.com,(602) 266-8144,feelpretty@paradisemedspa.com,general,MedSpa,A,MEDIUM,WebSearch,W1,websearch_snippet,88
MS-0791,Innova MedSpa,Phoenix,AZ,USA,https://inmedspa.com/,inmedspa.com,(602) 973-1774,info@inmedspa.com,general,MedSpa,A,MEDIUM,WebSearch,W1,websearch_snippet,82
MS-0792,All About Me Medical Aesthetics,Phoenix,AZ,USA,https://allaboutmeaz.com/,allaboutmeaz.com,(480) 750-1905,,general,MedSpa,A,MEDIUM,WebSearch,W1,websearch_snippet,0
MS-0793,TMA Medspa,Phoenix,AZ,USA,https://tmamedspa.com/,tmamedspa.com,(602) 354-3100,tmamedspa329@gmail.com,general,MedSpa,A,MEDIUM,WebSearch,W1,websearch_snippet,72
MS-0794,Beso Wellness & Beauty,Phoenix,AZ,USA,https://besowb.com,besowb.com,(480) 447-8166,,mens,MedSpa,A,HIGH,web,W2,websearch_snippet,0
MS-0795,Med 44 Arcadia,Phoenix,AZ,USA,https://med44arcadia.com,med44arcadia.com,(602) 883-4313,house@med44arcadia.com,weight-loss,MedSpa,A,HIGH,web,W2,websearch_snippet,85
MS-0796,Valley Medical Weight Loss,Phoenix,AZ,USA,https://valleymedicalweightloss.com,valleymedicalweightloss.com,(602) 441-3305,,weight-loss,MedSpa,A,HIGH,web,W2,websearch_snippet,0
MS-0787,AZ Laser Studio and Medspa,Phoenix,AZ,USA,https://azlaserstudiomedspa.com/,azlaserstudiomedspa.com,(480) 450-4809,,general,MedSpa,A,MEDIUM,WebSearch,W1,websearch_phone_only,0
MS-1127,Touch Advanced Aesthetics,Phoenix,,USA,https://touchadvancedaesthetics.com,touchadvancedaestheticscom,(623) 777-2022,hello@touchadvancedaesthetics.com,tattoo-removal,MedSpa,A,MEDIUM,websearch,W9,websearch_direct,85
MS-1178,Rouge and Wright Phoenix,Phoenix,,USA,https://rougeandwright.com,rougeandwrightcom,(602) 847-9500,info@rougeandwright.com,vitamin-iv,MedSpa,A,MEDIUM,websearch,W9,websearch_direct,88
MS-1179,Oasis Med Spa Phoenix,Phoenix,,USA,https://oasismedspaaz.com,oasismedspaazcom,480-877-0100,info@oasismedspaaz.com,vitamin-iv,MedSpa,A,MEDIUM,websearch,W9,websearch_direct,88
MS-1180,Units Injection Spa Phoenix,Phoenix,,USA,https://unitsinjectionspa.com,unitsinjectionspacom,(602) 730-0751,unitsinjectionspa@gmail.com,vitamin-iv,MedSpa,A,MEDIUM,websearch,W9,websearch_direct,85
MS-1188,Phoenix Tattoo Removal,Phoenix,,USA,https://phoenixtattooremoval.com,phoenixtattooremovalcom,602-802-8800,hello@phoenixtattooremoval.com,tattoo-removal,MedSpa,A,MEDIUM,websearch,W9,websearch_direct,85
MS-0798,Pittsburgh Aesthetics Med Spa,Pittsburgh,PA,USA,https://pghaesthetics.com,pghaesthetics.com,(412) 789-6739,contactus@pghaesthetics.com,general,MedSpa,A,HIGH,WebSearch,W3,websearch_email,90
MS-0799,The Beauty Haven Medspa Pittsburgh,Pittsburgh,PA,USA,https://www.thebeautyhavenmedspa.com,thebeautyhavenmedspa.com,(412) 587-1698,info@thebeautyhavenmedspa.com,general,MedSpa,A,HIGH,WebSearch,W3,websearch_email,90
MS-0801,Avere Beauty Pittsburgh,Pittsburgh,PA,USA,https://www.averebeauty.com,averebeauty.com,(412) 952-7592,info@averebeauty.com,general,MedSpa,A,HIGH,WebSearch,W3,websearch_email,90
MS-0797,MedSpa Pittsburgh,Pittsburgh,PA,USA,https://medspapgh.com,medspapgh.com,(412) 373-9580,info@medspapgh.com,general,MedSpa,A,HIGH,WebSearch,W3,domain_pattern,75
MS-0800,Viva Skin Lounge Pittsburgh,Pittsburgh,PA,USA,https://vivaskinlounge.com,vivaskinlounge.com,412-401-7793,,general,MedSpa,A,HIGH,WebSearch,W3,websearch_phone_only,0
MS-1248,Radiance at Fluhme,Pittsburgh,,USA,https://radianceatfluhme.com,radianceatfluhmecom,(412) 886-5382,radianceatfluhme@gmail.com,,MS,A,HIGH,websearch,W12,websearch_direct,82
MS-0802,MedSpa 33,Plano,TX,USA,https://www.medspa33.com/,medspa33.com,(469) 953-3812,,general,MedSpa,A,HIGH,websearch,W1,websearch_phone_only,0
MS-0803,Aesthetic Collective Plano,Plano,TX,USA,https://ac-plano.com/,ac-plano.com,(469) 829-2975,,general,MedSpa,A,HIGH,websearch,W1,websearch_phone_only,0
MS-0804,U Med Spa,Plano,TX,USA,https://www.umedspa.com/,umedspa.com,(972) 636-6299,contact@umedspa.com,general,MedSpa,A,HIGH,websearch,W1,websearch_direct,88
MS-0805,S Glowic MedSpa,Plano,TX,USA,https://sglowic.com/,sglowic.com,(817) 258-1879,chad@sglowic.com,general,MedSpa,A,HIGH,websearch,W1,websearch_direct,82
MS-0806,InjectCo,Plano,TX,USA,https://injectco.com/,injectco.com,(972) 430-9297,,general,MedSpa,A,HIGH,websearch,W1,websearch_phone_only,0
MS-0807,Starwood Med Spa,Plano,TX,USA,https://starwoodmedspa.com/,starwoodmedspa.com,(469) 213-7999,info@starwoodmedspa.com,general,MedSpa,A,HIGH,websearch,W1,websearch_direct,88
MS-0808,The Riegel Center,Plano,TX,USA,https://theriegelcenter.com,theriegelcenter.com,972-612-9977,info@theriegelcenter.com,hrt,MedSpa,A,HIGH,web,W2,websearch_direct,88
B-W100-MS-0015,Fresh Medical Aesthetics,Plymouth,,UK,https://freshmedicalaesthetics.com,freshmedicalaesthetics.com,(774) 454-4934,info@freshmedicalaesthetics.com,injectables,MedSpa,A,80,WebSearch,W100-LaneB,manual-search,78
B-W104-MS-0001,Ketamine Wellness Clinic of South Florida,Pompano Beach,FL,USA,https://ketamineclinicsouthflorida.com,ketamineclinicsouthflorida.com,(954) 320-4944,contact@ketamineclinicsouthflorida.com,ketamine,MedSpa,A,,WebSearch,W104-LaneB,website_scrape,
MS-0809,Aura Aesthetics,Portland,OR,USA,https://www.aurapdx.com/,aurapdx.com,(971) 232-9232,Hello@aurapdx.com,general,MedSpa,A,MEDIUM,WebSearch,W1,websearch_email,82
MS-0812,Limelight Medical Aesthetics,Portland,OR,USA,https://www.limelightmedicalaesthetics.com/,limelightmedicalaesthetics.com,(971) 808-4759,info@limelightmedicalaesthetics.com,general,MedSpa,A,MEDIUM,WebSearch,W1,websearch_email,80
MS-0813,Fresh Faces RX,Portland,OR,USA,https://freshfacesrx.com/,freshfacesrx.com,(503) 880-5755,info@freshfacesrx.com,general,MedSpa,A,MEDIUM,WebSearch,W1,websearch_email,80
MS-0814,Refreshed MD,Portland,OR,USA,https://refreshedmd.com/,refreshedmd.com,(503) 208-6479,hello@refreshedmd.com,general,MedSpa,A,MEDIUM,WebSearch,W1,websearch_email,85
MS-1113,Soleil Medical and Beauty Spa,Portland,,USA,https://soleilmedicalspapdx.com,soleilmedicalspapdxcom,(503) 244-7717,info@soleilmedicalspa.com,prp,MedSpa,A,HIGH,websearch,W9,,
MS-1122,Prime Med Spa PDX,Portland,,USA,https://primemedspapdx.com,primemedspapdxcom,(971) 777-0303,infoprimemedspa@gmail.com,body-sculpting,MedSpa,A,HIGH,websearch,W9,,
MS-1128,Cascade Medical Spa,Portland,,USA,https://tattooremovalportlandor.com,tattooremovalportlandorcom,(503) 610-0562,,tattoo-removal,MedSpa,A,HIGH,websearch,W9,,
MS-0810,Cosmetiq Medicine,Portland,OR,USA,https://cosmetiqmedicine.com/,cosmetiqmedicine.com,503-572-2675,cosmetiqMedicine@gmail.com,general,MedSpa,A,MEDIUM,WebSearch,W1,websearch_snippet,72
MS-0811,Riviere Med Spa,Portland,OR,USA,https://rivierespa.com,rivierespa.com,503-974-6979,help@rivierespa.com,general,MedSpa,A,MEDIUM,WebSearch,W1,websearch_snippet,85
MS-0815,Amelie Med Spa,Portland,OR,USA,https://www.ameliemedspa.com/,ameliemedspa.com,503-673-3893,cheers@ameliemedspa.com,general,MedSpa,A,MEDIUM,WebSearch,W1,websearch_snippet,82
MS-0816,Komal Aesthetics and Wellness,Portland,OR,USA,https://www.komalaestheticsandwellness.com/,komalaestheticsandwellness.com,503-476-1348,info@komalaesthetics.com,general,MedSpa,A,MEDIUM,WebSearch,W1,websearch_snippet,80
MS-0817,Renew Aesthetic Clinic,Portland,OR,USA,https://renewaestheticclinic.com/,renewaestheticclinic.com,503-208-2999,Admin@renewaestheticclinic.com,general,MedSpa,A,MEDIUM,WebSearch,W1,websearch_snippet,78
MS-0818,Meraki Med Aesthetics,Portland,OR,USA,https://merakimedaesthetics.com/,merakimedaesthetics.com,503-344-4365,,general,MedSpa,A,MEDIUM,WebSearch,W1,websearch_phone_only,
MS-0819,In My Own Skin MedSpa,Portland,OR,USA,https://www.inmyownskinmedspa.com/,inmyownskinmedspa.com,503-699-6464,,general,MedSpa,A,MEDIUM,WebSearch,W1,websearch_phone_only,
MS-0820,Quenby's Aesthetic and Wellness,Portland,OR,USA,https://quenbyswellnesscenter.com/,quenbyswellnesscenter.com,503-303-5472,info@QuenbysWellnessCenter.com,general,MedSpa,A,MEDIUM,WebSearch,W1,websearch_snippet,80
MS-0821,MOTOX Skin Science,Portland,ME,USA,https://motoxskinscience.com,motoxskinscience.com,207-200-4380,info@motoxskinscience.com,general,MedSpa,A,HIGH,WebSearch,W3,websearch_snippet,78
MS-1169,Beeson Wellness Portland,Portland,,USA,https://beesonwellness.com,beesonwellnesscom,503-238-7025,info@beesonwellness.com,prp,MedSpa,A,MEDIUM,websearch,W9,websearch_snippet,75
MS-1189,Take It Off PDX,Portland,,USA,https://www.takeitoffpdx.com,takeitoffpdxcom,503-719-4396,contact@takeitoffpdx.com,tattoo-removal,MedSpa,A,MEDIUM,websearch,W9,websearch_snippet,82
MS-1389,Esthetic MedSpa Portland,Portland,,USA,https://www.portlandesthetic.com,,(207) 618-5792,,,MedSpa,A,,,W96,,
MS-1390,Bevara Med Spa,Portland,,USA,https://bevaramedspa.com,,(207) 544-6285,,,MedSpa,A,,,W96,,
B-W104-MS-0025,SANTÉ Aesthetics & Regenerative Medicine,Portland,OR,USA,https://santepdx.com,santepdx.com,(971) 407-3066,info@santepdx.com,regenerative,MedSpa,A,,WebSearch,W104-LaneB,website_scrape,
B-W103-MS-0010,About Face Medical Aesthetics,Portsmouth,NH,USA,https://aboutfacenh.com,,(603) 580-5296,,,,A,,,W103-LaneB,,
MS-0822,Vitality Natural Wellness and Medspa,Powell,OH,USA,https://practice.gainswave.com/vitality-natural-wellness-and-medspa,practice.gainswave.com,(614) 717-1767,info@vitalitynaturalwellness.com,sexual-wellness,MedSpa,A,HIGH,WebSearch,W4,websearch_snippet,82
B-W102-MS-0009,North Country Massage & Medi Spa,Prince Albert,SK,Canada,https://www.northcountrymedispa.com,,(306) 922-2255,,injectables; skin; wellness,,A,,,W102-LaneB,,
MS-0823,Allura Medical Esthetics,Providence,RI,USA,https://alluramedesthetics.com,alluramedesthetics.com,401-309-8227,info@alluramedesthetics.com,general,MedSpa,A,HIGH,WebSearch,W3,websearch_direct,90
MS-0825,Spa No 5,Providence,RI,USA,https://www.spa-five.com,spa-five.com,(401) 240-0186,info@spa-five.com,general,MedSpa,A,HIGH,WebSearch,W3,websearch_direct,88
MS-0826,Balencia Medspa,Providence,RI,USA,https://balenciamd.com,balenciamd.com,(401) 599-0202,hello@balenciamd.com,general,MedSpa,A,HIGH,WebSearch,W3,websearch_email_found,75
MS-0827,Sola Vie Aesthetics,Providence,RI,USA,https://www.sola-vie.com,sola-vie.com,(401) 241-3852,sola@sola-vie.com,general,MedSpa,A,HIGH,WebSearch,W3,websearch_email_found,80
MS-0828,Simply Injectables,Providence,RI,USA,https://simplyinjectables.com,simplyinjectables.com,(401) 648-7475,info@simplyinjectables.com,general,MedSpa,A,HIGH,WebSearch,W3,websearch_email_found,82
MS-0829,Face First RI,Providence,RI,USA,https://facefirst-ri.com,facefirst-ri.com,(401) 556-0605,jane@facefirst-ri.com,general,MedSpa,A,HIGH,WebSearch,W3,websearch_email_found,75
MS-0830,SeaMist MedSpa,Providence,RI,USA,https://seamistmedspa.com,seamistmedspa.com,(401) 782-2400,info@seamistmedspa.com,general,MedSpa,A,HIGH,WebSearch,W3,websearch_email_found,82
MS-1271,BIO Medspa Rhode Island,Providence,,USA,https://www.thebiomedspa.com,thebiomedspacom,(774) 400-4842,,,MS,A,HIGH,websearch,W12,websearch_phone_only,0
MS-1272,Victory Medical Spa Rhode Island,Providence,,USA,https://victorymedspa.com,victorymedspacom,(401) 458-0825,victorymedspa@gmail.com,,MS,A,HIGH,websearch,W12,websearch_email_found,72
MS-0824,SkinLab RI,Providence,RI,USA,https://www.skinlabri.com,skinlabri.com,,info@skinlabri.com,general,MedSpa,A,HIGH,WebSearch,W3,pattern_inferred_domain,65
MS-1273,Skin Deep Med Spa Providence,Providence,,USA,https://www.skindeepmedspa.com,skindeepmedspacom,(440) 268-6100,info@skindeepmedspa.com,,MS,A,HIGH,websearch,W12,websearch_snippet,70
MS-0831,Clinique Cinq Sens,Quebec City,QC,Canada,https://cinqsens.ca/,cinqsens.ca,(581) 981-3300,info@cinqsens.ca,general,MedSpa,A,HIGH,WebSearch,W3,websearch_email_found,82
MS-0832,Dre Cynthia Clinique,Quebec City,QC,Canada,https://www.drecynthia.com/,drecynthia.com,(418) 929-6262,info@drecynthia.com,general,MedSpa,A,HIGH,WebSearch,W3,websearch_email_found,78
MS-0833,Clinique Ekinoxe,Quebec City,QC,Canada,https://cliniqueekinoxe.ca/,cliniqueekinoxe.ca,(418) 661-8278,info@cliniqueekinoxe.ca,general,MedSpa,A,HIGH,WebSearch,W3,websearch_email_found,82
MS-0834,Laser and Skin Care MedSpa Red Deer,Red Deer,AB,Canada,https://laserskincaremedspa.ca/,laserskincaremedspa.ca,(403) 347-8050,,general,MedSpa,A,HIGH,WebSearch,W3,websearch_phone_only,0
MS-0835,Aesthetic Solutions Red Deer,Red Deer,AB,Canada,https://www.aestheticsolutionsreddeer.ca/,aestheticsolutionsreddeer.ca,(403) 346-3376,reddeer@aestheticsolutions.ca,general,MedSpa,A,HIGH,WebSearch,W3,websearch_email_found,75
MS-0836,Hebe Beauty Bar Red Deer,Red Deer,AB,Canada,https://www.hebebeautybar.ca/,hebebeautybar.ca,(403) 986-6388,info@hebebeautybar.ca,general,MedSpa,A,HIGH,WebSearch,W3,websearch_email_found,82
MS-0837,TayTen Cosmetic Regina,Regina,SK,Canada,https://www.taytencosmetic.com/,taytencosmetic.com,(306) 525-5188,info@taytencosmetics.com,general,MedSpa,A,HIGH,WebSearch,W3,websearch_email_found,72
MS-0838,INVU Skin Regina,Regina,SK,Canada,https://invuskin.com/,invuskin.com,(306) 522-1078,hello@invuskin.com,general,MedSpa,A,HIGH,WebSearch,W3,websearch_email_found,82
MS-0839,Face First Medical Aesthetics,Regina,SK,Canada,https://facefirstregina.com/,facefirstregina.com,(306) 539-4408,facefirstmedicalaesthetics@gmail.com,general,MedSpa,A,HIGH,WebSearch,W3,websearch_email_found,72
MS-0840,Nu Image Medical Aesthetics Regina,Regina,SK,Canada,https://nuimage.ca/,nuimage.ca,(306) 790-8500,info@nuimage.ca,general,MedSpa,A,HIGH,WebSearch,W3,websearch_email_found,82
MS-0841,Head + Heart Skin Studio,Regina,SK,Canada,https://hhskinstudio.ca/,hhskinstudio.ca,(306) 721-7529,headheartskin@gmail.com,general,MedSpa,A,HIGH,WebSearch,W3,websearch_email_found,72
MS-1281,PUR Med Spa Regina,Regina,,Canada,https://thepurmedspa.ca,thepurmedspaca,(639) 535-1965,thepurmedspa@gmail.com,,MS,A,HIGH,websearch,W12,websearch_email_found,72
MS-0041,Ritual Aesthetics Reno,Reno,NV,USA,https://ritualrenonv.com/,ritualrenonv.com,(775) 221-7171,,general,MedSpa,A,HIGH,Google Search,W4,,
MS-0843,Renovation A Medical Spa,Reno,NV,USA,https://renovationmedicalspa.com,renovationmedicalspa.com,(775) 348-4772,renovation@riveplasticsurgery.com,general,MedSpa,A,HIGH,WebSearch,W3,websearch_email,88
MS-0844,Reno Sparks MedSpa,Reno,NV,USA,https://renosparksmedspa.com,renosparksmedspa.com,775-358-1717,info@renosparksmedspa.com,general,MedSpa,A,HIGH,WebSearch,W3,websearch_email,90
MS-0846,Bella Grey Medical Spa,Reno,NV,USA,https://bellagreymedspa.com,bellagreymedspa.com,(775) 453-1955,info@bellagreymedspa.com,general,MedSpa,A,HIGH,WebSearch,W3,websearch_email,90
MS-0842,RenewMD Medical Spa,Reno,NV,USA,https://renewmd.com,renewmd.com,(775) 852-4500,,general,MedSpa,A,HIGH,WebSearch,W3,websearch_snippet,0
MS-0845,Med Spa NV,Reno,NV,USA,https://www.medspanv.com,medspanv.com,(775) 360-4177,,general,MedSpa,A,HIGH,WebSearch,W3,websearch_snippet,0
MS-0847,Primrose Medical Boutique,Reno,NV,USA,https://www.primrosereno.com,primrosereno.com,(775) 741-2133,Khashimotoaprn@gmail.com,general,MedSpa,A,HIGH,WebSearch,W3,websearch_snippet,70
MS-0848,The Beauty Collective Reno,Reno,NV,USA,https://www.injectiongal.com,injectiongal.com,(775) 451-7480,info@injectiongal.com,general,MedSpa,A,HIGH,WebSearch,W3,websearch_snippet,85
MS-0849,Reno Tahoe Medical Spa,Reno,NV,USA,https://renotahoemedicalspa.com,renotahoemedicalspa.com,(775) 900-7761,,general,MedSpa,A,HIGH,WebSearch,W3,websearch_snippet,0
MS-0850,Skin Lab Medspa Reno,Reno,NV,USA,https://skinlabnv.com/,skinlabnv.com,(,,general,MedSpa,A,MEDIUM,Google Search,W4,websearch_snippet,0
MS-0851,Magnetic Aesthetics,Reno,NV,USA,https://magneticaesthetics.com,magneticaesthetics.com,(775) 558-7301,info@magneticaesthetics.com,duo,MedSpa,A,HIGH,WebSearch,W4,websearch_snippet,85
B-W100-MS-0004,Aesthetics Med Spa,Reno,NV,US,https://aestheticsmedspa.com,aestheticsmedspa.com,(775) 825-1586,,laser,MedSpa,A,82,WebSearch,W100-LaneB,manual-search,80
MS-0852,Revee Aesthetics,Richmond,VA,USA,https://www.myrevee.com,myrevee.com,(804) 270-5920,clientsupport@myrevee.com,general,MedSpa,A,HIGH,WebSearch,W3,websearch_email_found,78
MS-0853,Dermlounge Richmond,Richmond,VA,USA,https://www.medicalspavirginia.com,medicalspavirginia.com,(804) 302-5502,,general,MedSpa,A,HIGH,WebSearch,W3,websearch_phone_only,0
B-W99-MS-0021,Cassie Lane Med Spa,Richmond,VA,USA,https://cassielane.com,cassielane.com,+18042565115,,injectables,MedSpa,A,73,websearch,W99-LaneB,websearch,73
MS-0854,Enhanced Wellness Living,Ridgeland,MS,USA,https://enhancedwellnessliving.com,enhancedwellnessliving.com,(601) 364-1132,EWLiving.Info@Gmail.com,sexual-wellness,MedSpa,A,HIGH,WebSearch,W4,websearch_email_found,72
MS-0855,The Beauty Medics,Riverside,CA,USA,https://www.thebeautymedics.com,thebeautymedics.com,(951) 231-1373,Contact@thebeautymedics.com,general,MedSpa,A,HIGH,WebSearch,W3,websearch_email_found,82
MS-0856,Bloom Aesthetics Riverside,Riverside,CA,USA,https://bloomriversideca.com,bloomriversideca.com,(951) 481-9659,Bloomaestheticsriverside@gmail.com,general,MedSpa,A,HIGH,WebSearch,W3,websearch_email_found,72
MS-0857,Skin Clinic Med Spa Riverside,Riverside,CA,USA,https://skinclinicmedspa.com,skinclinicmedspa.com,(951) 666-0681,skinclinic@skinclinicmedspa.com,general,MedSpa,A,HIGH,WebSearch,W3,websearch_email_found,85
MS-0042,Medspa Divine Rochester,Rochester,MN,USA,https://www.medspadivine.com/,medspadivine.com,(507) 258-6553,office@medspadivine.com,general,MedSpa,A,HIGH,Google Search,W4,,
MS-0859,Ageless Esthetics Medspa MN,Rochester,MN,USA,https://www.agelessestheticsmedspamn.com/,agelessestheticsmedspamn.com,(507) 206-6217,info@agelessestheticsmedspamn.com,general,MedSpa,A,MEDIUM,Google Search,W4,websearch_snippet,82
MS-0860,The Longevity Lab MN,Rochester,MN,USA,https://www.longevitylabmn.com/,longevitylabmn.com,(507) 208-4400,contactus@longevitylabmn.com,general,MedSpa,A,MEDIUM,Google Search,W4,websearch_snippet,85
MS-0858,Monroe MedSpa Rochester,Rochester,NY,USA,https://www.monroemedspa.com,monroemedspa.com,(585) 405-5000,info@monroemedspa.com,general,MedSpa,A,HIGH,WebSearch,W3,websearch_email_found,82
B-W101-MS-0057,CQ Aesthetics,Rockhampton,QLD,Australia,http://cqaesthetics.com.au,cqaesthetics.com.au,,info@cqaesthetics.com.au,injectables,MedSpa,A,high,web-search,W101-LaneB,direct-search,high
B-W102-MS-0004,Chan Ramos MedSpa,Round Rock,TX,US,https://chanramos.com,,(512) 766-8707,(512) 766-8707,injectables,,A,,,W102-LaneB,,
B-W104-MS-0017,Gilded Glow Aesthetics,Russellville,AR,USA,https://www.gildedglowaesthetics.com,gildedglowaesthetics.com,(479) 857-1598,samanthacNP831@gmail.com,injectables,MedSpa,A,,WebSearch,W104-LaneB,website_scrape,
MS-1193,Angell Medical Spa,Sacramento,,USA,https://angellmedicalspa.com,angellmedicalspacom,(916) 905-2372,,,MS,A,HIGH,websearch,W12,,
MS-1194,Rouge Medical Spa,Sacramento,,USA,https://rougemedicalspa.com,rougemedicalspacom,(916) 891-5159,,,MS,A,HIGH,websearch,W12,,
MS-0861,The Lip Fairy Beauty Bar,Sacramento,CA,USA,https://thelipfairy.com,thelipfairy.com,(916) 800-2414,hello@thelipfairy.com,general,MedSpa,A,HIGH,WebSearch,W3,websearch_email_found,82
MS-0862,Organic Skin Studio,Sacramento,CA,USA,https://organicskinstudio.com,organicskinstudio.com,(916) 481-3030,,general,MedSpa,A,HIGH,WebSearch,W3,websearch_phone_only,0
MS-0863,Medspa of Sacramento,Sacramento,CA,USA,https://medspaofsacramento.com,medspaofsacramento.com,(916) 430-5014,email@MedspaofSacramento.com,general,MedSpa,A,HIGH,WebSearch,W3,websearch_email_found,78
MS-0864,Pretty Please Aesthetics,Sacramento,CA,USA,https://www.prettypleaseaesthetics.com,prettypleaseaesthetics.com,(916) 287-1725,Info@prettypleaseaesthetics.com,general,MedSpa,A,HIGH,WebSearch,W3,websearch_email_found,82
MS-0865,Vital Glow Medspa,Sacramento,CA,USA,https://www.vitalglowmedspa.com,vitalglowmedspa.com,(916) 957-2333,VGMedspa@gmail.com,general,MedSpa,A,HIGH,WebSearch,W3,websearch_email_found,72
MS-0866,Revive Med Spa of Sacramento,Sacramento,CA,USA,https://revivemedspaofsacramento.com,revivemedspaofsacramento.com,(813) 389-5596,,general,MedSpa,A,MEDIUM,WebSearch,W3,websearch_phone_only,0
MS-1195,Younger You Aesthetics,Sacramento,,USA,https://youngeryouaesthetics.com,youngeryouaestheticscom,(916) 216-4879,info@youngeryouaesthetics.com,,MS,A,HIGH,websearch,W12,websearch_email_found,82
MS-0867,Capitol Cryo Medspa,Salem,OR,USA,https://www.capitolcryo.co,capitolcryo.co,(971) 301-2796,capitolcryosalem@gmail.com,cryo,MedSpa,A,HIGH,WebSearch,W4,websearch_email_found,72
B-W100-MS-0022,Bella Rose Medispa,Salem,OR,US,https://bellarosemedispa.com,bellarosemedispa.com,(503) 585-7673,,wellness,MedSpa,A,82,WebSearch,W100-LaneB,manual-search,80
B-W101-MS-0029,The Medi Spa at Ridgewood Hill,Salem,VA,USA,https://medispava.com,medispava.com,(540) 384-5248,,laser,MedSpa,A,high,web-search,W101-LaneB,direct-search,high
B-W102-MS-0037,SLA Medical,Salford,,UK,https://slamedical.co.uk,,(0161) 691-9411,,injectables; anti-aging; skin; laser,,A,,,W102-LaneB,,
MS-0043,Rise Rejuvenation Center,Salt Lake City,UT,USA,https://www.riserejuvenationcenter.com/,riserejuvenationcenter.com,801-707-2666,info@riserejuvenationcenter.com,general,MedSpa,A,HIGH,Google Search,W4,,
MS-0872,RO Aesthetics SLC,Salt Lake City,UT,USA,https://roaesthetics.com/,roaesthetics.com,801-233-8778,contact@roaesthetics.com,general,MedSpa,A,MEDIUM,Google Search,W4,websearch_email,90
MS-0873,Modern SLC Med Spa,Salt Lake City,UT,USA,https://modernslc.com/,modernslc.com,801-516-8884,info@modernslc.com,general,MedSpa,A,MEDIUM,Google Search,W4,websearch_email,90
MS-0874,22 Spa MD,Salt Lake City,UT,USA,https://22spamd.com/,22spamd.com,(385) 390-3493,info@22spamd.com,general,MedSpa,A,MEDIUM,Google Search,W4,websearch_email,85
MS-0868,SLC Med Spa,Salt Lake City,UT,USA,https://www.slcmedspa.com/,slcmedspa.com,(801) 419-0551,info@slcmedspa.com,general,MedSpa,A,MEDIUM,Google Search,W4,domain_pattern,75
MS-0869,Nuance Aesthetics SLC,Salt Lake City,UT,USA,https://nuanceaesthetics.com/,nuanceaesthetics.com,(801) 557-5200,,general,MedSpa,A,MEDIUM,Google Search,W4,websearch_snippet,0
MS-0870,Haus of Aesthetics,Salt Lake City,UT,USA,https://hausofaesthetics.com/,hausofaesthetics.com,(801) 997-8199,,general,MedSpa,A,MEDIUM,Google Search,W4,websearch_snippet,0
MS-0871,Altitude Med Spa SLC,Salt Lake City,UT,USA,https://www.altitudemedspa.com/,altitudemedspa.com,(801) 230-2822,,general,MedSpa,A,MEDIUM,Google Search,W4,websearch_snippet,0
MS-0044,San Diego Aesthetics and Medspa,San Diego,CA,USA,https://sdamedspa.com/,sdamedspa.com,(619) 303-0988,,general,MedSpa,A,HIGH,WebSearch,W1,,
MS-0045,Park MedSpa San Diego,San Diego,CA,USA,https://parkmedspa.com/locations/california/san-diego-medspa/,parkmedspa.com,(619) 313-0495,,general,MedSpa,A,HIGH,WebSearch,W1,,
MS-0046,Be Youthful Aesthetics,San Diego,CA,USA,https://www.beyouthfulaesthetics.com/,beyouthfulaesthetics.com,(858) 618-1156,,general,MedSpa,A,HIGH,WebSearch,W1,,
MS-0047,Call of Beauty Med Spa,San Diego,CA,USA,https://callofbeautymedspa.com/,callofbeautymedspa.com,(760) 230-2211,,general,MedSpa,A,HIGH,WebSearch,W1,,
MS-0875,SDBotox,San Diego,CA,USA,https://sdbotox.com/,sdbotox.com,(844) 732-6869,membership@sdbotox.com,general,MedSpa,A,MEDIUM,WebSearch,W1,websearch_email,MEDIUM
MS-0876,Botoxie,San Diego,CA,USA,https://botoxie.co/,botoxie.co,619-782-9081,hello@botoxie.co,general,MedSpa,A,MEDIUM,WebSearch,W1,websearch_email,HIGH
MS-0877,Synerchi Medical Spa,San Diego,CA,USA,https://synerchimedspa.com/,synerchimedspa.com,(858) 272-9564,info@synerchimedspa.com,general,MedSpa,A,MEDIUM,WebSearch,W1,websearch_email,HIGH
MS-0878,Emagine Med Spa,San Diego,CA,USA,https://emagine-medspa.com/,emagine-medspa.com,(858) 900-2082,info@emaginemedspa.com,general,MedSpa,A,MEDIUM,WebSearch,W1,websearch_email,HIGH
MS-1115,VIP MedSpa Clinic,San Diego,,USA,https://vipmedspaclinic.com,vipmedspacliniccom,(858) 451-6500,,prp,MedSpa,A,HIGH,websearch,W9,,
MS-1116,Enliven Aesthetics,San Diego,,USA,https://enlivenaesthetics.com,enlivenaestheticscom,(858) 609-0866,info@enlivenaesthetics.com,prp,MedSpa,A,HIGH,websearch,W9,,
MS-0879,House of Aesthetix,San Diego,CA,USA,https://houseofaesthetix.com/,houseofaesthetix.com,858-263-6002,info@houseofaesthetix.com,general,MedSpa,A,MEDIUM,WebSearch,W1,websearch_snippet,85
MS-0880,Revive Med Spa,San Diego,CA,USA,https://www.revive.md/,revive.md,619-393-3909,info@revive.md,general,MedSpa,A,MEDIUM,WebSearch,W1,websearch_snippet,85
MS-0881,ComplexionsRX Med Spa,San Diego,CA,USA,https://complexionsrx.com/,complexionsrx.com,619-683-2820,,general,MedSpa,A,MEDIUM,WebSearch,W1,websearch_phone_only,
MS-0882,Laser Clinique,San Diego,CA,USA,https://www.laser-clinique.com/,laser-clinique.com,858-481-7701,info@laser-clinique.com,general,MedSpa,A,MEDIUM,WebSearch,W1,websearch_snippet,82
MS-0883,The Med Spa Boutique,San Diego,CA,USA,https://theboutiquespa.md/,theboutiquespa.md,619-436-7895,admin@theboutiquespa.md,general,MedSpa,A,MEDIUM,WebSearch,W1,websearch_snippet,80
MS-0884,Belladerma Medical Spa,San Diego,CA,USA,https://www.belladerma.com/,belladerma.com,858-261-6900,patty@belladerma.com,general,MedSpa,A,MEDIUM,WebSearch,W1,websearch_snippet,75
MS-0885,creatIV Hydration,San Diego,CA,USA,https://creativhydration.com,creativhydration.com,858-358-6689,info@creativhydration.com,iv-lounge,MedSpa,A,HIGH,web,W2,websearch_snippet,82
MS-0886,DRIP Haven,San Diego,CA,USA,https://ivdriphaven.com,ivdriphaven.com,858-462-0662,contact@ivdriphaven.com,iv-lounge,MedSpa,A,HIGH,web,W2,websearch_snippet,70
MS-0887,Saffron Sage Living IV Lounge,San Diego,CA,USA,https://saffronsageliving.com,saffronsageliving.com,619-933-2340,service@saffronsageliving.com,iv-lounge,MedSpa,A,HIGH,web,W2,websearch_snippet,82
MS-0888,LIVV Natural,San Diego,CA,USA,https://livvnatural.com,livvnatural.com,619-840-6700,livv@livvnatural.com,iv-lounge,MedSpa,A,HIGH,web,W2,websearch_snippet,82
MS-0889,Allurant Medical Spa,San Diego,CA,USA,https://allurantmedical.com,allurantmedical.com,858-222-1444,allurantaesthetics@gmail.com,sexual-wellness,MedSpa,A,HIGH,WebSearch,W4,websearch_snippet,72
MS-1157,San Diego Acne Clinic,San Diego,,USA,https://sdacneclinic.com,sdacnecliniccom,858-732-9015,sdacneclinic@gmail.com,acne,MedSpa,A,MEDIUM,websearch,W9,websearch_snippet,72
MS-1176,B Medical Spa San Diego,San Diego,,USA,https://bmedspa.com,bmedspacom,619-890-9985,info@bmedspa.com,vitamin-iv,MedSpa,A,MEDIUM,websearch,W9,websearch_snippet,82
MS-1177,Spark Health San Diego,San Diego,,USA,https://www.sparkhealth.com,sparkhealthcom,858-228-4188,spark@sparkhealth.com,vitamin-iv,MedSpa,A,MEDIUM,websearch,W9,websearch_snippet,82
MS-0048,Medspa of San Francisco,San Francisco,CA,USA,https://medspaofsanfrancisco.com/,medspaofsanfrancisco.com,(628) 299-7741,,general,MedSpa,A,HIGH,WebSearch,W1,,
MS-0890,Nob Hill Aesthetics,San Francisco,CA,USA,https://nobhillaesthetics.com/,nobhillaesthetics.com,415-440-6800,office@sf-medicine.com,general,MedSpa,A,MEDIUM,WebSearch,W1,websearch_snippet,78
MS-0891,SKIN Medical Spa,San Francisco,CA,USA,https://www.skinmedicalspa.com/,skinmedicalspa.com,415-409-6500,frontdesk@skinmedicalspa.com,general,MedSpa,A,MEDIUM,WebSearch,W1,websearch_snippet,85
MS-0892,Hayes Valley Medical Esthetics,San Francisco,CA,USA,https://hayesvalleymed.com/,hayesvalleymed.com,415-286-9431,,general,MedSpa,A,MEDIUM,WebSearch,W1,websearch_phone_only,
MS-0893,Sheena Kong Medical Spa,San Francisco,CA,USA,https://www.sheenakong.com/,sheenakong.com,415-673-7600,sheenakong@yahoo.com,general,MedSpa,A,MEDIUM,WebSearch,W1,websearch_snippet,72
MS-0894,Serenity MedSpa,San Francisco,CA,USA,https://serenitymedspa.com/,serenitymedspa.com,415-781-9200,info@serenitymedspa.com,general,MedSpa,A,MEDIUM,WebSearch,W1,websearch_snippet,85
MS-0895,Elinea SF,San Francisco,CA,USA,https://elineasf.com/,elineasf.com,415-400-5315,hello@elineasf.com,general,MedSpa,A,MEDIUM,WebSearch,W1,websearch_snippet,82
MS-0896,Epi Center MedSpa,San Francisco,CA,USA,https://epicentermedspa.com/,epicentermedspa.com,415-362-4754,margaret@epicentermedspa.com,general,MedSpa,A,MEDIUM,WebSearch,W1,websearch_snippet,65
MS-0897,Selfishly Wellness,San Francisco,CA,USA,https://selfishlyaesthetics.com/,selfishlyaesthetics.com,415-599-8456,guest@selfishlywellness.com,general,MedSpa,A,MEDIUM,WebSearch,W1,websearch_snippet,78
MS-0898,ME Medical Spa,San Jose,CA,USA,https://memedicalspa.com,memedicalspa.com,(408) 337-2313,info@memedicalspa.com,general,MedSpa,A,HIGH,WebSearch,W3,websearch_email_found,85
MS-0899,San Jose Medical Spa,San Jose,CA,USA,https://www.sanjosemedspa.com,sanjosemedspa.com,(408) 770-9897,,general,MedSpa,A,HIGH,WebSearch,W3,websearch_phone_only,0
MS-0900,Clarity Medical Spa,San Jose,CA,USA,https://www.claritymedicalspa.com,claritymedicalspa.com,(669) 219-1790,info@claritymedicalspa.com,general,MedSpa,A,HIGH,WebSearch,W3,websearch_email_found,85
MS-0901,True You Medical Aesthetic,San Jose,CA,USA,https://www.trueyouaesthetic.com,trueyouaesthetic.com,(408) 223-8818,ttmd114@gmail.com,general,MedSpa,A,HIGH,WebSearch,W3,websearch_email_found,72
MS-0902,Silicon Valley Aesthetics,San Jose,CA,USA,https://siliconvalleymedspa.com,siliconvalleymedspa.com,(877) 262-5396,svmedspa@gmail.com,general,MedSpa,A,HIGH,WebSearch,W3,websearch_email_found,72
B-W101-MS-0011,Evolutions Medical & Day Spa,Santa Barbara,CA,USA,https://www.evolutionsmedicalspa.com,evolutionsmedicalspa.com,(805) 687-0212,info@evolutionsmedicalspa.com,laser,MedSpa,A,high,web-search,W101-LaneB,direct-search,high
B-W101-MS-0036,Ageless Aesthetics MediSpa,Santa Fe,NM,USA,https://www.agelesssantafe.com,agelesssantafe.com,(505) 473-7546,info@agelesssantafe.com,anti-aging,MedSpa,A,high,web-search,W101-LaneB,direct-search,high
MS-0903,Santa Monica Medical Aesthetics,Santa Monica,CA,USA,https://www.santamonicamedicalaesthetics.com/,santamonicamedicalaesthetics.com,(310) 403-9576,hello@santamonicaaesthetics.com,general,MedSpa,A,MEDIUM,WebSearch,W1,websearch_email_found,75
MS-0904,Kalologie Medspa,Santa Monica,CA,USA,https://kalologie.com/our-locations/kalologie-med-spa-in-santa-monica,kalologie.com,(310) 310-3776,,general,MedSpa,A,MEDIUM,WebSearch,W1,websearch_phone_only,0
MS-0905,NakedMD Santa Monica,Santa Monica,CA,USA,https://www.nakedmd.com/pages/med-spa-santa-monica-ca,nakedmd.com,(424) 228-9778,concierge@nakedmd.com,general,MedSpa,A,MEDIUM,WebSearch,W1,websearch_email_found,82
MS-0906,Santa Monica MedSpa,Santa Monica,CA,USA,https://santamonicamedspa.md/,santamonicamedspa.md,(310) 829-5475,info@santamonicamedspa.md,general,MedSpa,A,MEDIUM,WebSearch,W1,websearch_email_found,82
MS-0907,Skin by Lovely,Santa Monica,CA,USA,https://www.skinbylovely.com/,skinbylovely.com,(877) 568-3596,,general,MedSpa,A,MEDIUM,WebSearch,W1,websearch_phone_only,0
MS-0908,SkinLab Santa Monica,Santa Monica,CA,USA,https://www.skinlab-la.com/,skinlab-la.com,(310) 310-2003,hello@skinlab-la.com,general,MedSpa,A,MEDIUM,WebSearch,W1,websearch_email_found,82
MS-0909,Mary Lee Amerian MD Dermatology,Santa Monica,CA,USA,https://maryleeamerian.com,maryleeamerian.com,(310) 829-9396,,mens,MedSpa,A,HIGH,web,W2,websearch_phone_only,0
MS-0910,Derm & Rejuvenation Institute (Dr. Kormeili),Santa Monica,CA,USA,https://drkormeilidermatology.com,drkormeilidermatology.com,(310) 526-8301,info@drkormeili.com,postpartum,MedSpa,A,HIGH,web,W2,websearch_email_found,78
B-W102-MS-0018,REAL Aesthetics + Wellness,Santa Rosa,CA,US,https://realaestheticswellness.com,,(707) 456-6005,hello@realaestheticswellness.com,injectables; laser; skin; anti-aging,,A,,,W102-LaneB,,
MS-0911,Lush Injectables,Sarasota,FL,USA,https://www.lushinjectables.com,lushinjectables.com,(941) 216-5115,Info@lushinjectables.com,general,MedSpa,A,HIGH,WebSearch,W3,websearch_email_found,82
MS-0912,Sarasota Facial Aesthetics,Sarasota,FL,USA,https://www.sarasotafacialaesthetics.com,sarasotafacialaesthetics.com,(941) 955-8384,contact@sarasotafacialaesthetics.com,general,MedSpa,A,HIGH,WebSearch,W3,websearch_email_found,85
MS-0913,The Aesthetic Center Sarasota,Sarasota,FL,USA,https://www.topmedspasarasota.com,topmedspasarasota.com,(941) 315-1700,info@lookamazingsarasota.com,general,MedSpa,A,HIGH,WebSearch,W3,websearch_email_found,72
MS-0914,Vita Aesthetics Sarasota,Sarasota,FL,USA,https://vita-aestheticsfl.com,vita-aestheticsfl.com,(941) 229-0039,info@vita-aesthetics.com,general,MedSpa,A,HIGH,WebSearch,W3,websearch_email_found,82
MS-0915,Aire MedSpa Sarasota,Sarasota,FL,USA,https://airemedspa.com,airemedspa.com,(941) 226-9965,,general,MedSpa,A,HIGH,WebSearch,W3,websearch_phone_only,0
MS-0916,Sarasota Premier Aesthetics,Sarasota,FL,USA,https://sarasotapremieraesthetics.com,sarasotapremieraesthetics.com,(941) 993-5926,info@sarasotapremieraesthetics.com,general,MedSpa,A,HIGH,WebSearch,W3,websearch_email_found,82
MS-0917,Elite Medical Spa Sarasota,Sarasota,FL,USA,https://elitemedicalspa.com,elitemedicalspa.com,(941) 203-5111,info@elitemedicalspa.com,general,MedSpa,A,HIGH,WebSearch,W3,websearch_email_found,78
B-W99-MS-0031,Bowtique Med Spa,Sarasota,FL,USA,https://bowtiquemedspa.com,bowtiquemedspa.com,+19412891125,happyface@bowtoxboutique.com,injectables,MedSpa,A,89,websearch,W99-LaneB,websearch,89
B-W104-MS-0016,Rejuvenate 528 Medical Spa,Sarasota,FL,USA,https://www.rejuvenate528.com,rejuvenate528.com,941-894-4990,,regenerative,MedSpa,A,,WebSearch,W104-LaneB,website_scrape,
B-W102-MS-0024,MedAesthetics Sarnia,Sarnia,ON,Canada,https://www.medaesthetics.ca,,(519) 339-9214,melissa@medaesthetics.ca,injectables; skin; anti-aging; laser,,A,,,W102-LaneB,,
MS-0918,Lucia Medspa Saskatoon,Saskatoon,SK,Canada,https://luciamedspa.com/,luciamedspa.com,,luciamedspasask@gmail.com,general,MedSpa,A,HIGH,WebSearch,W3,websearch_email_found,72
MS-0919,Inject Yxe,Saskatoon,SK,Canada,https://www.injectyxe.com/,injectyxe.com,(306) 836-3288,injectyxe@gmail.com,general,MedSpa,A,HIGH,WebSearch,W3,websearch_email_found,75
MS-0920,SKN Med Spa Saskatoon,Saskatoon,SK,Canada,https://sknmedspa.ca/,sknmedspa.ca,(306) 477-7717,Info@sknmedspa.ca,general,MedSpa,A,HIGH,WebSearch,W3,websearch_email_found,82
MS-0921,Premiere Med Spa Saskatoon,Saskatoon,SK,Canada,https://www.premieresaskatoon.ca/,premieresaskatoon.ca,(306) 665-5005,,general,MedSpa,A,HIGH,WebSearch,W3,websearch_phone_only,0
MS-0922,Scarlett & Lucy Med Spa,Saskatoon,SK,Canada,https://www.scarlettandlucy.com/,scarlettandlucy.com,(306) 381-6733,hello@scarlettandlucy.com,general,MedSpa,A,HIGH,WebSearch,W3,websearch_email_found,82
MS-1287,Kennedy Eye Spa Medical Aesthetics,Saskatoon,,Canada,https://www.kennedyeyespa.com,,(306) 952-6464,,,MedSpa,A,,,W95,,
B-W101-MS-0046,Jenesis Medical Aesthetics,Sault Ste Marie,ON,Canada,https://www.jenesismedicalaesthetics.ca,jenesismedicalaesthetics.ca,(705) 206-0961,jenesisaesthetics@outlook.com,injectables,MedSpa,A,high,web-search,W101-LaneB,direct-search,high
MS-1258,Glow MedSpa Savannah,Savannah,,USA,https://www.glowsavannah.com,glowsavannahcom,(912) 303-9611,contact@glowsavannah.com,,MS,A,HIGH,websearch,W12,websearch_email_found,82
MS-1259,Aesthetically Savy,Savannah,,USA,https://aestheticallysavy.com,aestheticallysavycom,(912) 472-1144,savannah.rogers89@gmail.com,,MS,A,HIGH,websearch,W12,websearch_email_found,72
MS-1260,Inject Savannah,Savannah,,USA,https://injectsavannah.com,injectsavannahcom,(912) 328-1075,admin@injectsavannah.com,,MS,A,HIGH,websearch,W12,websearch_email_found,82
MS-1261,Fluid Aesthetics & Wellness,Savannah,,USA,https://fluidaestheticsandwellness.com,fluidaestheticsandwellnesscom,(912) 268-0002,clientcare@feelthefluid.com,,MS,A,HIGH,websearch,W12,websearch_email_found,80
MS-1262,Park Aesthetics Savannah,Savannah,,USA,https://www.theparkaesthetics.com,theparkaestheticscom,(912) 376-0761,questions@theparkaesthetics.com,,MS,A,HIGH,websearch,W12,websearch_email_found,82
MS-1263,Odomí Medical Spa,Savannah,,USA,https://odomimedspa.com,odomimedspacom,(912) 274-0006,info@odomimedspa.com,,MS,A,HIGH,websearch,W12,websearch_email_found,85
MS-0049,Adam and Eve Medical Aesthetics,Scottsdale,AZ,USA,https://www.adamandevemedspa.com/,adamandevemedspa.com,(480) 771-2819,,general,MedSpa,A,HIGH,WebSearch,W1,,
MS-0050,Blume Skin Treatment,Scottsdale,AZ,USA,https://blumeskintreatment.com/,blumeskintreatment.com,(480) 699-7999,,general,MedSpa,A,HIGH,WebSearch,W1,,
MS-0051,DS Skin and Lips Medical Spa,Scottsdale,AZ,USA,https://www.dsskinandlips.com/,dsskinandlips.com,(480) 864-5100,,general,MedSpa,A,HIGH,WebSearch,W1,,
MS-0052,Rhose Aesthetics,Scottsdale,AZ,USA,https://www.rhoseaesthetics.com/,rhoseaesthetics.com,(623) 526-1222,,general,MedSpa,A,HIGH,WebSearch,W1,,
MS-0053,Skin Wellness Med Spa,Scottsdale,AZ,USA,https://www.skinwellnessmedspa.com/,skinwellnessmedspa.com,(480) 993-2218,,general,MedSpa,A,HIGH,WebSearch,W1,,
MS-0923,Esthetic Solutions,Scottsdale,AZ,USA,https://estheticsolutions.com,estheticsolutions.com,(480) 280-6062,concierge@estheticsolutions.com,general,MedSpa,A,MEDIUM,WebSearch,W1,websearch_email,HIGH
MS-0924,The Comstock,Scottsdale,AZ,USA,https://thecomstock.com/,thecomstock.com,(480) 848-6688,,general,MedSpa,A,MEDIUM,WebSearch,W1,websearch_phone,MEDIUM
MS-0925,Joliet Aesthetics Med Spa,Scottsdale,AZ,USA,https://www.jolietaestheticsmedspa.com/,jolietaestheticsmedspa.com,(480) 896-3754,,general,MedSpa,A,MEDIUM,WebSearch,W1,websearch_phone,MEDIUM
MS-0926,Scottsdale Med Spa,Scottsdale,AZ,USA,https://scottsdalemedspa.beauty/,scottsdalemedspa.beauty,(480) 454-6959,info@scottsdalemedspa.beauty,general,MedSpa,A,MEDIUM,WebSearch,W1,websearch_email,HIGH
MS-0927,DHH Med Spa,Scottsdale,AZ,USA,https://dhhmedspa.com/,dhhmedspa.com,(480) 336-4195,info@deserthh.com,general,MedSpa,A,MEDIUM,WebSearch,W1,websearch_snippet,83
MS-0928,Zona Med Spa,Scottsdale,AZ,USA,https://zonamedspa.com/,zonamedspa.com,(480) 299-4975,info@zonamedspa.com,general,MedSpa,A,MEDIUM,WebSearch,W1,websearch_snippet,85
MS-0929,Profile Aesthetics,Scottsdale,AZ,USA,https://profileaesthetics.com/,profileaesthetics.com,(480) 933-9319,info@profileaesthetics.com,general,MedSpa,A,MEDIUM,WebSearch,W1,pattern_inferred_domain,65
MS-0930,The Skin Shop Med Spa,Scottsdale,AZ,USA,https://theskinshopmedspascottsdale.com/,theskinshopmedspascottsdale.com,(480) 948-1759,info@theskinshopmedspascottsdale.com,general,MedSpa,A,MEDIUM,WebSearch,W1,websearch_snippet,80
MS-0931,The SHAW Center,Scottsdale,AZ,USA,https://theshawcenter.com,theshawcenter.com,(480) 767-1900,info@theshawcenter.com,mens,MedSpa,A,HIGH,web,W2,websearch_snippet,85
MS-0932,Body Preserve,Scottsdale,AZ,USA,https://bodypreserve.com,bodypreserve.com,(480) 788-2425,info@bodypreserve.com,mens,MedSpa,A,HIGH,web,W2,websearch_snippet,85
MS-0933,AdmireMD Skin Care,Scottsdale,AZ,USA,https://admireplasticsurgery.com,admireplasticsurgery.com,(480) 781-4016,,mens,MedSpa,A,HIGH,web,W2,websearch_snippet,0
MS-0934,Craft MD,Scottsdale,AZ,USA,https://drcraft.com,drcraft.com,(602) 354-3100,,weight-loss,MedSpa,A,HIGH,web,W2,websearch_snippet,0
MS-0936,The Skin Clinic Scottsdale,Scottsdale,AZ,USA,https://theskinclinicaz.com,theskinclinicaz.com,(480) 513-2888,,weight-loss,MedSpa,A,HIGH,web,W2,websearch_snippet,0
MS-0937,The Perfect Dose,Scottsdale,AZ,USA,https://theperfectdose.com,theperfectdose.com,(480) 823-0119,,weight-loss,MedSpa,A,HIGH,web,W2,websearch_snippet,0
MS-0935,Tirzepatide Clinic,Scottsdale,AZ,USA,https://tirzepatide.clinic,tirzepatide.clinic,(602) 492-9919,info@tirzepatide.clinic,weight-loss,MedSpa,A,HIGH,web,W2,pattern_inferred_domain,65
B-W104-MS-0039,Australian Aesthetics Co,Seaford Meadows / Hyde Park,SA,Australia,https://australianaestheticsco.com.au,australianaestheticsco.com.au,+61 411 944 820,bookings@australianaestheticsco.com.au,injectables,MedSpa,A,,WebSearch,W104-LaneB,website_scrape,
MS-0054,Seattle Beauty,Seattle,WA,USA,https://seattlebeauty.org/,seattlebeauty.org,(206) 712-5654,,general,MedSpa,A,HIGH,WebSearch,W1,,
MS-0055,La Belle Vie Med Spa,Seattle,WA,USA,https://labelleviemed.com/,labelleviemed.com,(206) 486-3414,,general,MedSpa,A,HIGH,WebSearch,W1,,
MS-0056,Celsius Med Spa Seattle,Seattle,WA,USA,https://celsiusmedspa.com/seattle,celsiusmedspa.com,(206) 922-3861,,general,MedSpa,A,HIGH,WebSearch,W1,,
MS-0057,Seattle Aesthetics,Seattle,WA,USA,https://seattleaesthetics.com/,seattleaesthetics.com,(206) 735-7588,,general,MedSpa,A,HIGH,WebSearch,W1,,
MS-0938,Maintenance Bar,Seattle,WA,USA,https://www.maintenancebar.net/,maintenancebar.net,(425) 414-5312,hello@maintenancebar.net,general,MedSpa,A,MEDIUM,WebSearch,W1,websearch_email,82
MS-0939,Bellora Medical Aesthetics,Seattle,WA,USA,https://belloramedicalaesthetics.com/,belloramedicalaesthetics.com,(206) 683-4893,beth@botoxbeth.com,general,MedSpa,A,MEDIUM,WebSearch,W1,websearch_email,88
MS-0941,Simplicity Med Spa,Seattle,WA,USA,https://www.simplicitymedspa.com/,simplicitymedspa.com,(206) 643-5325,simplicitymedspa@gmail.com,general,MedSpa,A,MEDIUM,WebSearch,W1,websearch_email,72
MS-1120,Glow Medispa,Seattle,,USA,https://glowspaseattle.com,glowspaseattlecom,(206) 228-7281,info@glowspaseattle.com,body-sculpting,MedSpa,A,HIGH,websearch,W9,,
MS-1121,Lux Aesthetics Seattle,Seattle,,USA,https://luxaestheticsseattle.com,luxaestheticsseattlecom,(425) 331-9092,info@luxaestheticsseattle.com,body-sculpting,MedSpa,A,HIGH,websearch,W9,,
MS-0940,NuMe Aesthetics,Seattle,WA,USA,https://numeaesthetics.com/,numeaesthetics.com,206-453-5165,,general,MedSpa,A,MEDIUM,WebSearch,W1,websearch_phone_only,
MS-0942,Skinlogic Med Spa,Seattle,WA,USA,https://www.skinlogicmedspa.com/,skinlogicmedspa.com,206-523-4444,info@skinlogicmedspa.com,general,MedSpa,A,MEDIUM,WebSearch,W1,websearch_snippet,85
MS-0943,Blue Haven Medical Spa,Seattle,WA,USA,https://www.bluehavenmedicalspa.com/,bluehavenmedicalspa.com,206-402-3625,,general,MedSpa,A,MEDIUM,WebSearch,W1,websearch_phone_only,
MS-1148,Skin Synthesis Seattle,Seattle,,USA,https://skinsynthesis.com,skinsynthesiscom,206-486-4784,info@skinsynthesis.com,luxury,MedSpa,A,MEDIUM,websearch,W9,websearch_snippet,78
MS-1149,Penelope and The Beauty Bar,Seattle,,USA,https://www.penelopeandthebeautybar.com,penelopeandthebeautybarcom,206-438-1750,,luxury,MedSpa,A,MEDIUM,websearch,W9,websearch_phone_only,
MS-1168,Kass Precision Medicine Seattle,Seattle,,USA,https://www.drkatekass.com,drkatekasscom,425-209-1060,,prp,MedSpa,A,MEDIUM,websearch,W9,websearch_phone_only,
B-W104-MS-0013,K Beauty Lab Seattle,Seattle,WA,USA,https://kbeautylabseattle.com,kbeautylabseattle.com,(206) 999-6524,info@kbeautylabseattle.com,Korean-skincare,MedSpa,A,,WebSearch,W104-LaneB,website_scrape,
B-W99-MS-0019,Eterno Aesthetics,Sheffield,,UK,https://eternoaesthetics.co.uk,eternoaesthetics.co.uk,+441142218838,info@eternoaesthetics.co.uk,skin,MedSpa,A,91,websearch,W99-LaneB,websearch,91
B-W101-MS-0059,ANO Cosmetics & Skin,Shepparton,VIC,Australia,https://anocosmeticsandskin.com.au,anocosmeticsandskin.com.au,0411 586 424,info@anocosmeticsandskin.com.au,skin,MedSpa,A,high,web-search,W101-LaneB,direct-search,high
MS-0944,Clinique Allure Sherbrooke,Sherbrooke,QC,Canada,https://cliniqueallure.ca/,cliniqueallure.ca,(819) 821-5582,infos@cliniqueallure.ca,general,MedSpa,A,HIGH,WebSearch,W3,websearch_email_found,82
MS-1265,Pretty Special Medspa,Shreveport,,USA,https://prettyspecialmedspa.com,prettyspecialmedspacom,(318) 685-9081,contact@prettyspecialmedspa.com,,MS,A,HIGH,websearch,W12,websearch_email_found,82
MS-1266,Vibrant Health and Beauty,Shreveport,,USA,https://www.vibranthealthandbeauty.com,vibranthealthandbeautycom,(318) 324-7071,,,MS,A,HIGH,websearch,W12,websearch_phone_only,0
MS-1267,The Beautyful Secret Medical Spa,Shreveport,,USA,https://thebeautyfulsecret.com,thebeautyfulsecretcom,(318) 670-7813,Confidence@thebeautyfulsecret.com,,MS,A,HIGH,websearch,W12,websearch_direct,90
MS-1268,Fixx Medical Spa,Shreveport,,USA,https://square.site/book/26S9S164WVEZ8/fixx-medical-spa-shreveport-la,squaresite,(318) 990-1092,info@fixxmedicalspa.com,,MS,A,MEDIUM,websearch,W12,websearch_snippet,80
B-W100-MS-0013,The Confidence Collective,Sioux Falls,SD,US,https://www.theconfidencecollectivesf.com,theconfidencecollectivesf.com,(605) 206-3839,Team@theconfidencecollectivesf.com,injectables,MedSpa,A,88,WebSearch,W100-LaneB,manual-search,90
MS-1429,Dorset Street Dermatology,South Burlington,,USA,https://www.dorsetstreetdermatology.com,,(802) 660-8808,,,MedSpa,A,,,W96,,
B-W103-MS-0041,The Aesthetics Lounge,Southend-on-Sea,England,UK,https://theaestheticslounge.uk/,,01702 430489,info@theaestheticslounge.uk,,,A,,,W103-LaneB,,
MS-0945,The LAB Spokane,Spokane,WA,USA,https://www.thelabaw.com,thelabaw.com,(509) 255-3840,info@thelabaw.com,general,MedSpa,A,HIGH,WebSearch,W3,websearch_snippet,80
MS-0946,Crafted Beauty Med Spa,Spokane,WA,USA,https://craftedbeauty.com,craftedbeauty.com,509.443.3594,info@craftedbeautyspokane.com,general,MedSpa,A,HIGH,WebSearch,W3,websearch_snippet,80
MS-0947,Rejuvenate Rx Spokane,Spokane,WA,USA,https://www.rejuvenate-rx.com,rejuvenate-rx.com,(509) 290-6149,info@rejuvenate-rx.com,general,MedSpa,A,HIGH,WebSearch,W3,pattern_inferred_domain,65
MS-0948,Werschler Aesthetics,Spokane,WA,USA,https://www.werschleraesthetics.com,werschleraesthetics.com,(509) 344-3223,info@spokanederm.com,general,MedSpa,A,HIGH,WebSearch,W3,websearch_snippet,80
MS-0949,Bloom by Zelda,Spokane,WA,USA,https://bloombyzelda.com,bloombyzelda.com,(509) 990-3054,info@bloombyzelda.com,general,MedSpa,A,HIGH,WebSearch,W3,websearch_snippet,80
MS-0950,Spokane Valley Medical Aesthetics,Spokane,WA,USA,https://valleymedicalaesthetics.com,valleymedicalaesthetics.com,(509) 590-3982,info@valleymedicalaesthetics.com,general,MedSpa,A,HIGH,WebSearch,W3,pattern_inferred_domain,65
MS-0951,Sarah Hamilton FACE,Spokane,WA,USA,https://www.sarahhamiltonface.com,sarahhamiltonface.com,(509) 210-0228,info@sarahhamiltonface.com,general,MedSpa,A,HIGH,WebSearch,W3,websearch_snippet,80
MS-0952,Aesthetic Med Studio,Springfield,MO,USA,https://aestheticmedstudio.com/,aestheticmedstudio.com,(417) 889-5274,morgan@aestheticmedstudio.com,general,MedSpa,A,MEDIUM,Google Search,W4,websearch_snippet,80
MS-0953,MedAesthetic NL,St. John's,NL,Canada,https://www.medaestheticnl.com/,medaestheticnl.com,709.726.0467,medaestheticnl@hotmail.com,general,MedSpa,A,HIGH,WebSearch,W3,websearch_snippet,80
MS-1378,Island Glow Medispa,St. John's,,Canada,https://islandglowmedispa.com,,(709) 250-4569,,,MedSpa,A,,,W96,,
MS-0058,The Shine Spa,St. Louis,MO,USA,https://theshinespa.com/,theshinespa.com,(314) 560-9030,,general,MedSpa,A,HIGH,Google Search,W4,,
MS-0954,Aestheticare STL,St. Louis,MO,USA,https://aestheticarestl.com/,aestheticarestl.com,(314) 863-5556,info@aestheticarestl.com,general,MedSpa,A,HIGH,websearch,W1,websearch_snippet,85
MS-0955,The Saint Louis Med Spa,St. Louis,MO,USA,https://thesaintlouismedspa.com/,thesaintlouismedspa.com,(557) 220-9575,Contact@STLMedSpa.com,general,MedSpa,A,HIGH,websearch,W1,websearch_snippet,80
MS-0956,Modern Med STL,St. Louis,MO,USA,https://www.modernmedstl.com/,modernmedstl.com,314-394-0204,modernmedstl@gmail.com,general,MedSpa,A,HIGH,websearch,W1,websearch_snippet,75
MS-0957,Metro Medspa,St. Louis,MO,USA,https://www.metromedspa.com/,metromedspa.com,(314) 842-5600,info@metromedspa.com,general,MedSpa,A,HIGH,websearch,W1,websearch_snippet,80
MS-0958,St. Louis Skin Solutions,St. Louis,MO,USA,https://stlouisskin.com/,stlouisskin.com,(314) 485-7845,info@stlouisskin.com,general,MedSpa,A,HIGH,websearch,W1,pattern_inferred_domain,65
MS-0959,Aesthetically Pleasing Medspa,St. Louis,MO,USA,https://www.apstlmedspa.com/,apstlmedspa.com,,info@apstlmedspa.com,general,MedSpa,A,HIGH,websearch,W1,pattern_inferred_domain,65
MS-0960,Avani Derm Spa,St. Louis,MO,USA,https://www.avanidermspa.com/,avanidermspa.com,(314) 991-5438,spa@nayak.net,general,MedSpa,A,HIGH,websearch,W1,websearch_snippet,80
MS-0961,Ladue Medical Spa,St. Louis,MO,USA,https://www.laduemedspa.com/,laduemedspa.com,314 705-3539,info@laduemedspa.com,general,MedSpa,A,HIGH,websearch,W1,websearch_snippet,80
MS-0962,MarElyse MediSpa,St. Louis,MO,USA,https://www.marelyse.com/,marelyse.com,314-571-6062,info@marelyse.com,general,MedSpa,A,MEDIUM,Google Search,W4,pattern_inferred_domain,65
MS-0963,PRICKD Medspa STL,St. Louis,MO,USA,https://prickdmedspa.com/,prickdmedspa.com,(314) 256-1290,getprickd@prickdmedspa.com,general,MedSpa,A,MEDIUM,Google Search,W4,websearch_direct,90
MS-0964,DIVINE Boutique Medspa,St. Louis,MO,USA,https://www.divineboutiquemedspa.com/,divineboutiquemedspa.com,(314) 504-1787,info@divineboutiquemedspa.com,general,MedSpa,A,MEDIUM,Google Search,W4,pattern_inferred_domain,65
MS-0965,Spa MD St Paul,St. Paul,MN,USA,https://spamd.net/,spamd.net,(651) 222-4490,spaconsultantsmd@gmail.com,general,MedSpa,A,MEDIUM,Google Search,W4,websearch_snippet,80
MS-0966,Luminous You Med Spa,St. Paul,MN,USA,https://www.luminous-you.com/,luminous-you.com,(651) 900-1295,info@luminous-you.com,general,MedSpa,A,MEDIUM,Google Search,W4,pattern_inferred_domain,65
B-W102-MS-0014,St. Pete Wellness MedSpa,St. Petersburg,FL,US,https://stpetewellnessmedspa.com,,(727) 873-0500,stpetemedspa@gmail.com,injectables; hair-restoration; wellness; anti-aging,,A,,,W102-LaneB,,
B-W102-MS-0015,Euphoria Aesthetics & Laser,St. Petersburg,FL,US,https://euphoria-spa.com,,(727) 244-9032,,injectables; laser; weight-loss; skin,,A,,,W102-LaneB,,
B-W102-MS-0047,PURE Medical Aesthetics,Stamford,CT,US,https://puremedicalaesthetics.com,,(203) 253-0351,,injectables; skin; anti-aging; weight-loss,,A,,,W102-LaneB,,
MS-0967,Anazao MD Steamboat,Steamboat Springs,CO,USA,https://anazaomd.com/,anazaomd.com,(970) 875-3900,anazaomd@gmail.com,general,MedSpa,A,MEDIUM,Google Search,W4,websearch_snippet,78
MS-0968,Aesthetica Med Spa Steamboat,Steamboat Springs,CO,USA,https://steamboatderm.com/,steamboatderm.com,(970) 879-2256,steamboatderm@gmail.com,general,MedSpa,A,MEDIUM,Google Search,W4,websearch_snippet,78
MS-1366,Skin Chalet,Steamboat Springs,,USA,https://www.skinchalet.com,,(970) 439-0091,chloe@skinchalet.com,,MedSpa,A,,,W96,,
B-W102-MS-0020,A Touch Above MedSpa,Stockton,CA,US,https://www.atouchabovemedspa.com,,(209) 292-6223,a.touch.above.medspa@gmail.com,injectables; skin; weight-loss; IV-therapy; hormones,,A,,,W102-LaneB,,
B-W102-MS-0032,Designer Aesthetics & MedSpa,Sugar Land,TX,US,https://www.designermedspa.com,,(832) 891-9938,,injectables; laser; regenerative; wellness,,A,,,W102-LaneB,,
MS-0969,Simply Skin SV Medical Spa,Sun Valley,ID,USA,https://www.simplyskinsv.com/,simplyskinsv.com,(208) 725-0150,simplyskin511@gmail.com,general,MedSpa,A,MEDIUM,Google Search,W4,websearch_snippet,75
MS-1305,Mediworks Rejuvenation Centre Surrey,Surrey,,Canada,https://www.mediworks.ca,,(604) 757-6420,,,MedSpa,A,,,W95,,
MS-1556,Eden Cosmetic Clinics Sydney,Sydney,,Australia,https://www.edencosmeticclinics.com.au,,+61 2 9290 1332,info@edencosmeticclinics.com.au,injectables,MedSpa,A,,,W97-INTL,,
MS-1557,Clear Complexions Sydney,Sydney,,Australia,https://www.clearcomplexions.com.au,,+61 2 9922 2822,sydney@clearcomplexions.com.au,skin,MedSpa,A,,,W97-INTL,,
MS-1558,Skin Clinic Sydney,Sydney,,Australia,https://www.skinclinicsydney.com.au,,+61 2 9380 4700,info@skinclinicsydney.com.au,anti-aging,MedSpa,A,,,W97-INTL,,
MS-1559,Dr Philip Chang Clinic,Sydney,,Australia,https://www.luceroclinic.com.au,,+61 2 4211 2522,,facial-aesthetics,MedSpa,A,,,W97-INTL,,
MS-1560,Luxe Laser Clinic Sydney,Sydney,,Australia,https://www.luxelaserclinic.com.au,,+61 2 9267 1600,info@luxelaserclinic.com.au,laser,MedSpa,A,,,W97-INTL,,
MS-0970,Catalyst Medspa Tacoma,Tacoma,WA,USA,https://www.catalystmedspa.com,catalystmedspa.com,(253) 449-5427,info@catalystmedspa.com,general,MedSpa,A,HIGH,WebSearch,W3,pattern_inferred_domain,65
MS-0971,Full Spectrum Face + Body,Tacoma,WA,USA,https://www.fullspectrumface.com,fullspectrumface.com,(253) 260-7060,contactus@fullspectrumface.com,general,MedSpa,A,HIGH,WebSearch,W3,websearch_snippet,85
MS-0972,FACE Medical Aesthetics Tacoma,Tacoma,WA,USA,https://facemedicalaesthetics.com,facemedicalaesthetics.com,(253) 328-4060,amywoodruffrnllc@outlook.com,general,MedSpa,A,HIGH,WebSearch,W3,websearch_snippet,78
MS-0973,NW Medical Arts,Tacoma,WA,USA,https://nwmedicalarts.com,nwmedicalarts.com,(253) 352-0882,info@nwmedicalarts.com,general,MedSpa,A,HIGH,WebSearch,W3,websearch_snippet,80
MS-0974,LISSE Medical Aesthetics,Tacoma,WA,USA,https://lissemedspa.com,lissemedspa.com,(253) 432-6097,info@lissemedspa.com,general,MedSpa,A,HIGH,WebSearch,W3,websearch_snippet,80
MS-0975,Advanced Laser Clinic & MedSpa,Tacoma,WA,USA,https://advancedlaserandskin.com,advancedlaserandskin.com,(253) 476-9500,Tacoma@AdvancedLaserAndSkin.com,general,MedSpa,A,HIGH,WebSearch,W3,websearch_snippet,85
MS-0976,Square One Aesthetics Wellness,Tallahassee,FL,USA,https://squareoneaesthetics.com,squareoneaesthetics.com,850-765-9923,squareoneaesthetics@gmail.com,general,MedSpa,A,HIGH,WebSearch,W3,websearch_snippet,80
MS-0977,Seven Hills Aesthetics MedSpa,Tallahassee,FL,USA,https://www.sevenhillsaesthetics.com,sevenhillsaesthetics.com,,info@sevenhillsaesthetics.com,general,MedSpa,A,HIGH,WebSearch,W3,pattern_inferred_domain,65
MS-0978,Skin Science Aesthetics Tallahassee,Tallahassee,FL,USA,https://skinsciencetallahassee.com,skinsciencetallahassee.com,850-733-7474,info@skinsciencetallahassee.com,general,MedSpa,A,HIGH,WebSearch,W3,pattern_inferred_domain,65
MS-0979,Med Spa by Dr Mignon,Tallahassee,FL,USA,https://www.medspabydrmignon.com,medspabydrmignon.com,850-668-5500,info@medspabydrmignon.com,general,MedSpa,A,HIGH,WebSearch,W3,pattern_inferred_domain,65
MS-0980,Royal Rejuvenation Med Spa,Tallahassee,FL,USA,https://www.royalrejuvenationmedspa.com,royalrejuvenationmedspa.com,(850) 815-0266,royalrejuvenationmedspa@gmail.com,general,MedSpa,A,HIGH,WebSearch,W3,websearch_snippet,80
MS-0981,Evita Med Spa,Tallahassee,FL,USA,https://evitamedspa.com,evitamedspa.com,(850) 583-7661,info@evitamedspa.com,general,MedSpa,A,HIGH,WebSearch,W3,websearch_snippet,80
MS-0982,TLH MedSpa,Tallahassee,FL,USA,https://www.tlhmedspa.com,tlhmedspa.com,850-901-5740,info@tlhmedspa.com,general,MedSpa,A,HIGH,WebSearch,W3,websearch_snippet,80
MS-1264,Harmonized Aesthetics Tallahassee,Tallahassee,,USA,https://harmonizedaesthetics.com,harmonizedaestheticscom,(850) 778-8004,harmonizedaesthetics@gmail.com,,MS,A,HIGH,websearch,W12,websearch_snippet,80
MS-0983,Opulent Medspa,Tampa,FL,USA,https://www.theopulentmedspa.com/,theopulentmedspa.com,(813) 443-0085,info@theopulentmedspa.com,general,MedSpa,A,HIGH,websearch,W1,websearch_email,80
MS-0985,Elixir Aesthetics MedSpa,Tampa,FL,USA,https://www.elixiraestheticsmedspa.com/,elixiraestheticsmedspa.com,(813) 219-1876,hello@elixiraestheticsmedspa.com,general,MedSpa,A,HIGH,websearch,W1,websearch_email,85
MS-0990,Kiyani Aesthetics,Tampa,FL,USA,https://kiyanimedspa.com/,kiyanimedspa.com,(813) 618-3119,info@kiyanimedspa.com,general,MedSpa,A,HIGH,websearch,W1,websearch_email,80
MS-0984,BevelUp MedSpa,Tampa,FL,USA,https://www.bevelup.com/,bevelup.com,813-807-7200,hello@bevelup.com,general,MedSpa,A,HIGH,websearch,W1,websearch_direct,87
MS-0987,Elevate Medical Spa Tampa,Tampa,FL,USA,https://www.elevatetpa.com/,elevatetpa.com,813-765-4416,info@elevatetpa.com,general,MedSpa,A,HIGH,websearch,W1,websearch_direct,87
MS-0988,VIVIFY Med Spa Tampa,Tampa,FL,USA,https://www.vivifyps.com/,vivifyps.com,813-588-5150,,general,MedSpa,A,HIGH,websearch,W1,no_email_found,0
MS-0989,Livia Medspa,Tampa,FL,USA,https://liviamedspa.com/,liviamedspa.com,813-230-2219,,general,MedSpa,A,HIGH,websearch,W1,no_email_found,0
MS-0991,Aspire MedSpa and Beauty Bar,Tampa,FL,USA,https://aspiremedspas.com/,aspiremedspas.com,813-510-0770,appointments@aspiremedspas.com,general,MedSpa,A,HIGH,websearch,W1,websearch_direct,82
MS-0992,Florida's Premier Wellness Medical Group,Tampa,FL,USA,https://flpwmg.com,flpwmg.com,813-394-9836,,weight-loss,MedSpa,A,HIGH,web,W2,no_email_found,0
MS-0993,Roots Wellness Tampa,Tampa,FL,USA,https://rootstampa.com,rootstampa.com,813-202-1085,info@rootstampa.com,weight-loss,MedSpa,A,HIGH,web,W2,websearch_direct,87
MS-0994,Florida Regenerative,Tampa,FL,USA,https://floridaregenerative.com,floridaregenerative.com,813-462-1450,info@floridaregenerative.com,weight-loss,MedSpa,A,HIGH,web,W2,websearch_direct,82
MS-0995,Fidelity Medical Clinic,Tampa,FL,USA,https://fidelitymedicalclinic.com,fidelitymedicalclinic.com,813-438-4338,,weight-loss,MedSpa,A,HIGH,web,W2,no_email_found,0
MS-0996,Alpha Omega Wellness,Tampa,FL,USA,https://alphaomegawellnessfl.com,alphaomegawellnessfl.com,813-448-6244,,weight-loss,MedSpa,A,HIGH,web,W2,no_email_found,0
MS-0997,Tampa Health Center,Tampa,FL,USA,https://tampahealthcenter.com,tampahealthcenter.com,813-384-3107,info@tampahealthcenter.com,weight-loss,MedSpa,A,HIGH,web,W2,websearch_direct,80
MS-0998,Omni Life Med (Tampa),Tampa,FL,USA,https://omnilifemed.com,omnilifemed.com,813-210-9394,,longevity,MedSpa,A,HIGH,WebSearch,W4,no_email_found,0
MS-0986,Esthetica MedSpa Tampa,Tampa,FL,USA,https://estheticamedspa.com/,estheticamedspa.com,,info@estheticamedspa.com,general,MedSpa,A,HIGH,websearch,W1,pattern_inferred_domain,65
MS-0059,Woodlands Aesthetics,The Woodlands,TX,USA,https://www.woodlandsaesthetics.com/,woodlandsaesthetics.com,281-363-4450,,general,MedSpa,A,HIGH,websearch,W1,,
MS-0999,Body BeneFits MedSpa,The Woodlands,TX,USA,https://bodybenefitswoodlands.com,bodybenefitswoodlands.com,(281) 292-8882,info@bodybenefitswoodlands.com,general,MedSpa,A,HIGH,websearch,W1,websearch_snippet,80
MS-1000,East Shore Medspa,The Woodlands,TX,USA,https://www.eastshoremedspa.com/,eastshoremedspa.com,936-271-2566,info@eastshoremedspa.com,general,MedSpa,A,HIGH,websearch,W1,pattern_inferred_domain,65
MS-1001,Evergreen MedSpa Woodlands,The Woodlands,TX,USA,https://myevergreenmedspa.com/,myevergreenmedspa.com,346-646-3518,info@myevergreenmedspa.com,general,MedSpa,A,HIGH,websearch,W1,pattern_inferred_domain,65
MS-1002,Dr. Summer Rose MD Aesthetics,The Woodlands,TX,USA,https://drsummerrose.com/,drsummerrose.com,281-724-2322,contact@drsummerrose.com,general,MedSpa,A,HIGH,websearch,W1,websearch_snippet,85
MS-1003,Woodlands Medical Aesthetics Institute,The Woodlands,TX,USA,https://woodlandsmedicalaesthetics.com/,woodlandsmedicalaesthetics.com,(936) 273-9053,info@thewmai.com,general,MedSpa,A,HIGH,websearch,W1,websearch_snippet,80
MS-1004,Seychelles Med & Laser Spa,The Woodlands,TX,USA,https://seychellesmedspa.com/,seychellesmedspa.com,+1 832-813-8086,seychelles@seyspa.com,general,MedSpa,A,HIGH,websearch,W1,websearch_snippet,85
MS-1005,Medical-AL Woodlands,The Woodlands,TX,USA,https://www.medical-al.com/,medical-al.com,903-300-6282,info@medical-al.com,general,MedSpa,A,HIGH,websearch,W1,pattern_inferred_domain,65
B-W103-MS-0037,Ject Medical Aesthetics,Toowoomba,QLD,AUS,https://ject.com.au/,,0409 579 643,reception@ject.com.au,,,A,,,W103-LaneB,,
MS-1006,The Refinery Medical Aesthetics,Topeka,KS,USA,https://therefinerymed.com/,therefinerymed.com,(785) 329-3499,hello@therefinerymed.com,general,MedSpa,A,MEDIUM,Google Search,W4,websearch_snippet,85
MS-1007,Azure Aesthetics Med Spa,Topeka,KS,USA,https://azureaestheticsmedspa.com/,azureaestheticsmedspa.com,(785) 270-0179,info@azureaestheticsmedspa.com,general,MedSpa,A,MEDIUM,Google Search,W4,pattern_inferred_domain,65
MS-0060,VBeauty Medical Spa Yorkville,Toronto,ON,Canada,https://vbeautyspa.com/,vbeautyspa.com,(416) 839-1771,,general,MedSpa,A,HIGH,websearch,W1,,
MS-1008,SKN Yorkville,Toronto,ON,Canada,https://www.yourskn.com/,yourskn.com,(416) 260-2620,info@yourskn.com,general,MedSpa,A,HIGH,websearch,W1,websearch_email,85
MS-1010,Rejuuv Medi Spa,Toronto,ON,Canada,https://rejuuvmedispa.com/,rejuuvmedispa.com,(416) 929-2992,info@rejuuvmedispa.com,general,MedSpa,A,HIGH,websearch,W1,websearch_email,85
MS-1014,Signature Cosmetic Clinic,Toronto,ON,Canada,https://signaturemedispa.com/,signaturemedispa.com,(647) 673-3837,info@signaturemedispa.com,general,MedSpa,A,HIGH,websearch,W1,websearch_email,85
MS-1015,The Look Lab Toronto,Toronto,ON,Canada,https://thelooklab.ca/,thelooklab.ca,1-888-648-0050,info@thelooklab.ca,general,MedSpa,A,HIGH,websearch,W1,websearch_email,85
MS-1016,Reforme Lab,Toronto,ON,Canada,https://reformelab.com/,reformelab.com,(416) 901-3133,info@reformelab.com,general,MedSpa,A,HIGH,websearch,W1,websearch_email,85
MS-1017,Skin Worthy MediSpa,Toronto,ON,Canada,https://www.skinworthy.ca/,skinworthy.ca,647-350-7546,info@skinworthy.ca,general,MedSpa,A,HIGH,websearch,W1,websearch_email,85
MS-1132,Midtown Med Spa Toronto,Toronto,,Canada,https://www.midtownmedspa.ca,midtownmedspaca,(416) 440-0080,info@midtownmedspa.ca,vitamin-iv,MedSpa,A,HIGH,websearch,W9,,
MS-1133,Trove Wellbeing,Toronto,,Canada,https://trovewellbeing.com,trovewellbeingcom,(647) 805-9816,concierge@trovewellbeing.com,vitamin-iv,MedSpa,A,HIGH,websearch,W9,,
MS-1155,Renovo Medispa,Toronto,,Canada,https://renovomedispa.com,renovomedispacom,,medspa.labeaute@gmail.com,body-sculpting,MedSpa,A,MEDIUM,websearch,W9,websearch_direct,70
MS-1009,MedVSPA Toronto,Toronto,ON,Canada,https://medvspa.com/,medvspa.com,647-460-4585,info@medvspa.com,general,MedSpa,A,HIGH,websearch,W1,websearch_snippet,85
MS-1011,Dr Torgerson Med Spa Clinic,Toronto,ON,Canada,https://drtorgerson.com/,drtorgerson.com,647-343-0207,info@drtorgerson.com,general,MedSpa,A,MEDIUM,websearch,W1,websearch_snippet,85
MS-1012,Made in Yorkville (Dr Mike Roskies),Toronto,ON,Canada,https://drmikeroskies.com/,drmikeroskies.com,416-922-4513,info@drmikeroskies.com,general,MedSpa,A,HIGH,websearch,W1,websearch_snippet,82
MS-1013,Refine Cosmetic Clinic,Toronto,ON,Canada,https://vicpark.com/clinics/refine-cosmetic-clinic-toronto/,vicpark.com,647-344-4777,medispa@vicpark.com,general,MedSpa,A,MEDIUM,websearch,W1,websearch_snippet,78
MS-1018,Rejuvenation Medical Spa Toronto,Toronto,ON,Canada,https://rejuvenationmedspa.ca/,rejuvenationmedspa.ca,855-698-1448,info@rejuvenationmedclinic.com,general,MedSpa,A,HIGH,websearch,W1,websearch_snippet,80
MS-1019,LMC Laser Medical Clinic,Toronto,ON,Canada,https://lasermedicalclinic.com,lasermedicalclinic.com,416-548-6548,,hair-restoration,MedSpa,A,HIGH,web,W2,websearch_phone_only,
MS-1020,Novoskin Cosmetic Clinic,Toronto,ON,Canada,https://novoskin.life,novoskin.life,437-552-8838,info@novoskin.life,hair-restoration,MedSpa,A,HIGH,web,W2,websearch_snippet,85
MS-1021,SkinMed Clinic Toronto,Toronto,ON,Canada,https://skinmedclinic.com,skinmedclinic.com,905-597-4533,info@skinmedclinic.com,hair-restoration,MedSpa,A,HIGH,web,W2,websearch_snippet,82
MS-1022,PRP Therapy,Toronto,ON,Canada,https://prptherapy.ca,prptherapy.ca,647-691-3971,info@prptherapy.ca,hair-restoration,MedSpa,A,HIGH,web,W2,websearch_snippet,82
MS-1023,Serene Cosmetic Clinic,Toronto,ON,Canada,https://serenecosmeticclinic.ca,serenecosmeticclinic.ca,437-981-6845,info@serenecosmeticclinic.ca,hair-restoration,MedSpa,A,HIGH,web,W2,websearch_snippet,82
MS-1024,Skin Vitality,Toronto,ON,Canada,https://skinvitality.ca,skinvitality.ca,416-969-9669,info@skinvitality.ca,hair-restoration,MedSpa,A,HIGH,web,W2,websearch_snippet,85
MS-1025,Toronto Beauty Clinic,Toronto,ON,Canada,https://torontobeautyclinic.ca,torontobeautyclinic.ca,416-398-0111,hello@torontobeautyclinic.ca,hair-restoration,MedSpa,A,HIGH,web,W2,websearch_snippet,82
MS-1134,Atheria Wellness,Toronto,,Canada,https://www.atheriawellness.com,atheriawellnesscom,647-619-4766,hello@atheriawellness.com,vitamin-iv,MedSpa,A,MEDIUM,websearch,W9,websearch_snippet,82
MS-1140,Dr. Brows PMU Studio,Toronto,,Canada,https://www.drbrows.ca,drbrowsca,604-800-0745,hello@drbrows.ca,microblading,MedSpa,A,MEDIUM,websearch,W9,websearch_snippet,70
MS-1151,New You Cosmetic Centre,Toronto,,Canada,https://newyouspas.com,newyouspascom,416-487-7848,,cellulite,MedSpa,A,MEDIUM,websearch,W9,websearch_phone_only,
MS-1154,Canada Body Sculpting,Toronto,,Canada,https://canadabodysculpting.ca,canadabodysculptingca,855-653-3131,,body-sculpting,MedSpa,A,MEDIUM,websearch,W9,websearch_snippet,55
B-W100-MS-0007,Rejuvenate Clinic,Townsville,QLD,AU,https://www.rejuvenateclinic.au,rejuvenateclinic.au,+61 406 965 605,Info@rejuvenateclinic.au,injectables,MedSpa,A,88,WebSearch,W100-LaneB,manual-search,88
B-W104-MS-0015,Aesthetic Solutions Medical Clinic,Truro,Cornwall,UK,https://aestheticsolutions.co.uk,aestheticsolutions.co.uk,01872 272520,info@aestheticsolutions.co.uk,injectables,MedSpa,A,,WebSearch,W104-LaneB,website_scrape,
MS-1026,Precision Cosmetics Med Spa,Tucson,AZ,USA,https://precisioncosmetics.com,precisioncosmetics.com,520-977-1317,support@precisioncosmetics.com,general,MedSpa,A,HIGH,WebSearch,W3,websearch_email,88
MS-1028,A New Creation Clinic and Medi-Spa,Tucson,AZ,USA,https://www.anewcreationclinicandmedispa.com,anewcreationclinicandmedispa.com,520-293-1117,anewcreationclinicandmedispa@outlook.com,general,MedSpa,A,HIGH,WebSearch,W3,websearch_email,88
MS-1030,Downtown Faces,Tucson,AZ,USA,https://www.downtownfaces.com,downtownfaces.com,(520) 882-5050,info@downtownfaces.com,general,MedSpa,A,HIGH,WebSearch,W3,websearch_email,90
MS-1031,Skin Therapy Boutique Med Spa,Tucson,AZ,USA,https://skintherapytucson.com,skintherapytucson.com,(520) 236-0119,skintherapybyjc@gmail.com,general,MedSpa,A,HIGH,WebSearch,W3,websearch_email,85
MS-1032,Allure Medical Tucson,Tucson,AZ,USA,https://www.alluremedicaltucson.com,alluremedicaltucson.com,(520) 365-5028,info@alluremedicaltucson.com,general,MedSpa,A,HIGH,WebSearch,W3,websearch_email,85
MS-1029,Blush & Bloom Med Spa Tucson,Tucson,AZ,USA,https://blushandbloommedspa.com,blushandbloommedspa.com,(520) 833-0380,info@blushandbloommedspa.com,general,MedSpa,A,HIGH,WebSearch,W3,domain_pattern,75
MS-1027,Skinani,Tucson,AZ,USA,https://www.skinani.com,skinani.com,(520) 543-0353,,general,MedSpa,A,HIGH,WebSearch,W3,websearch_snippet,0
MS-1409,Mirror Mirror Aesthetics Wellness,Tucson,,USA,https://mmspatucson.com,,(520) 689-6809,,,MedSpa,A,,,W96,,
MS-1410,Native Aesthetics and Wellness,Tucson,,USA,https://nativeaestheticsandwellness.com,,(520) 710-6683,TamelynDanielRN@nativeaestheticsandwellness.com,,MedSpa,A,,,W96,,
B-W99-MS-0005,Tonique MedSpa,Tucson,AZ,USA,https://toniquemedspa.com,toniquemedspa.com,+15203084824,info@toniquemedspa.com,injectables,MedSpa,A,92,websearch,W99-LaneB,websearch,92
MS-1224,Glow Medical Aesthetics Tulsa,Tulsa,,USA,https://glowmedicaltulsa.com,glowmedicaltulsacom,(918) 927-2618,info@glowmedicaltulsa.com,,MS,A,HIGH,websearch,W12,pattern_inferred_domain,65
MS-1225,Skin Ambitions Medical Spa,Tulsa,,USA,https://www.skinambitionstulsa.com,skinambitionstulsacom,918.994.4668,info@skinambitionstulsa.com,,MS,A,HIGH,websearch,W12,websearch_snippet,80
MS-1226,Blank Med Spa,Tulsa,,USA,https://blankmedspa.com,blankmedspacom,918-400-0104,spa@blankmedspa.com,,MS,A,HIGH,websearch,W12,websearch_snippet,85
MS-1227,Nouveau Aesthetics Tulsa,Tulsa,,USA,https://nouveauaesthetics.net,nouveauaestheticsnet,(918) 724-4998,kimberly@nouveauaesthetics.net,,MS,A,HIGH,websearch,W12,websearch_direct,90
MS-1228,Align Injectable Aesthetics,Tulsa,,USA,https://align918.com,align918com,(918) 407-9058,info@align918.com,,MS,A,HIGH,websearch,W12,websearch_snippet,80
MS-1229,Prime Medical Spa Tulsa,Tulsa,,USA,https://primemedicalspa.com,primemedicalspacom,918-710-2060,info@primemedspa.com,,MS,A,HIGH,websearch,W12,websearch_snippet,80
MS-1230,Beauty Bar Med Spa Tulsa,Tulsa,,USA,https://www.beautybarmedspatulsa.com,beautybarmedspatulsacom,(918) 519-3847,beautybarmedspatulsa@gmail.com,,MS,A,HIGH,websearch,W12,websearch_snippet,80
MS-1231,Firm Medical Spa Tulsa,Tulsa,,USA,https://www.firmmedicalspa.com,firmmedicalspacom,(918) 800-4434,info@firmmedicalspa.com,,MS,A,HIGH,websearch,W12,pattern_inferred_domain,65
B-W103-MS-0007,SkinCentric,Tupelo,MS,USA,https://skincentric.com,,(662) 257-8081,,,,A,,,W103-LaneB,,
B-W103-MS-0008,Lush MedSpa,Tuscaloosa,AL,USA,https://www.lushmedspas.com,,,Info@lushmedspas.com,,,A,,,W103-LaneB,,
MS-0061,Onyx MedSpa Twin Falls,Twin Falls,ID,USA,https://onyxmedspa.com/,onyxmedspa.com,(208) 736-2763,Robin@onyxmedspa.com,general,MedSpa,A,HIGH,Google Search,W4,,
MS-1033,Majestic Aesthetics Wellness,Twin Falls,ID,USA,https://majesticaestheticswellness.com/,majesticaestheticswellness.com,(208) 886-0774,majestic.beautyllc@gmail.com,general,MedSpa,A,MEDIUM,Google Search,W4,websearch_snippet,75
B-W103-MS-0019,Kàllos Aesthetics by Nurse Kellie,Urangan,QLD,AUS,https://www.kallosaesthetics.com.au,,(07) 2103-3359,,,,A,,,W103-LaneB,,
MS-0062,Liv Aesthetics Vail,Vail,CO,USA,https://livaestheticsvail.com/,livaestheticsvail.com,(970) 306-9938,olivia@livaestheticsvail.com,general,MedSpa,A,HIGH,Google Search,W4,,
MS-1034,A Wrinkle In Time Vail,Vail,CO,USA,https://wrinklentime.com/,wrinklentime.com,(970) 331-1599,office@wrinklentime.com,general,MedSpa,A,MEDIUM,Google Search,W4,websearch_snippet,85
B-W103-MS-0024,Face Lab Valdosta,Valdosta,GA,USA,https://www.facelabvaldosta.com,,(229) 242-0331,info@facelabvaldosta.com,,,A,,,W103-LaneB,,
MS-1035,Renue Medical Spa,Vancouver,BC,Canada,https://www.renuemedspa.com/,renuemedspa.com,(604) 617-5557,info@renuemedspa.com,general,MedSpa,A,HIGH,websearch,W1,websearch_email,85
MS-1037,The Vanity Lab,Vancouver,BC,Canada,https://www.thevanitylab.com/,thevanitylab.com,(604) 699-1001,info@thevanitylab.com,general,MedSpa,A,HIGH,websearch,W1,websearch_email,85
MS-1039,Yaletown Laser Centre,Vancouver,BC,Canada,https://www.yaletownlaser.com/,yaletownlaser.com,(604) 331-1777,reception@yaletownlaser.com,general,MedSpa,A,HIGH,websearch,W1,websearch_email,85
MS-1041,First Avenue Medical Spa,Vancouver,BC,Canada,https://firstavemedicalspa.com/,firstavemedicalspa.com,(604) 568-0558,firstavemedicalspa@gmail.com,general,MedSpa,A,HIGH,websearch,W1,websearch_email,72
MS-1036,Energy Wellness Medispa,Vancouver,BC,Canada,https://www.energywellnessmedispa.com/,energywellnessmedispa.com,+1 604-569-1949,info@energywellnessmedispa.com,general,MedSpa,A,HIGH,websearch,W1,websearch_email,85
MS-1040,SkinCasa,Vancouver,BC,Canada,https://skincasa.com/,skincasa.com,(778) 344-1286,info@skincasa.com,general,MedSpa,A,HIGH,websearch,W1,websearch_email,85
MS-1043,Vancouver Medi Spa,Vancouver,BC,Canada,https://vancouvermedispa.ca/,vancouvermedispa.ca,604-620-1772,info@vancouvermedispa.ca,general,MedSpa,A,HIGH,websearch,W1,websearch_email,85
MS-1044,Ovo Medi Spa,Vancouver,BC,Canada,https://ovomedispa.com/,ovomedispa.com,604-568-8800,Service@OvoMediSpa.com,general,MedSpa,A,HIGH,websearch,W1,websearch_email,82
MS-1042,Kitsilano Skin Care Clinic,Vancouver,BC,Canada,https://kitsilanomedicalaesthetics.com/,kitsilanomedicalaesthetics.com,604-222-9998,info@RozKamani.com,general,MedSpa,A,HIGH,websearch,W1,websearch_snippet,80
MS-1139,Brow Beauty Lab Vancouver,Vancouver,,Canada,https://browbeautylab.com,browbeautylabcom,604-719-1792,info@BrowBeautyLab.com,microblading,MedSpa,A,MEDIUM,websearch,W9,websearch_snippet,82
MS-1173,Skin Matters Vancouver,Vancouver,,Canada,https://www.skinmatters.ca,skinmattersca,604-323-9588,info@skinmatters.ca,lip-filler,MedSpa,A,MEDIUM,websearch,W9,websearch_snippet,85
MS-1038,Vancouver Beauty Clinic,Vancouver,BC,Canada,https://www.vancouverbeautyclinic.com/,vancouverbeautyclinic.com,,info@vancouverbeautyclinic.com,general,MedSpa,A,HIGH,websearch,W1,pattern_inferred_domain,65
B-W104-MS-0038,Promethean Clinic,Vancouver,BC,Canada,https://prometheanclinic.ca,prometheanclinic.ca,778-879-7666,info@prometheanclinic.ca,injectables,MedSpa,A,,WebSearch,W104-LaneB,website_scrape,
MS-1153,Bertucci MedSpa,Vaughan,,Canada,https://www.bertuccimedspa.com,bertuccimedspacom,(905) 850-4415,info@bertuccimedspa.com,body-sculpting,MedSpa,A,MEDIUM,websearch,W9,pattern_inferred_domain,65
B-W101-MS-0047,North Okanagan Skin & Laser,Vernon,BC,Canada,https://nosl.ca,nosl.ca,(250) 542-2721,info@nosl.ca,laser,MedSpa,A,high,web-search,W101-LaneB,direct-search,high
MS-1045,Derma Spa,Victoria,BC,Canada,https://dermaspa.ca/,dermaspa.ca,+1 250-598-6968,dermaspa@dermaspa.ca,general,MedSpa,A,HIGH,websearch,W1,websearch_snippet,85
MS-1046,Philosophy MD,Victoria,BC,Canada,https://philosophymd.com/,philosophymd.com,(250) 889-1658,hello@philosophymd.com,general,MedSpa,A,HIGH,websearch,W1,websearch_snippet,85
MS-1047,South Island Medical Aesthetics,Victoria,BC,Canada,https://botoxvictoriabc.com/,botoxvictoriabc.com,(250) 896-9099,info@botoxvictoriabc.com,general,MedSpa,A,HIGH,websearch,W1,pattern_inferred_domain,65
MS-1048,Glow Luxe SkinCare & Medispa,Victoria,BC,Canada,https://www.glowluxe.ca/,glowluxe.ca,250.590.5459,info@glowluxe.ca,general,MedSpa,A,HIGH,websearch,W1,websearch_snippet,85
MS-1049,Beam Beauty Wellness Centre,Victoria,BC,Canada,https://beambeauty.ca/,beambeauty.ca,778-440-2289,info@beambeauty.ca,general,MedSpa,A,HIGH,websearch,W1,websearch_snippet,80
MS-1050,Victoria Botox Clinic,Victoria,BC,Canada,https://victoriabotoxclinic.com/,victoriabotoxclinic.com,778-265-1377,Info@BritishColumbiaBotoxClinics.com,general,MedSpa,A,HIGH,websearch,W1,websearch_snippet,80
MS-1051,Aestheva Medical Aesthetics,Victoria,BC,Canada,https://aesthevaclinic.ca/,aesthevaclinic.ca,778-265-4652,aesthevaclinic@gmail.com,general,MedSpa,A,HIGH,websearch,W1,websearch_snippet,80
MS-1052,Victoria Rose Aesthetics,Victoria,BC,Canada,https://victoriaroseaesthetics.ca/,victoriaroseaesthetics.ca,(905) 903-3300,info@victoriaroseaesthetics.ca,general,MedSpa,A,HIGH,websearch,W1,websearch_snippet,80
MS-1053,Dr. Anna MD Victoria,Victoria,BC,Canada,https://drannamd.com/,drannamd.com,250 590 0883,dranna@drannamd.com,general,MedSpa,A,HIGH,WebSearch,W3,websearch_snippet,90
B-W99-MS-0020,Cosmedica Laser Centre,Victoria,BC,Canada,https://cosmedica.ca,cosmedica.ca,+12505983300,,laser,MedSpa,A,79,websearch,W99-LaneB,websearch,79
MS-1054,Renew MedSpa,Vidalia,GA,USA,https://www.renewmedspaga.com,renewmedspaga.com,912-585-9098,rebekah@renewmedspaga.com,pelvic-floor,MedSpa,A,HIGH,WebSearch,W4,websearch_direct,90
B-W103-MS-0027,Tollgate Aesthetics,Warwick,RI,USA,https://www.tollgateaesthetics.com,,(401) 737-2426,,,,A,,,W103-LaneB,,
MS-1055,AnewSkin Medical Spa,Washington,DC,USA,https://www.anewskinmedspa.com/,anewskinmedspa.com,(202) 505-6996,info@anewskinmedspa.com,general,MedSpa,A,HIGH,websearch,W1,websearch_snippet,80
MS-1056,Blue Sky Laser & Tox,Washington,DC,USA,https://www.blueskylasertox.com/,blueskylasertox.com,(703) 966-3223,hello@blueskylasertox.com,general,MedSpa,A,HIGH,websearch,W1,websearch_snippet,85
MS-1057,Georgetown Allure Med Spa,Washington,DC,USA,https://georgetownallure.com,georgetownallure.com,833-255-8731,contact@georgetownallure.online,general,MedSpa,A,HIGH,websearch,W1,websearch_snippet,78
MS-1058,Vitalify MedSpa,Washington,DC,USA,https://vitalifymedspa.com/,vitalifymedspa.com,(202) 410-1459,info@vitalifymedspa.com,general,MedSpa,A,HIGH,websearch,W1,websearch_snippet,80
MS-1059,ProMD Health DC,Washington,DC,USA,https://promdhealth.com/,promdhealth.com,202-885-9133,washingtondc@promdhealth.com,general,MedSpa,A,HIGH,websearch,W1,websearch_direct,90
MS-1060,Belmont Plastic Surgery,Washington,DC,USA,https://www.belmontplasticsurgery.com/,belmontplasticsurgery.com,(301) 654-5666,info@belmontplasticsurgery.com,general,MedSpa,A,HIGH,websearch,W1,pattern_inferred_domain,65
MS-1061,Capital Center for Oral and Maxillofacial Surgery,Washington,DC,USA,https://ccomfs.com/,ccomfs.com,(202) 875-8437,info@ccomfs.com,general,MedSpa,A,MEDIUM,websearch,W1,websearch_snippet,80
MS-1062,Waterloo Medical Cosmetics,Waterloo,ON,Canada,https://www.waterloomedicalcosmetics.com/,waterloomedicalcosmetics.com,(226) 476-4367,info@waterloomedicalcosmetics.com,general,MedSpa,A,HIGH,WebSearch,W3,websearch_snippet,80
B-W103-MS-0014,Rejuvenate Med Spa,Waterloo,IA,USA,https://www.rejuvenatemedspaia.org,,(319) 939-1824,rejuvenatemedspanp@gmail.com,,,A,,,W103-LaneB,,
B-W103-MS-0006,Everlasting Aesthetics,Watkinsville,GA,USA,https://everlastingaesthetics.com,,(706) 410-5112,,,,A,,,W103-LaneB,,
MS-1063,Krauss Dermatology,Wellesley,MA,USA,https://kraussdermatology.com,kraussdermatology.com,781-416-3500,info@kraussdermatology.com,hair-restoration,MedSpa,A,HIGH,web,W2,pattern_inferred_domain,65
B-W100-MS-0003,Bravo MedSpa,West Hartford,CT,US,https://www.bravomedspa.com,bravomedspa.com,(860) 478-8877,Bravomedicalaesthetics@yahoo.com,injectables,MedSpa,A,90,WebSearch,W100-LaneB,manual-search,90
MS-1064,me.losangeles aesthetics,West Hollywood,CA,USA,https://www.melosangeles.com/,melosangeles.com,213-583-5905,info@melosangeles.com,general,MedSpa,A,MEDIUM,WebSearch,W1,pattern_inferred_domain,65
MS-1065,Luxbae Medical Spa,West Hollywood,CA,USA,https://luxbae.com/,luxbae.com,310-299-4444,info@luxbae.com,general,MedSpa,A,MEDIUM,WebSearch,W1,pattern_inferred_domain,65
MS-1066,Beauty Vault Med Spa,West Hollywood,CA,USA,https://beautyvaultmedspa.com/,beautyvaultmedspa.com,(323) 800-6770,info@beautyvaultmedspa.com,general,MedSpa,A,MEDIUM,WebSearch,W1,pattern_inferred_domain,65
MS-1067,Alchemy 43,West Hollywood,CA,USA,https://alchemy43.com/,alchemy43.com,(323) 507-3943,info@alchemy43.com,general,MedSpa,A,MEDIUM,WebSearch,W1,pattern_inferred_domain,65
MS-1068,Le Jolie Medi Spa,West Hollywood,CA,USA,https://lejoliespa.com/,lejoliespa.com,(424) 355-0070,weho@lejoliespa.com,general,MedSpa,A,MEDIUM,WebSearch,W1,websearch_snippet,85
MS-1069,Zavant Aesthetics,West Hollywood,CA,USA,https://zavantaesthetics.com/,zavantaesthetics.com,(213) 341-2909,book@zavantaesthetics.com,general,MedSpa,A,MEDIUM,WebSearch,W1,websearch_snippet,85
MS-1070,Next Health,West Hollywood,CA,USA,https://next-health.com,next-health.com,(310) 620-8372,marketing@next-health.com,iv-lounge,MedSpa,A,HIGH,web,W2,websearch_snippet,80
MS-1071,Longevity Center (West Palm Beach),West Palm Beach,FL,USA,https://www.thelcfl.com,thelcfl.com,+1 (561) 210-4033,info@thelcfl.com,longevity,MedSpa,A,HIGH,WebSearch,W4,websearch_snippet,80
MS-1072,Her Secret Medspa,Westchester,NY,USA,https://hsmedspa.com/,hsmedspa.com,914-810-2015,,general,MedSpa,A,HIGH,websearch,W1,no_email_found,0
MS-1073,The Formula Medspa,Westchester,NY,USA,https://theformulamedspa.com/,theformulamedspa.com,914-305-2424,info@theformulamedspa.com,general,MedSpa,A,HIGH,websearch,W1,websearch_direct,87
MS-1074,Infinite You MedAesthetics,Westchester,NY,USA,https://infiniteyoumedaesthetics.com/,infiniteyoumedaesthetics.com,631-458-7834,team@infiniteyouclinic.com,general,MedSpa,A,HIGH,websearch,W1,websearch_direct,80
MS-1075,Thrive Wellness Mt Kisco,Westchester,NY,USA,https://thrivewellnow.com/,thrivewellnow.com,914-215-1616,,general,MedSpa,A,HIGH,websearch,W1,no_email_found,0
MS-1076,Aesthetics of Westchester,Westchester,NY,USA,https://www.aestheticsofwestchester.com/,aestheticsofwestchester.com,914-487-0025,,general,MedSpa,A,HIGH,websearch,W1,no_email_found,0
MS-1077,Kerin Medspa & Laser Center,Westchester,NY,USA,https://www.kerinmedspa.com/,kerinmedspa.com,914-793-0996,,general,MedSpa,A,HIGH,websearch,W1,no_email_found,0
MS-1078,SkinCenter Hartsdale,Westchester,NY,USA,https://bestskincenter.com/,bestskincenter.com,914-315-2074,info@bestskincenter.com,general,MedSpa,A,HIGH,websearch,W1,websearch_direct,88
MS-1079,Sedora MedSpa,Westchester,NY,USA,https://www.sedoramedspa.com/,sedoramedspa.com,914-902-8087,ecrubinfeld@gmail.com,general,MedSpa,A,HIGH,websearch,W1,websearch_snippet,68
B-W103-MS-0025,RNRC Aesthetics,Whitby,ON,CAN,https://www.rnrcaesthetics.com,,(905) 925-4607,musebyrnrc@outlook.com,,,A,,,W103-LaneB,,
MS-0063,Meadow Aesthetics Wichita,Wichita,KS,USA,https://www.meadowaesthetics.com/,meadowaesthetics.com,316-302-4744,info@meadowaesthetics.com,general,MedSpa,A,HIGH,Google Search,W4,,
MS-1080,Jeuje Aesthetics Wellness,Wichita,KS,USA,https://jeujeaesthetics.com/,jeujeaesthetics.com,(316) 352-7126,info@jeujeaesthetics.com,general,MedSpa,A,MEDIUM,Google Search,W4,websearch_snippet,80
MS-1081,BeautyDot Medical Day Spa,Wichita,KS,USA,https://beautydotspa.com/,beautydotspa.com,(316) 350-4030,connect@beautydotspa.com,general,MedSpa,A,MEDIUM,Google Search,W4,websearch_snippet,85
MS-1082,Glo Up Med Spa Wichita,Wichita,KS,USA,https://www.glo-upmedspawichita.com/,glo-upmedspawichita.com,(316) 821-6374,SUPPORT@GLO-UPMEDSPAWICHITA.COM,general,MedSpa,A,MEDIUM,Google Search,W4,websearch_snippet,80
MS-1083,Aesthetic Solutions KS,Wichita,KS,USA,https://www.aestheticsolutionsks.com/,aestheticsolutionsks.com,(316) 708-4451,aestheticsolutionsks@gmail.com,general,MedSpa,A,MEDIUM,Google Search,W4,websearch_snippet,80
MS-1239,Heartland Aesthetica,Wichita,,USA,https://heartlandaesthetica.com,heartlandaestheticacom,316.777.6393,aesthetica@heartland-derm.com,,MS,A,HIGH,websearch,W12,websearch_snippet,85
MS-1240,Hazel and Honey Med Spa,Wichita,,USA,https://www.hazelandhoneymedspa.com,hazelandhoneymedspacom,(316) 500-7603,info@hazelandhoneymedspa.com,,MS,A,HIGH,websearch,W12,websearch_snippet,80
MS-1241,Spa MD Beauty Wichita,Wichita,,USA,https://www.spamdbeauty.com,spamdbeautycom,316-425-7980,info@spaMDbeauty.com,,MS,A,HIGH,websearch,W12,websearch_snippet,80
B-W102-MS-0028,Radiance Medical Aesthetics & Wellness,Williston,VT,US,https://radiancevt.com,,(802) 777-7300,,injectables; hormones; wellness; anti-aging,,A,,,W102-LaneB,,
B-W99-MS-0004,Self Skin Studio,Wilmington,NC,USA,https://selfskinstudio.com,selfskinstudio.com,+19109450123,,skin,MedSpa,A,80,websearch,W99-LaneB,websearch,80
B-W102-MS-0006,House of Aesthetics,Wilmington,NC,US,https://houseofaestheticsnc.com,,(919) 297-8682,,injectables; anti-aging; weight-loss,,A,,,W102-LaneB,,
B-W103-MS-0012,Lavish Wellness & Aesthetics,Wilmington,DE,USA,https://livelavishde.com,,(302) 604-3448,info@livelavishde.com,,,A,,,W103-LaneB,,
B-W103-MS-0013,Evri Aesthetics,Wilmington,DE,USA,https://evriaesthetics.com,,(302) 784-3874,,,,A,,,W103-LaneB,,
MS-1084,Well House Wellness,Winchester,VA,USA,https://wellhouseinstitute.com,wellhouseinstitute.com,(540) 313-4174,info@wellhouseinstitute.com,longevity,MedSpa,A,HIGH,WebSearch,W4,websearch_snippet,80
MS-1085,Glow & Go Beauty Medical Spa,Windsor,ON,Canada,https://www.glowngobeauty.ca/,glowngobeauty.ca,,info@glowngobeauty.ca,general,MedSpa,A,HIGH,WebSearch,W3,pattern_inferred_domain,65
MS-1086,Bloom Society Windsor,Windsor,ON,Canada,https://www.bloomsociety.ca/,bloomsociety.ca,519-991-6287,bloomsocietyaida@gmail.com,general,MedSpa,A,HIGH,WebSearch,W3,websearch_snippet,80
MS-1087,Skin Medical Aesthetics Windsor,Windsor,ON,Canada,https://skinmedical.ca/,skinmedical.ca,519-979-3877,info@skinmedical.ca,general,MedSpa,A,HIGH,WebSearch,W3,pattern_inferred_domain,65
MS-1088,Eden Medical & Aesthetics,Windsor,ON,Canada,https://www.edenmedical.ca/,edenmedical.ca,,info@edenmedical.ca,general,MedSpa,A,HIGH,WebSearch,W3,pattern_inferred_domain,65
MS-1089,Elevate Medical Spa Windsor,Windsor,ON,Canada,https://www.elevatemedicalspa.ca/,elevatemedicalspa.ca,+1 226-674-1009,info@elevatemedicalspa.ca,general,MedSpa,A,HIGH,WebSearch,W3,pattern_inferred_domain,65
MS-1279,Visage Clinical Beauty,Winnipeg,,Canada,https://visagebeauty.ca,visagebeautyca,1-877-847-9398,visageclinicalbeauty1@gmail.com,,MS,A,HIGH,websearch,W12,websearch_snippet,80
MS-1280,The Injection Nurse Winnipeg,Winnipeg,,Canada,https://www.theinjectionnurse.com,theinjectionnursecom,204-291-7282,jessjacob@theinjectionnurse.com,,MS,A,HIGH,websearch,W12,websearch_direct,90
B-W99-MS-0014,Uplift Aesthetics,Winnipeg,MB,Canada,https://upliftaesthetics.ca,upliftaesthetics.ca,+14319985438,info@upliftaesthetics.ca,injectables,MedSpa,A,92,websearch,W99-LaneB,websearch,92
MS-1090,Surya Longevity Wellness,Winter Park,FL,USA,https://suryalongevity.com,suryalongevity.com,(407) 683-3995,info@suryalongevity.com,longevity,MedSpa,A,HIGH,WebSearch,W4,pattern_inferred_domain,65
B-W100-MS-0008,Skin Revival,Wollongong,NSW,AU,https://www.skinrevival.com.au,skinrevival.com.au,(02) 4201 0142,info@skinrevival.com.au,laser,MedSpa,A,88,WebSearch,W100-LaneB,manual-search,90
B-W102-MS-0031,Elizabeth Roche MedSpa,Woodcliff Lake,NJ,US,https://www.elizabethrochemedspa.com,,(201) 505-1020,,injectables; laser; anti-aging; skin,,A,,,W102-LaneB,,
MS-1091,Longevity Wellness & Med Spa (Woodstock GA),Woodstock,GA,USA,https://yourlongevitymd.com,yourlongevitymd.com,(770) 578-0785,hello@yourlongevitymd.com,longevity,MedSpa,A,HIGH,WebSearch,W4,websearch_snippet,85
MS-1392,Pure Bliss Aesthetics Worcester,Worcester,,USA,https://pureblissaesthetics.com,,(774) 262-6844,info@pureblissaesthetics.com,,MedSpa,A,,,W96,,
MS-1393,Aponi Aesthetics Worcester,Worcester,,USA,https://aponiaesthetics.com,,(508) 791-2900,info@aponiaesthetics.com,,MedSpa,A,,,W96,,
B-W101-MS-0043,Synergy MedAesthetics,Yakima,WA,USA,https://synergymedaesthetics.com,synergymedaesthetics.com,(509) 504-3477,yakima@synergymedaesthetics.com,body-contouring,MedSpa,A,high,web-search,W101-LaneB,direct-search,high
B-W104-MS-0010,Fiamo Aesthetics,Yakima,WA,USA,https://fiamoaesthetics.com,fiamoaesthetics.com,(509) 571-1361,fiamoaesthetics@gmail.com,injectables,MedSpa,A,,WebSearch,W104-LaneB,website_scrape,
B-W104-MS-0026,Rejuvenation Medical Aesthetics,Yakima,WA,USA,https://www.rejuvenationyakima.com,rejuvenationyakima.com,509-961-2234,,injectables,MedSpa,A,,WebSearch,W104-LaneB,website_scrape,
B-W100-MS-0028,face etc medispa,York,,UK,https://www.faceetcmedispa.co.uk,faceetcmedispa.co.uk,01904 675222,,injectables,MedSpa,A,80,WebSearch,W100-LaneB,manual-search,78
MS-1092,LX Gynecology & Medspa,various,TX,USA,https://lxmedspa.com,lxmedspa.com,,info@lxmedspa.com,pelvic-floor,MedSpa,A,HIGH,WebSearch,W4,pattern_inferred_domain,65
MS-1093,Joy Wellness Partners,various,various,USA,https://joywellnesspartners.com,joywellnesspartners.com,(858) 609-0866,info@joywellnesspartners.com,sexual-wellness,MedSpa,A,HIGH,WebSearch,W4,websearch_snippet,80
MS-1094,Nia Aesthetics MD,various,various,USA,https://niaaestheticsmd.com,niaaestheticsmd.com,210-595-9324,contact@niaaestheticsmd.com,minority-owned,MedSpa,A,HIGH,WebSearch,W4,websearch_snippet,80
MS-1095,Concierge Medical Arts,various,various,USA,https://www.conciergemedicalarts.com,conciergemedicalarts.com,(910) 302-9918,conciergemedicalarts@gmail.com,concierge,MedSpa,A,HIGH,WebSearch,W4,websearch_snippet,80
MS-1096,OhZone Clinics,various,various,USA,https://www.ohzoneclinics.com,ohzoneclinics.com,(214) 434-1175,jenny@ohzoneclinics.com,longevity,MedSpa,A,HIGH,WebSearch,W4,websearch_snippet,85
MS-1097,Integrative Health & Wellness,various,CA,USA,https://integrative-health.com,integrative-health.com,208-799-3333,wecare@ihmedspa.com,concierge,MedSpa,A,HIGH,WebSearch,W4,websearch_snippet,75
MS-1098,Haven Medical Spa (Women's Wellness),various,various,USA,https://womenswellnessnow.com,womenswellnessnow.com,573-449-9355,admin@womenswellnessnow.com,pelvic-floor,MedSpa,A,HIGH,WebSearch,W4,websearch_snippet,75
MS-1099,Rejuvenated MedSpa,various,various,USA,https://www.rejuvenatedmedspa.com,rejuvenatedmedspa.com,479-335-5777,info@rejuvenatedmedspa.com,longevity,MedSpa,A,HIGH,WebSearch,W4,websearch_snippet,80
MS-1100,Nulevel Wellness MedSpa,various,various,USA,https://nulevelwellnessmedspa.com,nulevelwellnessmedspa.com,(480) 771-7816,info@nulevelwellnessmedspa.com,longevity,MedSpa,A,HIGH,WebSearch,W4,websearch_snippet,80
B-W102-MS-0041,Aim Medical Aesthetics,Aberystwyth,,UK,https://www.fresha.com/a/aim-medical-aesthetics-aberystwyth-clinic-aberystwyth-4a-portland-road-ceo4b9s8,,,,injectables; anti-aging; skin,,B,,,W102-LaneB,,
B-W101-MS-0077,Eden Aesthetics & Med Spa,Abilene,TX,USA,https://edenmedspatexas.com,edenmedspatexas.com,,,injectables,MedSpa,B,medium,web-search,W101-LaneB,direct-search,medium
B-W99-MS-0010,Adelaide Cosmetic Medicine & Laser,Adelaide,SA,Australia,https://acml.com.au,acml.com.au,,,injectables,MedSpa,B,72,websearch,W99-LaneB,websearch,72
B-W101-MS-0020,Summit MedAesthetics,Akron,OH,USA,https://summitmedaesthetics.com,summitmedaesthetics.com,,,injectables,MedSpa,B,medium,web-search,W101-LaneB,direct-search,medium
B-W101-MS-0021,ReLux Medical Spa,Akron,OH,USA,https://reluxmedspa.com,reluxmedspa.com,,,injectables,MedSpa,B,medium,web-search,W101-LaneB,direct-search,medium
B-W101-MS-0064,Gemma Wellness Medical Spa,Akron,OH,USA,https://www.gemmawellnessmedicalspa.com,gemmawellnessmedicalspa.com,,,wellness,MedSpa,B,medium,web-search,W101-LaneB,direct-search,medium
B-W101-MS-0067,Vitality Med Spa,Akron,OH,USA,https://www.vitalitymed-spa.com,vitalitymed-spa.com,,,injectables,MedSpa,B,medium,web-search,W101-LaneB,direct-search,medium
MS-1505,INARI Aesthetics Albany NY,Albany,,USA,https://www.inariaesthetics.com,,,,,Botox/Filler/Microneedling,B,,,W98,,
MS-1413,Blume Skin and Beauty Albuquerque,Albuquerque,,USA,https://www.blumemedspa.com,,,,,MedSpa,B,,,W96,,
MS-1414,Sandia Skin and Face,Albuquerque,,USA,https://sandiaskinface.com,,,,,MedSpa,B,,,W96,,
B-W102-MS-0042,Medaesthetics Australia Alice Springs,Alice Springs,NT,Australia,https://healthengine.com.au/cosmetic-physician/nt/alice-springs/medaesthetics-australia/s44193,,,,injectables; anti-aging; skin,,B,,,W102-LaneB,,
MS-1498,Aesthetics Lab Allen Park MI,Allen Park,,USA,https://www.aestheticslabdetroit.com,,,,,Botox/Filler,B,,,W98,,
MS-1499,Just Aesthetic Nursing Allentown,Allentown,,USA,https://www.justaestheticnursing.com,,,,,Botox/Filler/Laser,B,,,W98,,
MS-1500,Valley MedSpa Allentown PA,Allentown,,USA,https://www.thevalleymedspa.com,,,,,Botox/Filler/Facial,B,,,W98,,
MS-1501,Azani Medical Spa Allentown,Allentown,,USA,https://www.azanimedicalspa.com,,,,,Botox/Filler/Wellness,B,,,W98,,
MS-1424,Luxe Beauty Amarillo,Amarillo,,USA,https://www.luxebeautyamarillo.com,,,,,MedSpa,B,,,W96,,
MS-1434,Beautiful You Texas Amarillo,Amarillo,,USA,https://www.beautifulyoutexas.com,,,,,MedSpa,B,,,W96,,
MS-1445,Elevate Alaska Aesthetics,Anchorage,,USA,https://www.elevateaestheticsalaska.com,,,,,Botox/Filler/Laser,B,,,W98,,
MS-1446,AK Functional Medicine Spa,Anchorage,,USA,https://www.akfunctionalmed.com,,,,,Botox/Filler/Wellness,B,,,W98,,
B-W101-MS-0024,Fine Lines Aesthetics and Wellness,Appleton,WI,USA,https://www.finelinesaestheticsandwellness.com,finelinesaestheticsandwellness.com,,,injectables,MedSpa,B,medium,web-search,W101-LaneB,direct-search,medium
B-W101-MS-0063,Pacific Coast Aesthetics,Aptos,CA,USA,https://www.pacificcoastaesthetics.com,pacificcoastaesthetics.com,,,injectables,MedSpa,B,medium,web-search,W101-LaneB,direct-search,medium
B-W100-MS-0020,Facial Aesthetics Ballarat,Ballarat,VIC,AU,https://www.facialaestheticsballarat.com,facialaestheticsballarat.com,,,facial-aesthetics,MedSpa,B,75,WebSearch,W100-LaneB,manual-search,70
MS-1450,Causey Med Aesthetic Baton Rouge,Baton Rouge,,USA,https://www.causeymedaesthetic.com,,,,,Botox/Filler/PRP,B,,,W98,,
MS-1451,Unique Aesthetics Wellness BR,Baton Rouge,,USA,https://www.myuniqueaesthetics.com,,,,,Botox/Filler/Laser,B,,,W98,,
MS-1452,St Julien Aesthetics BR,Baton Rouge,,USA,https://www.stjulienaesthetics.com,,,,,Botox/Filler/Laser,B,,,W98,,
MS-1453,Opulent House of Aesthetics BR,Baton Rouge,,USA,https://www.opulenthousebr.com,,,,,Botox/Filler/IV,B,,,W98,,
MS-1454,Body Image Aesthetics BR,Baton Rouge,,USA,https://www.bodyimageaesthetics.com,,,,,Botox/Filler/Laser,B,,,W98,,
MS-1455,Medical Spa of Baton Rouge,Baton Rouge,,USA,https://www.medicalspaofbatonrouge.com,,,,,Botox/Filler/Anti-Aging,B,,,W98,,
MS-1456,Elite Aesthetics Medspa BR,Baton Rouge,,USA,https://www.eliteaestheticsmedspa.com,,,,,Botox/Filler/Laser,B,,,W98,,
B-W101-MS-0071,NW MedAesthetics,Bellingham,WA,USA,https://nwmedaesthetics.com,nwmedaesthetics.com,,,injectables,MedSpa,B,medium,web-search,W101-LaneB,direct-search,medium
B-W101-MS-0072,Ola'nani Medspa,Bellingham,WA,USA,https://olananimedspa.com,olananimedspa.com,,,wellness,MedSpa,B,medium,web-search,W101-LaneB,direct-search,medium
MS-1317,Salt Aesthetics Bend OR,Bend,,USA,https://www.saltbend.com,,,,,MedSpa,B,,,W95,,
MS-1318,Bloom Aesthetics Bend OR,Bend,,USA,https://mybloomaesthetics.com,,,,,MedSpa,B,,,W95,,
MS-1319,Cascade Medical Spa Bend OR,Bend,,USA,https://medicalspabend.com,,,,,MedSpa,B,,,W95,,
MS-1354,Renewed You Med Spa Bend OR,Bend,,USA,https://www.renewed-you.com,,,,,MedSpa,B,,,W95,,
MS-1355,Elite Medi Spa Bend OR,Bend,,USA,https://elitemedispabend.com,,,,,MedSpa,B,,,W95,,
MS-1356,Central Oregon Aesthetics Bend OR,Bend,,USA,https://centraloregonaesthetics.com,,,,,MedSpa,B,,,W95,,
MS-1502,Wrights MedSpa Bethlehem PA,Bethlehem,,USA,https://www.wrightsmedspa.org,,,,,Botox/Filler/Laser,B,,,W98,,
MS-1503,Northeast Medical Aesthetics PA,Bethlehem,,USA,https://www.northeastmedicalaesthetics.com,,,,,Botox/Filler/Anti-Aging,B,,,W98,,
MS-1472,Pure Esthetics Birmingham AL,Birmingham,,USA,https://www.pureesthetics.com,,,,,Botox/Filler/Laser,B,,,W98,,
B-W99-MS-0026,New Radiance Medical & Aesthetics,Birmingham,AL,USA,https://newradiancemedical.com,newradiancemedical.com,,,IV-therapy,MedSpa,B,74,websearch,W99-LaneB,websearch,74
MS-1311,Ascend MedSpa Boise,Boise,,USA,https://www.ascendmedspa.net,,,,,MedSpa,B,,,W95,,
B-W101-MS-0052,Enhance Clinispa,Bolton,Greater Manchester,UK,https://enhanceclinispa.com,enhanceclinispa.com,,,skin,MedSpa,B,medium,web-search,W101-LaneB,direct-search,medium
MS-1344,Aura Boulder Med Spa,Boulder,,USA,https://auraboulder.com,,,,,MedSpa,B,,,W95,,
MS-1375,Crafted Aesthetics Wellness Bozeman,Bozeman,,USA,https://www.craftedaestheticsmt.com,,,,,MedSpa,B,,,W96,,
B-W99-MS-0008,Face to Face Medical Aesthetics,Bristol,,UK,https://facetofacemed.com,facetofacemed.com,,,injectables,MedSpa,B,76,websearch,W99-LaneB,websearch,76
MS-1504,Ethereal Beauty Buffalo NY,Buffalo,,USA,https://www.etherealbeautybuffalo.com,,,,,Botox/Filler,B,,,W98,,
B-W101-MS-0082,Fusion Aesthetics,Bunbury,WA,Australia,https://fusionaesthetics.com.au,fusionaesthetics.com.au,,,injectables,MedSpa,B,medium,web-search,W101-LaneB,direct-search,medium
MS-1388,DeeTox Skin Burlington VT,Burlington,,USA,https://deetoxskin.com,,,,,MedSpa,B,,,W96,,
MS-1304,BC Orchard Aesthetic Burnaby,Burnaby,,Canada,https://bcorchardaesthetics.com,,,,,MedSpa,B,,,W95,,
MS-1363,Pacific Plastic Surgery Group Burnaby,Burnaby,,Canada,https://www.pacificplasticsurgerygroup.ca,,,,,MedSpa,B,,,W95,,
MS-1514,Heights Laser Centre Burnaby,Burnaby,,Canada,https://www.heightslaser.com,,,,,Botox/Filler/Laser,B,,,W98,,
MS-1515,R-MEDY Aesthetics Burnaby BC,Burnaby,,Canada,https://www.rmedyaesthetics.com,,,,,Botox/Filler/Laser,B,,,W98,,
MS-1335,Scarlett Hawkins Medspa Charleston,Charleston,,USA,https://scarletthawkinsmedspa.com,,,,,MedSpa,B,,,W95,,
MS-1336,Access Aesthetics Charleston,Charleston,,USA,https://accesshealthcarecharleston.com,,,,,MedSpa,B,,,W95,,
MS-1337,Totality MediSpa Charleston,Charleston,,USA,https://www.totalitymed.com,,,,,MedSpa,B,,,W95,,
MS-1383,Youthful You Medaesthetics,Charlottetown,,Canada,https://youthfulyoupei.com,,,,,MedSpa,B,,,W96,,
MS-1462,CFR Aesthetics Chattanooga,Chattanooga,,USA,https://www.chattanoogaface.com,,,,,Botox/Filler/Laser,B,,,W98,,
MS-1463,Revive Aesthetics Chattanooga,Chattanooga,,USA,https://www.wereviveu.com,,,,,Botox/Filler/Facial,B,,,W98,,
MS-1464,Flawless Aesthetics Chattanooga,Chattanooga,,USA,https://www.flawlesschattanooga.com,,,,,Botox/Filler/Laser,B,,,W98,,
MS-1465,Thrive Wellness Chattanooga,Chattanooga,,USA,https://www.thethrivewellness.com,,,,,Botox/Filler/IV,B,,,W98,,
MS-1466,Curate MedAesthetics Chattanooga,Chattanooga,,USA,https://www.curatemedspa.com,,,,,Botox/Filler/IV,B,,,W98,,
B-W101-MS-0065,Define Aesthetics Chico,Chico,CA,USA,https://www.defineaestheticschico.com,defineaestheticschico.com,,,injectables,MedSpa,B,medium,web-search,W101-LaneB,direct-search,medium
MS-1325,Atalo Aesthetics MedSpa Cincinnati,Cincinnati,,USA,https://ataloaesthetics.com,,,,,MedSpa,B,,,W95,,
MS-1326,Unmasked Aesthetics Cincinnati,Cincinnati,,USA,https://www.unmaskedaesthetics.com,,,,,MedSpa,B,,,W95,,
MS-1327,Livio Med Spa Cincinnati,Cincinnati,,USA,https://www.liviospa.com,,,,,MedSpa,B,,,W95,,
MS-1328,Victory Wellness Medspa Cincinnati,Cincinnati,,USA,https://victorywellness.com,,,,,MedSpa,B,,,W95,,
MS-1349,Aeterna Aesthetics Cincinnati,Cincinnati,,USA,https://www.aeterna-aesthetics.com,,,,,MedSpa,B,,,W95,,
B-W101-MS-0027,Studio G Aesthetics Medical Spa,Columbia,SC,USA,https://www.studiogaesthetics.com,studiogaesthetics.com,,,body-contouring,MedSpa,B,medium,web-search,W101-LaneB,direct-search,medium
B-W101-MS-0028,Vivid Aesthetics,Columbia,SC,USA,https://vividaesthetics.com,vividaesthetics.com,,,injectables,MedSpa,B,medium,web-search,W101-LaneB,direct-search,medium
MS-1321,Nina Deep MD Aesthetics Columbus,Columbus,,USA,https://www.ninadeep.com,,,,,MedSpa,B,,,W95,,
MS-1322,Boss Gal Beauty Bar Columbus,Columbus,,USA,https://www.bossgalbeautybar.com,,,,,MedSpa,B,,,W95,,
MS-1323,Astria Aesthetics Columbus,Columbus,,USA,https://astriaaesthetics.com,,,,,MedSpa,B,,,W95,,
B-W101-MS-0014,Taylor Med Spa,Corpus Christi,TX,USA,https://taylormedspa.com,taylormedspa.com,,,injectables,MedSpa,B,medium,web-search,W101-LaneB,direct-search,medium
B-W101-MS-0069,Coastal Spa MD,Corpus Christi,TX,USA,https://www.coastalspamd.com,coastalspamd.com,,,wellness,MedSpa,B,medium,web-search,W101-LaneB,direct-search,medium
MS-1488,Flo Aesthetics Iowa,Des Moines,,USA,https://www.floaestheticsiowa.com,,,,,Botox/Filler/PRF,B,,,W98,,
MS-1489,Own Aesthetics West Des Moines,Des Moines,,USA,https://www.ownaesthetics.com,,,,,Botox/Filler/Body Contouring,B,,,W98,,
MS-1490,BodyRenewal West Des Moines,Des Moines,,USA,https://www.bodyrenewal.com,,,,,Botox/Body Contouring,B,,,W98,,
MS-1491,SOMA Cosmetic Surgery Aesthetics DSM,Des Moines,,USA,https://www.somadsm.com,,,,,Botox/Filler/Laser,B,,,W98,,
MS-1428,Dermapure Dieppe,Dieppe,,Canada,https://www.dermapure.com/en/locations/dieppe,,,,,MedSpa,B,,,W96,,
B-W101-MS-0053,Edinburgh Medical Aesthetics,Edinburgh,Scotland,UK,https://www.emaclinic.co.uk,emaclinic.co.uk,,,injectables,MedSpa,B,medium,web-search,W101-LaneB,direct-search,medium
B-W101-MS-0054,DRVICTORIA Aesthetics,Edinburgh,Scotland,UK,https://drvictoria.co.uk,drvictoria.co.uk,,,anti-aging,MedSpa,B,medium,web-search,W101-LaneB,direct-search,medium
B-W101-MS-0055,The Stockbridge Clinic,Edinburgh,Scotland,UK,https://stockbridgeclinic.com,stockbridgeclinic.com,,,injectables,MedSpa,B,medium,web-search,W101-LaneB,direct-search,medium
B-W101-MS-0081,Surface Beauty Aesthetics,Edinburgh,Scotland,UK,https://www.surfacebeauty.co.uk,surfacebeauty.co.uk,,,injectables,MedSpa,B,medium,web-search,W101-LaneB,direct-search,medium
MS-1368,Uplift Advanced Aesthetics Laser,Edwards,,USA,https://www.upliftadvancedaestheticsandlaserclinic.com,,,,,MedSpa,B,,,W96,,
B-W100-MS-0026,Sun City Laser,El Paso,TX,US,https://suncitylaser.com,suncitylaser.com,,,laser,MedSpa,B,75,WebSearch,W100-LaneB,manual-search,70
MS-1387,Skin Deep Medical Aesthetics,Essex Junction,,USA,https://skindeepvt.com,,,,,MedSpa,B,,,W96,,
MS-1308,Willow Health and Aesthetics Eugene,Eugene,,USA,https://www.willowhealthandaesthetics.com,,,,,MedSpa,B,,,W95,,
MS-1309,Refine Medical Center Eugene,Eugene,,USA,https://www.refinemedicalcl.com,,,,,MedSpa,B,,,W95,,
MS-1310,Absolute Laser MD Eugene,Eugene,,USA,https://www.absolutelasermd.com,,,,,MedSpa,B,,,W95,,
B-W100-MS-0016,Exthetics Clinic,Exeter,,UK,https://exthetics.co.uk,exthetics.co.uk,,,injectables,MedSpa,B,80,WebSearch,W100-LaneB,manual-search,75
MS-1408,Revitalize CNY Fayetteville,Fayetteville,,USA,https://www.revitalizecny.com,,,,,MedSpa,B,,,W96,,
MS-1313,Harmony Skin and Wellness Fort Collins,Fort Collins,,USA,https://harmonyskin.com,,,,,MedSpa,B,,,W95,,
MS-1314,Miramont MedSpa Fort Collins,Fort Collins,,USA,https://www.miramontmedspa.us,,,,,MedSpa,B,,,W95,,
MS-1315,FASE Skin Laser Studio Fort Collins,Fort Collins,,USA,https://fasemedspa.com,,,,,MedSpa,B,,,W95,,
MS-1316,Xanadu Med Spa Fort Collins,Fort Collins,,USA,https://www.xanadumedspa.com,,,,,MedSpa,B,,,W95,,
MS-1377,Vibrant Salon and Spa Medispa,Fredericton,,Canada,https://www.vibrantsalonandspa.com/medispa,,,,,MedSpa,B,,,W96,,
MS-1439,Awaken Aesthetics Anti-Aging Fresno,Fresno,,USA,https://www.awakenfresno.com,,,,,Botox/Filler/Anti-Aging,B,,,W98,,
MS-1440,Savage Serenity Spa Fresno,Fresno,,USA,https://www.savageserenityspa.com,,,,,Botox/Filler/Laser,B,,,W98,,
MS-1364,Aesthetic Center of Richmond Glen Allen,Glen Allen,,USA,https://aestheticcenterofrichmonddermatology.com,,,,,MedSpa,B,,,W95,,
MS-1400,Artistry of Face Glens Falls,Glens Falls,,USA,https://www.artistryofface.com,,,,,MedSpa,B,,,W96,,
B-W99-MS-0035,Rejuven8 Cosmetix,Gold Coast,QLD,Australia,https://rejuven8cosmetix.com.au,rejuven8cosmetix.com.au,,,injectables,MedSpa,B,74,websearch,W99-LaneB,websearch,74
B-W101-MS-0023,Ambiance MD Medical Spa,Green Bay,WI,USA,https://ambiancemd.com,ambiancemd.com,,,injectables,MedSpa,B,medium,web-search,W101-LaneB,direct-search,medium
B-W101-MS-0073,REN Rejuvenation Bar,Green Bay,WI,USA,https://www.renrejuvenationbar.com,renrejuvenationbar.com,,,injectables,MedSpa,B,medium,web-search,W101-LaneB,direct-search,medium
MS-1338,Alma Rose Greenville SC,Greenville,,USA,https://almarose.com,,,,,MedSpa,B,,,W95,,
MS-1339,OptimalSelf MD Greenville,Greenville,,USA,https://www.optimalselfmd.com,,,,,MedSpa,B,,,W95,,
MS-1358,Augusta Road Aesthetics Greenville,Greenville,,USA,https://www.augustaroadaesthetics.com,,,,,MedSpa,B,,,W95,,
MS-1359,Galen Healthcare Aesthetics Greenville,Greenville,,USA,https://galenhealthcaresc.com,,,,,MedSpa,B,,,W95,,
B-W101-MS-0080,First Aesthetics Guildford,Guildford,Surrey,UK,https://firstaesthetics.co.uk,firstaesthetics.co.uk,,,injectables,MedSpa,B,medium,web-search,W101-LaneB,direct-search,medium
MS-1285,DermaEnvy Skincare Halifax,Halifax,,Canada,https://www.dermaenvy.com/halifax,,,,,MedSpa,B,,,W95,,
MS-1295,Esteva MedSpa Hamilton,Hamilton,,Canada,https://estevaspa.ca,,,,,MedSpa,B,,,W95,,
MS-1296,DDG Med Spa Hamilton,Hamilton,,Canada,https://ddgmedspa.com,,,,,MedSpa,B,,,W95,,
MS-1345,Unity Beauty Hamilton ON,Hamilton,,Canada,https://unitybeauty.ca,,,,,MedSpa,B,,,W95,,
MS-1361,Morali Medical Aesthetics Hamilton,Hamilton,,Canada,https://www.moralimedical.ca,,,,,MedSpa,B,,,W95,,
MS-1444,MW Aesthetics Hawaii,Honolulu,,USA,https://www.mwaestheticshawaii.com,,,,,Botox/Filler,B,,,W98,,
MS-1385,Modern Medspa NH,Hooksett,,USA,https://www.modernmedspanh.com,,,,,MedSpa,B,,,W96,,
MS-1320,Uesthetics Indianapolis,Indianapolis,,USA,https://uestheticsindy.com,,,,,MedSpa,B,,,W95,,
MS-1348,Elysian Medspa Indianapolis,Indianapolis,,USA,https://elysianmedirejuv.com,,,,,MedSpa,B,,,W95,,
B-W101-MS-0050,The Nightingale Wellness Clinic,Ipswich,Suffolk,UK,https://nightingalewellnessclinic.co.uk,nightingalewellnessclinic.co.uk,,,injectables,MedSpa,B,medium,web-search,W101-LaneB,direct-search,medium
MS-1426,Method JH,Jackson,,USA,https://www.methodjh.com,,,,,MedSpa,B,,,W96,,
MS-1371,Idaho Skin Center Ketchum,Ketchum,,USA,https://idskincenter.com,,,,,MedSpa,B,,,W96,,
MS-1372,Dr. Christine Brozowski Aesthetics,Ketchum,,USA,http://doctorofbeauty.com,,,,,MedSpa,B,,,W96,,
MS-1510,Beauty In The East Kingston ON,Kingston,,Canada,https://www.beautyintheeast.ca,,,,,Botox/Filler/Facial,B,,,W98,,
MS-1297,YourSkinRN Kitchener,Kitchener,,Canada,https://yourskinrn.ca,,,,,MedSpa,B,,,W95,,
MS-1298,3D Lifestyle Kitchener,Kitchener,,Canada,https://3dlifestylekitchener.ca,,,,,MedSpa,B,,,W95,,
MS-1459,The Skin Bar Knoxville,Knoxville,,USA,https://www.theskinbarknoxville.com,,,,,Botox/Filler/Facial,B,,,W98,,
MS-1460,Skin and Sculpt Medical Spa Knoxville,Knoxville,,USA,https://www.skinandsculptmedspa.com,,,,,Botox/Filler/Body Contouring,B,,,W98,,
MS-1461,Culture Med Spa Knoxville,Knoxville,,USA,https://www.culturemedspa.com,,,,,Botox/Filler/IV,B,,,W98,,
MS-1473,Pine and River Aesthetics LR,Little Rock,,USA,https://www.pineandriverar.com,,,,,Botox/Filler,B,,,W98,,
MS-1474,LC Aesthetics Wellness LR,Little Rock,,USA,https://www.lcawellness.com,,,,,Botox/Filler/Wellness,B,,,W98,,
MS-1475,Lotus Luxe Med Spa LR,Little Rock,,USA,https://www.lotusluxemedspa.com,,,,,Botox/Filler/Laser,B,,,W98,,
MS-1476,Painted Rock Health Wellness LR,Little Rock,,USA,https://www.paintedrockhealth.com,,,,,Botox/Filler/IV,B,,,W98,,
MS-1477,RSM Aesthetics Little Rock,Little Rock,,USA,https://www.rsmlr.com,,,,,Botox/Filler/IV,B,,,W98,,
MS-1478,eK Aesthetics Wellness LR,Little Rock,,USA,https://www.ekaestheticsandwellness.com,,,,,Botox/Filler/Wellness,B,,,W98,,
MS-1479,Nirvana Med Spa LR,Little Rock,,USA,https://www.nirvana-medspa.com,,,,,Botox/Filler/Laser,B,,,W98,,
MS-1480,SKN at Franks Dermatology LR,Little Rock,,USA,https://www.sknatfranksderm.com,,,,,Botox/Filler/Derma,B,,,W98,,
MS-1299,Kontour Medical Aesthetics London ON,London,,Canada,https://www.kntr.ca,,,,,MedSpa,B,,,W95,,
MS-1300,bespoke by SkinAlchemy London ON,London,,Canada,https://www.soniavilos.com,,,,,MedSpa,B,,,W95,,
MS-1301,Modern Aesthetics London ON,London,,Canada,https://www.modernaestheticsca.com,,,,,MedSpa,B,,,W95,,
MS-1302,Beauty Within London ON,London,,Canada,https://beautywithin.ca,,,,,MedSpa,B,,,W95,,
MS-1360,Hope Cosmetics London ON,London,,Canada,https://hopecosmetics.ca,,,,,MedSpa,B,,,W95,,
MS-1353,Nu Reflections Medspa Loveland CO,Loveland,,USA,https://www.nrmedspa.com,,,,,MedSpa,B,,,W95,,
MS-1417,Lubbock Aesthetic Clinic,Lubbock,,USA,https://www.lubbockaestheticclinic.com,,,,,MedSpa,B,,,W96,,
MS-1420,Stay Toxd MedSpa Lubbock,Lubbock,,USA,https://www.staytoxd.net,,,,,MedSpa,B,,,W96,,
MS-1432,Lubbock Aesthetic Clinic West Texas Eye,Lubbock,,USA,https://www.westtexaseye.com/aesthetics,,,,,MedSpa,B,,,W96,,
MS-1433,Vital Luxe Aesthetics Lubbock,Lubbock,,USA,https://vitalluxe-aestheticsbest.com,,,,,MedSpa,B,,,W96,,
B-W101-MS-0031,Wyndhurst Medical Aesthetics,Lynchburg,VA,USA,https://www.wyndhurstaesthetics.com,wyndhurstaesthetics.com,,,injectables,MedSpa,B,medium,web-search,W101-LaneB,direct-search,medium
B-W101-MS-0070,Best Aesthetics Medspa,Lynchburg,VA,USA,https://www.bestaestheticsmedspa.com,bestaestheticsmedspa.com,,,injectables,MedSpa,B,medium,web-search,W101-LaneB,direct-search,medium
B-W101-MS-0058,Allure Laser and Skin Studio,Mackay,QLD,Australia,https://www.allureclinic.com.au,allureclinic.com.au,,,laser,MedSpa,B,medium,web-search,W101-LaneB,direct-search,medium
MS-1492,Lume Aesthetics Madison WI,Madison,,USA,https://www.lumeaestheticswi.com,,,,,Botox/Filler/Laser,B,,,W98,,
MS-1493,WHOW Aesthetics Wisconsin,Madison,,USA,https://www.whowaesthetics.com,,,,,Botox/Filler/Wellness,B,,,W98,,
B-W101-MS-0041,The LC Aesthetics,McAllen,TX,USA,https://www.thelcaesthetics.com,thelcaesthetics.com,,,injectables,MedSpa,B,medium,web-search,W101-LaneB,direct-search,medium
B-W101-MS-0019,The District Aesthetic Medspa,Medford,OR,USA,https://aesthetic-district.com,aesthetic-district.com,,,injectables,MedSpa,B,medium,web-search,W101-LaneB,direct-search,medium
B-W101-MS-0079,Renew Medical Spa,Medford,OR,USA,https://www.thespamedford.com,thespamedford.com,,,skin,MedSpa,B,medium,web-search,W101-LaneB,direct-search,medium
MS-1457,901 Aesthetics Memphis,Memphis,,USA,https://www.901aesthetics.com,,,,,Botox/Filler/Microneedling,B,,,W98,,
MS-1458,Amenities Wellness Spa Memphis,Memphis,,USA,https://www.amenitieswellnessspa.com,,,,,Botox/Filler/IV,B,,,W98,,
MS-1312,B'tox Babe Meridian ID,Meridian,,USA,https://www.btoxbabe.com,,,,,MedSpa,B,,,W95,,
MS-1357,Boise Botox Beauty Meridian ID,Meridian,,USA,https://www.boisebotoxbeauty.com,,,,,MedSpa,B,,,W95,,
B-W101-MS-0078,The Glow Medspa,Midland,TX,USA,https://www.theglowmedspa.com,theglowmedspa.com,,,injectables,MedSpa,B,medium,web-search,W101-LaneB,direct-search,medium
MS-1494,Trilogy Medispa Milwaukee,Milwaukee,,USA,https://www.trilogy-medispa.com,,,,,Botox/Filler,B,,,W98,,
MS-1495,East Town Salon MedSpa Milwaukee,Milwaukee,,USA,https://www.milwaukeeinjections.com,,,,,Botox/Filler/Facial,B,,,W98,,
MS-1468,MD Aesthetics Mobile Bay,Mobile,,USA,https://www.mdaestheticsmobilebay.com,,,,,Botox/Filler/Laser,B,,,W98,,
MS-1469,Coastal Contours Wellness Mobile,Mobile,,USA,https://www.coastalcontours.com,,,,,Botox/Filler/Body Contouring,B,,,W98,,
MS-1470,Movel Medical Aesthetics Mobile,Mobile,,USA,https://www.movelmedspa.com,,,,,Botox/Filler/Laser,B,,,W98,,
MS-1471,Platinum Aesthetics Mobile AL,Mobile,,USA,https://www.platinummobilemedspa.com,,,,,Botox/Filler/Body Contouring,B,,,W98,,
MS-1286,Dr. SashAesthetics Moncton,Moncton,,Canada,https://www.drsashaesthetics.ca,,,,,MedSpa,B,,,W95,,
B-W100-MS-0027,Modern Skin Medispa,Moncton,NB,CA,https://modernskin.ca,modernskin.ca,,,skin,MedSpa,B,75,WebSearch,W100-LaneB,manual-search,70
B-W101-MS-0066,Nanaimo Botox Clinic,Nanaimo,BC,Canada,https://nanaimobotoxclinic.com,nanaimobotoxclinic.com,,,injectables,MedSpa,B,medium,web-search,W101-LaneB,direct-search,medium
MS-0664,Naples Facial Botox Med Spa,Naples,FL,USA,https://naplesfacialbotoxmedspa.com/,naplesfacialbotoxmedspa.com,,,general,MedSpa,B,HIGH,websearch,W1,,
MS-1467,Thomas Rose Aesthetics Nashville,Nashville,,USA,https://www.thomasrosemedspa.com,,,,,Botox/Filler/Laser,B,,,W98,,
MS-1447,Belle Aesthetics NOLA,New Orleans,,USA,https://www.belleaestheticsnola.com,,,,,Botox/Filler/Facial,B,,,W98,,
MS-1448,Regenesis Med Studio NOLA,New Orleans,,USA,https://www.regenesisspa.com,,,,,Botox/Filler/Laser,B,,,W98,,
MS-1449,Beauty Deep Medspa NOLA,New Orleans,,USA,https://www.beautydeep.info,,,,,Botox/Filler,B,,,W98,,
MS-0678,The Drip Doc,New York,NY,USA,https://dripdocwellness.com,dripdocwellness.com,,,iv-lounge,MedSpa,B,HIGH,web,W2,,
MS-0690,NeoGraft Hair Transplant NY,New York,NY,USA,https://neografthairtransplantny.com,neografthairtransplantny.com,,,hair-restoration,MedSpa,B,HIGH,web,W2,,
MS-0691,Nova Hair Transplant,New York,NY,USA,https://novahairtransplantnyc.com,novahairtransplantnyc.com,,,hair-restoration,MedSpa,B,HIGH,web,W2,,
B-W100-MS-0014,Norwich Aesthetics Clinic,Norwich,,UK,https://www.norwichaesthetics.com,norwichaesthetics.com,,,injectables,MedSpa,B,78,WebSearch,W100-LaneB,manual-search,72
MS-1482,Renew Wellness Aesthetics OKC,Oklahoma City,,USA,https://www.renewoklahoma.com,,,,,Botox/Filler/Wellness,B,,,W98,,
MS-1483,Mariposa Med Spa OKC,Oklahoma City,,USA,https://www.mariposaokc.com,,,,,Botox/Filler/Laser,B,,,W98,,
MS-1484,L3 Aesthetics OKC,Oklahoma City,,USA,https://www.l3aesthetics.com,,,,,Botox/Filler/Laser,B,,,W98,,
MS-1485,Aesthetic Center of Excellence OKC,Oklahoma City,,USA,https://www.acemedspa.com,,,,,Botox/Filler/Laser,B,,,W98,,
MS-1486,Ella Rose Aesthetics Omaha,Omaha,,USA,https://www.ellaroseaesthetics.com,,,,,Botox/Filler/Anti-Aging,B,,,W98,,
MS-1487,Elevate Recovery Medspa Omaha,Omaha,,USA,https://www.elevaterecoveryandmedspa.com,,,,,Botox/Filler/Wellness,B,,,W98,,
B-W102-MS-0043,Medical Aesthetics Orange NSW,Orange,NSW,Australia,https://www.medicalaestheticsorange.com,,,,injectables; anti-aging; skin,,B,,,W102-LaneB,,
B-W104-MS-0019,Medical Aesthetics Orange,Orange,NSW,Australia,(https://www.medicalaestheticsorange.com),(https,,,injectables,MedSpa,B,,WebSearch,W104-LaneB,website_scrape,
MS-1283,Kanata Skin Clinic,Ottawa,,Canada,http://www.kanataskinclinic.ca,,,,,MedSpa,B,,,W95,,
MS-1379,REFYNE MEDI SPA,Paradise,,Canada,https://www.refynenl.ca,,,,,MedSpa,B,,,W96,,
MS-1370,Align Elevated Spa,Park City,,USA,https://alignspa.com,,,,,MedSpa,B,,,W96,,
B-W100-MS-0025,Grace and Grey Med Spa,Pensacola,FL,US,https://graceandgreymedspa.com,graceandgreymedspa.com,,,injectables,MedSpa,B,80,WebSearch,W100-LaneB,manual-search,75
B-W101-MS-0048,SO Laser & Skin (South Okanagan),Penticton,BC,Canada,https://www.solaserandskin.ca,solaserandskin.ca,,,laser,MedSpa,B,medium,web-search,W101-LaneB,direct-search,medium
MS-1324,fillir Pittsburgh,Pittsburgh,,USA,https://www.fillir.com,,,,,MedSpa,B,,,W95,,
MS-1391,Rytualist Portland ME,Portland,,USA,https://rytualist.com,,,,,MedSpa,B,,,W96,,
B-W101-MS-0037,Prescott Medical Aesthetics,Prescott,AZ,USA,https://prescottbotox.com,prescottbotox.com,,,injectables,MedSpa,B,medium,web-search,W101-LaneB,direct-search,medium
B-W101-MS-0038,Aphrodite Aesthetics & Wellness,Prescott,AZ,USA,https://aphroditeaestheticsaz.com,aphroditeaestheticsaz.com,,,wellness,MedSpa,B,medium,web-search,W101-LaneB,direct-search,medium
MS-1284,Reflet Clinique Quebec City,Quebec City,,Canada,https://www.refletclinique.com,,,,,MedSpa,B,,,W95,,
MS-1329,La Miel Aesthetics Raleigh,Raleigh,,USA,https://www.lamielaesthetics.com,,,,,MedSpa,B,,,W95,,
MS-1330,Blossum Aesthetics Co Raleigh,Raleigh,,USA,https://www.blossumaesthetics.com,,,,,MedSpa,B,,,W95,,
MS-1331,Hello Beautiful Raleigh,Raleigh,,USA,https://www.hellobeautifulraleigh.com,,,,,MedSpa,B,,,W95,,
MS-1332,The MedSpa Raleigh,Raleigh,,USA,https://themedsparaleigh.com,,,,,MedSpa,B,,,W95,,
MS-1333,BeautyCO Raleigh,Raleigh,,USA,https://btyco.com,,,,,MedSpa,B,,,W95,,
MS-1334,Synergy Face Body Raleigh,Raleigh,,USA,https://feelsynergy.com,,,,,MedSpa,B,,,W95,,
MS-1346,All About Aesthetics Raleigh,Raleigh,,USA,https://www.allaboutaesthetics.com,,,,,MedSpa,B,,,W95,,
MS-1347,Amelia Medspa Raleigh,Raleigh,,USA,https://www.askamelia.com,,,,,MedSpa,B,,,W95,,
MS-1342,Graceful Glow Medspa Redmond WA,Redmond,,USA,https://www.gracefulglowmedspa.org,,,,,MedSpa,B,,,W95,,
MS-1343,Eastside Aesthetics by Lena Redmond,Redmond,,USA,https://eastsideaestheticsbylena.com,,,,,MedSpa,B,,,W95,,
MS-1513,Visage Medical Aesthetics Regina,Regina,,Canada,https://www.visagemedicalregina.ca,,,,,Botox/Filler/Laser,B,,,W98,,
MS-1340,Diverse Aesthetics Richmond VA,Richmond,,USA,https://www.diverseaesthetics.com,,,,,MedSpa,B,,,W95,,
MS-1341,Moke Aesthetics Richmond VA,Richmond,,USA,https://www.mokeaesthetics.com,,,,,MedSpa,B,,,W95,,
MS-1350,Dermlounge Richmond VA,Richmond,,USA,https://www.dermlounge.com,,,,,MedSpa,B,,,W95,,
MS-1441,Magnolia Medical Aesthetics Riverside,Riverside,,USA,https://www.magnoliabodysculpting.com,,,,,Botox/Filler/Body Contouring,B,,,W98,,
MS-1442,Glamour Med Spa Riverside,Riverside,,USA,https://www.glamourmed-spa.com,,,,,Botox/Filler,B,,,W98,,
MS-1443,MedSkin Essentials Riverside,Riverside,,USA,https://www.medskinessentials.com,,,,,Botox/Filler/Skincare,B,,,W98,,
B-W101-MS-0032,Agenacare Aesthetics,Roanoke,VA,USA,https://www.agenacareaesthetics.com,agenacareaesthetics.com,,,wellness,MedSpa,B,medium,web-search,W101-LaneB,direct-search,medium
MS-1401,EvenFlow Aesthetics Rochester,Rochester,,USA,https://evenflowaesthetics.com,,,,,MedSpa,B,,,W96,,
MS-1402,LUMAesthetics Rochester,Rochester,,USA,https://www.lumaesthetics.com,,,,,MedSpa,B,,,W96,,
MS-1403,Tinytox Collab Rochester,Rochester,,USA,https://www.tinytoxcollab.com,,,,,MedSpa,B,,,W96,,
MS-1404,ANEW Image MedSpa Rochester,Rochester,,USA,https://www.anewimagemedspa.com,,,,,MedSpa,B,,,W96,,
MS-1405,EWA MedSpa Rochester,Rochester,,USA,https://ewamedspa.com,,,,,MedSpa,B,,,W96,,
MS-1497,Awaken Aesthetics Metro Detroit,Royal Oak,,USA,https://www.awaken-aesthetics.com,,,,,Botox/Filler/Laser,B,,,W98,,
MS-1437,Natomas Laser and Aesthetics,Sacramento,,USA,https://www.natomaslaser.com,,,,,Botox/Filler/Body Contouring,B,,,W98,,
MS-1438,Aesthetic Envy Sacramento,Sacramento,,USA,https://www.aestheticenvy.com,,,,,Botox/Filler/Laser,B,,,W98,,
MS-1435,Blu Cocoon Medspa,San Jose,,USA,https://www.blucocoonmedspa.com,,,,,Botox/Filler/Facial,B,,,W98,,
B-W101-MS-0012,MiraMed and Day Spa,Santa Barbara,CA,USA,https://miramedanddayspa.com,miramedanddayspa.com,,,anti-aging,MedSpa,B,medium,web-search,W101-LaneB,direct-search,medium
MS-1436,Wonder Medical Spa Santa Clara,Santa Clara,,USA,https://www.wondermedicalspa.com,,,,,Botox/Filler/Laser,B,,,W98,,
B-W101-MS-0062,Santa Cruz Med Spa,Santa Cruz,CA,USA,https://www.santacruzmedspa.com,santacruzmedspa.com,,,injectables,MedSpa,B,medium,web-search,W101-LaneB,direct-search,medium
B-W101-MS-0068,Aesthetics of Santa Fe,Santa Fe,NM,USA,https://aestheticsofsantafe.com,aestheticsofsantafe.com,,,injectables,MedSpa,B,medium,web-search,W101-LaneB,direct-search,medium
B-W101-MS-0075,Mariposa Med Spa,Santa Fe,NM,USA,https://mariposamedspasf.com,mariposamedspasf.com,,,injectables,MedSpa,B,medium,web-search,W101-LaneB,direct-search,medium
MS-1288,ReBalance Medical Saskatoon,Saskatoon,,Canada,https://www.rebalancemedical.com,,,,,MedSpa,B,,,W95,,
MS-1289,Bella Sante MD Saskatoon,Saskatoon,,Canada,https://www.bellasanteclinic.com,,,,,MedSpa,B,,,W95,,
MS-1290,Midwest Laser Centre Saskatoon,Saskatoon,,Canada,https://www.midwestlasercentre.com,,,,,MedSpa,B,,,W95,,
MS-1351,YSK Aesthetics Saskatoon,Saskatoon,,Canada,https://yskaesthetics.com,,,,,MedSpa,B,,,W95,,
MS-1307,Bella Dea Medspa Spokane,Spokane,,USA,https://belladeaspokane.com,,,,,MedSpa,B,,,W95,,
MS-1397,Bella Luna MediSpa Springfield,Springfield,,USA,https://bellalunamedispa.com,,,,,MedSpa,B,,,W96,,
B-W101-MS-0034,417 Refine,Springfield,MO,USA,https://www.417-refine.com,417-refine.com,,,injectables,MedSpa,B,medium,web-search,W101-LaneB,direct-search,medium
B-W101-MS-0076,Bare Alchemy Spa,Springfield,MO,USA,https://www.bare417.com,bare417.com,,,skin,MedSpa,B,medium,web-search,W101-LaneB,direct-search,medium
MS-1380,NewBody NL,St. John's,,Canada,https://www.newbodynl.com,,,,,MedSpa,B,,,W96,,
B-W101-MS-0056,The Aesthetic Clinic by Fiona Sutherland,Stirling,Scotland,UK,https://www.aestheticclinicbyfiona.co.uk,aestheticclinicbyfiona.co.uk,,,injectables,MedSpa,B,medium,web-search,W101-LaneB,direct-search,medium
MS-1511,SKIN MediSpa Sudbury ON,Sudbury,,Canada,https://www.skinmedispa.ca,,,,,Botox/Filler/Laser,B,,,W98,,
MS-1512,West End Wellness Aesthetics Sudbury,Sudbury,,Canada,https://www.westendaesthetics.ca,,,,,Botox/Filler/Facial,B,,,W98,,
MS-1306,BC Laser and Skin Care Surrey,Surrey,,Canada,https://www.bclaserandskincare.com,,,,,MedSpa,B,,,W95,,
MS-1352,CüR Laser and Skin Surrey BC,Surrey,,Canada,https://www.curlaserandskin.com,,,,,MedSpa,B,,,W95,,
B-W101-MS-0022,MOBO Med Spa,Sylvania,OH,USA,https://northwestohio.mobomedspa.com,mobomedspa.com,,,injectables,MedSpa,B,medium,web-search,W101-LaneB,direct-search,medium
MS-1407,Most Beauty Syracuse,Syracuse,,USA,https://www.mostbeauty.org,,,,,MedSpa,B,,,W96,,
MS-1506,ONE Vida Syracuse NY,Syracuse,,USA,https://www.onevida.com,,,,,Botox/Filler/IV,B,,,W98,,
MS-1507,Medicine Based Beauty Syracuse,Syracuse,,USA,https://www.medicinebasedbeauty.com,,,,,Botox/Filler/Skincare,B,,,W98,,
B-W100-MS-0024,Adorned Aesthetics,Toowoomba,QLD,AU,https://adornedaesthetics.com.au,adornedaesthetics.com.au,,,injectables,MedSpa,B,78,WebSearch,W100-LaneB,manual-search,72
MS-1411,Facial Artistry Aesthetics Tucson,Tucson,,USA,https://facialartistryaesthetics.com,,,,,MedSpa,B,,,W96,,
MS-1412,Bespoke Beauty Tucson,Tucson,,USA,https://www.bespokebeautyusa.com,,,,,MedSpa,B,,,W96,,
MS-1481,Clinical Aesthetics of Tulsa,Tulsa,,USA,https://www.clinicalaestheticsoftulsa.com,,,,,Botox/Filler/Laser,B,,,W98,,
MS-1367,Vail Skin And Lashes,Vail,,USA,https://vailskinandlashes.com,,,,,MedSpa,B,,,W96,,
MS-1369,BioMed Spa Vail,Vail,,USA,https://www.biomedspavail.com,,,,,MedSpa,B,,,W96,,
MS-1303,Mediskin Victoria,Victoria,,Canada,https://www.mediskin.ca,,,,,MedSpa,B,,,W95,,
B-W101-MS-0051,AB Clinical,Warrington,Cheshire,UK,https://abclinical.co.uk,abclinical.co.uk,,,injectables,MedSpa,B,medium,web-search,W101-LaneB,direct-search,medium
MS-1396,Advanced Aesthetics Medi Spa West Springfield,West Springfield,,USA,https://www.vagaro.com/advancedaestheticsmedispa,,,,,MedSpa,B,,,W96,,
MS-1508,Revery Medical Aesthetics Windsor,Windsor,,Canada,https://www.reverymed.com,,,,,Botox/Filler/Laser,B,,,W98,,
MS-1509,LaSalle Aesthetics Windsor ON,Windsor,,Canada,https://www.lasalleaesthetics.com,,,,,Botox/Filler/Laser,B,,,W98,,
MS-1291,Simply Radiant Aesthetics Winnipeg,Winnipeg,,Canada,https://simplyradiantaesthetics.ca,,,,,MedSpa,B,,,W95,,
MS-1292,Enhance Medical Aesthetics Winnipeg,Winnipeg,,Canada,https://www.enhanceaesthetics.ca,,,,,MedSpa,B,,,W95,,
MS-1293,City Looks MediSpa Winnipeg,Winnipeg,,Canada,https://www.citylooks.ca,,,,,MedSpa,B,,,W95,,
MS-1294,First Glance Aesthetic Clinic Winnipeg,Winnipeg,,Canada,https://thefirstglance.ca,,,,,MedSpa,B,,,W95,,
MS-1362,Visage Cosmetic Clinic Winnipeg,Winnipeg,,Canada,https://www.visagecosmeticclinic.com,,,,,MedSpa,B,,,W95,,
MS-1394,Bellisimo Med Spa Worcester,Worcester,,USA,https://bellisimospa.com,,,,,MedSpa,B,,,W96,,
MS-1395,La Bella Medical Aesthetics Worcester,Worcester,,USA,https://labellaaesthetics.net,,,,,MedSpa,B,,,W96,,
MS-1430,WorcesterBTX,Worcester,,USA,https://worcesterbtx.com,,,,,MedSpa,B,,,W96,,
MS-1431,Ageless Medical Aesthetics MedSpa Worcester,Worcester,,USA,https://agelessinspired.com,,,,,MedSpa,B,,,W96,,
B-W103-MS-0020,Skin Aesthetics UK,Wrexham,Wales,UK,https://www.skinaestheticsuk.co.uk,,,,,,B,,,W103-LaneB,,
MS-1496,GOTOX Aesthetics Wellness Wyandotte,Wyandotte,,USA,https://www.gotoxaesthetics.com,,,,,Botox/Filler/HRT,B,,,W98,,
B-W101-MS-0003,Medical Aesthetics Ann Arbor,Ann Arbor,MI,USA,,medicalaestheticsannarbor.com,(734) 997-5170,,facial-aesthetics,MedSpa,C,medium,web-search,W101-LaneB,yelp,medium
B-W101-MS-0004,RevivajENNZ Medical Aesthetics,Ann Arbor,MI,USA,,revivajennz.com,(734) 407-7997,,injectables,MedSpa,C,medium,web-search,W101-LaneB,yelp,medium
B-W101-MS-0005,TEJMEEL Medical Spa,Ann Arbor,MI,USA,,tejmeel.com,(734) 999-0208,,anti-aging,MedSpa,C,medium,web-search,W101-LaneB,yelp,medium
B-W100-MS-0021,Aesthetika Ballarat,Ballarat,VIC,AU,,,+61 437 141 144,admin@aesthetikaballarat.com.au,injectables,MedSpa,C,80,WebSearch,W100-LaneB,manual-search,78
B-W101-MS-0007,Jiva Med Spa,Beavercreek,OH,USA,,jivabeauty.com,,,laser,MedSpa,C,medium,web-search,W101-LaneB,yelp,medium
B-W101-MS-0006,Pure Aesthetics Medical Spa,Dayton,OH,USA,,pureaestheticsmedspa.com,,,injectables,MedSpa,C,medium,web-search,W101-LaneB,direct-search,medium
B-W101-MS-0008,Spa Medicca,Dayton,OH,USA,,spamedicca.com,,,skin,MedSpa,C,medium,web-search,W101-LaneB,yelp,medium
B-W101-MS-0074,Skin Specialists of Fayetteville,Fayetteville,NC,USA,,skinspecialistsoffayetteville.com,,,injectables,MedSpa,C,medium,web-search,W101-LaneB,facebook,medium
B-W101-MS-0009,Belle Sante Med Spa,Fort Wayne,IN,USA,,bellesante.com,,,injectables,MedSpa,C,medium,web-search,W101-LaneB,yelp,medium
B-W101-MS-0010,Rejuva Medspa,Fort Wayne,IN,USA,,rejuvamedspa.com,,,laser,MedSpa,C,medium,web-search,W101-LaneB,facebook,medium
MS-1101,Elevate Medical Spa Jackson,Jackson,WY,USA,,,(307) 201-1744,,general,MedSpa,C,MEDIUM,Google Search,W4,,
B-W101-MS-0013,Monterey Aesthetics & Medical Spa,Monterey,CA,USA,,montereyaesthetics.com,(831) 705-3010,,injectables,MedSpa,C,medium,web-search,W101-LaneB,yelp,medium
